TensorBoard log directory: /home/blue-lobster/PycharmProjects/Model_California_Birds/outputs/output_20260308_224501/tensorboard
Launch with: tensorboard --logdir /home/blue-lobster/PycharmProjects/Model_California_Birds/outputs/output_20260308_224501/tensorboard
Number of classes: 657
Train batches: 863
Val batches: 152

===== Epoch 1/72 (LR: 2.80e-05) =====
  Train Batch [50/863] | Loss: 6.5116 | Top1: 0.0022 | Top5: 0.0128
  Train Batch [100/863] | Loss: 6.4961 | Top1: 0.0025 | Top5: 0.0128
  Train Batch [150/863] | Loss: 6.4748 | Top1: 0.0032 | Top5: 0.0155
  Train Batch [200/863] | Loss: 6.4413 | Top1: 0.0047 | Top5: 0.0207
  Train Batch [250/863] | Loss: 6.3804 | Top1: 0.0099 | Top5: 0.0318
  Train Batch [300/863] | Loss: 6.3130 | Top1: 0.0159 | Top5: 0.0483
  Train Batch [350/863] | Loss: 6.2415 | Top1: 0.0217 | Top5: 0.0624
  Train Batch [400/863] | Loss: 6.1731 | Top1: 0.0268 | Top5: 0.0755
  Train Batch [450/863] | Loss: 6.1010 | Top1: 0.0340 | Top5: 0.0923
  Train Batch [500/863] | Loss: 6.0320 | Top1: 0.0398 | Top5: 0.1061
  Train Batch [550/863] | Loss: 5.9740 | Top1: 0.0435 | Top5: 0.1154
  Train Batch [600/863] | Loss: 5.9137 | Top1: 0.0480 | Top5: 0.1245
  Train Batch [650/863] | Loss: 5.8454 | Top1: 0.0528 | Top5: 0.1345
  Train Batch [700/863] | Loss: 5.7784 | Top1: 0.0585 | Top5: 0.1465
  Train Batch [750/863] | Loss: 5.7302 | Top1: 0.0635 | Top5: 0.1566
  Train Batch [800/863] | Loss: 5.6707 | Top1: 0.0665 | Top5: 0.1619
  Train Batch [850/863] | Loss: 5.6141 | Top1: 0.0722 | Top5: 0.1740
  Train Batch [863/863] | Loss: 5.6017 | Top1: 0.0725 | Top5: 0.1750
  Train Epoch Time: 375.622s
  Val Batch [50/152] | Loss: 4.1225 | Top1: 0.2859 | Top5: 0.5834
  Val Batch [100/152] | Loss: 4.1066 | Top1: 0.2906 | Top5: 0.5881
  Val Batch [150/152] | Loss: 4.1150 | Top1: 0.2905 | Top5: 0.5850
  Val Batch [152/152] | Loss: 4.1152 | Top1: 0.2907 | Top5: 0.5851
  Val Epoch Time: 19.649s
Epoch [1/72] | Train Loss: 5.6017 | Train Top1: 0.0725 | Train Top5: 0.1750 | Val Loss: 4.1152 | Val Top1: 0.2907 | Val Top5: 0.5851 | LR: 2.80e-05 | Train Time: 375.622s | Val Time: 19.649s | Epoch Time: 395.270s
Saved best checkpoint to: /home/blue-lobster/PycharmProjects/Model_California_Birds/outputs/output_20260308_224501/checkpoints/vit_base_best.pth

===== Epoch 2/72 (LR: 5.95e-05) =====
  Train Batch [50/863] | Loss: 4.5333 | Top1: 0.1028 | Top5: 0.2328
  Train Batch [100/863] | Loss: 4.4578 | Top1: 0.1197 | Top5: 0.2506
  Train Batch [150/863] | Loss: 4.4440 | Top1: 0.1489 | Top5: 0.2924
  Train Batch [200/863] | Loss: 4.4382 | Top1: 0.1517 | Top5: 0.2966
  Train Batch [250/863] | Loss: 4.4245 | Top1: 0.1517 | Top5: 0.2999
  Train Batch [300/863] | Loss: 4.4039 | Top1: 0.1566 | Top5: 0.3083
  Train Batch [350/863] | Loss: 4.3835 | Top1: 0.1641 | Top5: 0.3208
  Train Batch [400/863] | Loss: 4.3607 | Top1: 0.1663 | Top5: 0.3217
  Train Batch [450/863] | Loss: 4.3189 | Top1: 0.1719 | Top5: 0.3306
  Train Batch [500/863] | Loss: 4.2966 | Top1: 0.1729 | Top5: 0.3322
  Train Batch [550/863] | Loss: 4.2924 | Top1: 0.1732 | Top5: 0.3320
  Train Batch [600/863] | Loss: 4.2736 | Top1: 0.1782 | Top5: 0.3399
  Train Batch [650/863] | Loss: 4.2601 | Top1: 0.1771 | Top5: 0.3376
  Train Batch [700/863] | Loss: 4.2388 | Top1: 0.1799 | Top5: 0.3402
  Train Batch [750/863] | Loss: 4.2220 | Top1: 0.1827 | Top5: 0.3441
  Train Batch [800/863] | Loss: 4.2146 | Top1: 0.1821 | Top5: 0.3427
  Train Batch [850/863] | Loss: 4.2080 | Top1: 0.1839 | Top5: 0.3451
  Train Batch [863/863] | Loss: 4.2067 | Top1: 0.1839 | Top5: 0.3448
  Train Epoch Time: 371.640s
  Val Batch [50/152] | Loss: 3.0336 | Top1: 0.4194 | Top5: 0.7113
  Val Batch [100/152] | Loss: 3.0314 | Top1: 0.4264 | Top5: 0.7159
  Val Batch [150/152] | Loss: 3.0385 | Top1: 0.4263 | Top5: 0.7116
  Val Batch [152/152] | Loss: 3.0383 | Top1: 0.4265 | Top5: 0.7116
  Val Epoch Time: 19.596s
Epoch [2/72] | Train Loss: 4.2067 | Train Top1: 0.1839 | Train Top5: 0.3448 | Val Loss: 3.0383 | Val Top1: 0.4265 | Val Top5: 0.7116 | LR: 5.95e-05 | Train Time: 371.640s | Val Time: 19.596s | Epoch Time: 391.236s
Saved best checkpoint to: /home/blue-lobster/PycharmProjects/Model_California_Birds/outputs/output_20260308_224501/checkpoints/vit_base_best.pth

===== Epoch 3/72 (LR: 1.48e-04) =====
  Train Batch [50/863] | Loss: 3.6186 | Top1: 0.2456 | Top5: 0.4241
  Train Batch [100/863] | Loss: 3.7873 | Top1: 0.2509 | Top5: 0.4294
  Train Batch [150/863] | Loss: 3.7949 | Top1: 0.2439 | Top5: 0.4203
  Train Batch [200/863] | Loss: 3.7941 | Top1: 0.2449 | Top5: 0.4214
  Train Batch [250/863] | Loss: 3.8086 | Top1: 0.2392 | Top5: 0.4136
  Train Batch [300/863] | Loss: 3.7970 | Top1: 0.2375 | Top5: 0.4110
  Train Batch [350/863] | Loss: 3.8032 | Top1: 0.2379 | Top5: 0.4115
  Train Batch [400/863] | Loss: 3.8097 | Top1: 0.2382 | Top5: 0.4114
  Train Batch [450/863] | Loss: 3.8094 | Top1: 0.2321 | Top5: 0.4001
  Train Batch [500/863] | Loss: 3.8166 | Top1: 0.2316 | Top5: 0.3995
  Train Batch [550/863] | Loss: 3.8258 | Top1: 0.2332 | Top5: 0.4029
  Train Batch [600/863] | Loss: 3.8346 | Top1: 0.2311 | Top5: 0.3998
  Train Batch [650/863] | Loss: 3.8396 | Top1: 0.2304 | Top5: 0.3982
  Train Batch [700/863] | Loss: 3.8318 | Top1: 0.2288 | Top5: 0.3965
  Train Batch [750/863] | Loss: 3.8228 | Top1: 0.2309 | Top5: 0.4008
  Train Batch [800/863] | Loss: 3.8171 | Top1: 0.2291 | Top5: 0.3982
  Train Batch [850/863] | Loss: 3.8218 | Top1: 0.2289 | Top5: 0.3980
  Train Batch [863/863] | Loss: 3.8259 | Top1: 0.2288 | Top5: 0.3983
  Train Epoch Time: 370.973s
  Val Batch [50/152] | Loss: 2.8604 | Top1: 0.4369 | Top5: 0.7097
  Val Batch [100/152] | Loss: 2.8327 | Top1: 0.4442 | Top5: 0.7188
  Val Batch [150/152] | Loss: 2.8401 | Top1: 0.4423 | Top5: 0.7140
  Val Batch [152/152] | Loss: 2.8388 | Top1: 0.4434 | Top5: 0.7143
  Val Epoch Time: 18.627s
Epoch [3/72] | Train Loss: 3.8259 | Train Top1: 0.2288 | Train Top5: 0.3983 | Val Loss: 2.8388 | Val Top1: 0.4434 | Val Top5: 0.7143 | LR: 1.48e-04 | Train Time: 370.973s | Val Time: 18.627s | Epoch Time: 389.599s
Saved best checkpoint to: /home/blue-lobster/PycharmProjects/Model_California_Birds/outputs/output_20260308_224501/checkpoints/vit_base_best.pth

===== Epoch 4/72 (LR: 2.77e-04) =====
  Train Batch [50/863] | Loss: 3.6473 | Top1: 0.2356 | Top5: 0.3978
  Train Batch [100/863] | Loss: 3.7112 | Top1: 0.2291 | Top5: 0.3805
  Train Batch [150/863] | Loss: 3.7633 | Top1: 0.2461 | Top5: 0.4097
  Train Batch [200/863] | Loss: 3.7550 | Top1: 0.2460 | Top5: 0.4119
  Train Batch [250/863] | Loss: 3.7794 | Top1: 0.2423 | Top5: 0.4096
  Train Batch [300/863] | Loss: 3.8099 | Top1: 0.2347 | Top5: 0.4001
  Train Batch [350/863] | Loss: 3.8078 | Top1: 0.2369 | Top5: 0.4069
  Train Batch [400/863] | Loss: 3.8032 | Top1: 0.2369 | Top5: 0.4086
  Train Batch [450/863] | Loss: 3.7998 | Top1: 0.2299 | Top5: 0.3976
  Train Batch [500/863] | Loss: 3.8081 | Top1: 0.2288 | Top5: 0.3955
  Train Batch [550/863] | Loss: 3.8208 | Top1: 0.2309 | Top5: 0.3996
  Train Batch [600/863] | Loss: 3.8315 | Top1: 0.2313 | Top5: 0.4013
  Train Batch [650/863] | Loss: 3.8404 | Top1: 0.2277 | Top5: 0.3961
  Train Batch [700/863] | Loss: 3.8405 | Top1: 0.2263 | Top5: 0.3941
  Train Batch [750/863] | Loss: 3.8414 | Top1: 0.2251 | Top5: 0.3919
  Train Batch [800/863] | Loss: 3.8406 | Top1: 0.2233 | Top5: 0.3891
  Train Batch [850/863] | Loss: 3.8584 | Top1: 0.2206 | Top5: 0.3851
  Train Batch [863/863] | Loss: 3.8630 | Top1: 0.2193 | Top5: 0.3833
  Train Epoch Time: 358.471s
  Val Batch [50/152] | Loss: 3.0225 | Top1: 0.4003 | Top5: 0.6737
  Val Batch [100/152] | Loss: 3.0150 | Top1: 0.3958 | Top5: 0.6758
  Val Batch [150/152] | Loss: 3.0000 | Top1: 0.4015 | Top5: 0.6802
  Val Batch [152/152] | Loss: 3.0003 | Top1: 0.4013 | Top5: 0.6799
  Val Epoch Time: 17.128s
Epoch [4/72] | Train Loss: 3.8630 | Train Top1: 0.2193 | Train Top5: 0.3833 | Val Loss: 3.0003 | Val Top1: 0.4013 | Val Top5: 0.6799 | LR: 2.77e-04 | Train Time: 358.471s | Val Time: 17.128s | Epoch Time: 375.599s

===== Epoch 5/72 (LR: 4.22e-04) =====
  Train Batch [50/863] | Loss: 4.0870 | Top1: 0.2150 | Top5: 0.3875
  Train Batch [100/863] | Loss: 3.9345 | Top1: 0.2305 | Top5: 0.4030
  Train Batch [150/863] | Loss: 3.8732 | Top1: 0.2443 | Top5: 0.4216
  Train Batch [200/863] | Loss: 3.8497 | Top1: 0.2463 | Top5: 0.4248
  Train Batch [250/863] | Loss: 3.8558 | Top1: 0.2409 | Top5: 0.4117
  Train Batch [300/863] | Loss: 3.8915 | Top1: 0.2423 | Top5: 0.4157
  Train Batch [350/863] | Loss: 3.8856 | Top1: 0.2384 | Top5: 0.4119
  Train Batch [400/863] | Loss: 3.9104 | Top1: 0.2333 | Top5: 0.4047
  Train Batch [450/863] | Loss: 3.9031 | Top1: 0.2284 | Top5: 0.3976
  Train Batch [500/863] | Loss: 3.9101 | Top1: 0.2285 | Top5: 0.3994
  Train Batch [550/863] | Loss: 3.9301 | Top1: 0.2243 | Top5: 0.3939
  Train Batch [600/863] | Loss: 3.9397 | Top1: 0.2211 | Top5: 0.3899
  Train Batch [650/863] | Loss: 3.9370 | Top1: 0.2189 | Top5: 0.3869
  Train Batch [700/863] | Loss: 3.9409 | Top1: 0.2175 | Top5: 0.3847
  Train Batch [750/863] | Loss: 3.9437 | Top1: 0.2167 | Top5: 0.3839
  Train Batch [800/863] | Loss: 3.9396 | Top1: 0.2158 | Top5: 0.3843
  Train Batch [850/863] | Loss: 3.9300 | Top1: 0.2158 | Top5: 0.3835
  Train Batch [863/863] | Loss: 3.9296 | Top1: 0.2162 | Top5: 0.3841
  Train Epoch Time: 352.503s
  Val Batch [50/152] | Loss: 3.1107 | Top1: 0.3719 | Top5: 0.6538
  Val Batch [100/152] | Loss: 3.0834 | Top1: 0.3833 | Top5: 0.6656
  Val Batch [150/152] | Loss: 3.0815 | Top1: 0.3867 | Top5: 0.6665
  Val Batch [152/152] | Loss: 3.0821 | Top1: 0.3868 | Top5: 0.6667
  Val Epoch Time: 19.609s
Epoch [5/72] | Train Loss: 3.9296 | Train Top1: 0.2162 | Train Top5: 0.3841 | Val Loss: 3.0821 | Val Top1: 0.3868 | Val Top5: 0.6667 | LR: 4.22e-04 | Train Time: 352.503s | Val Time: 19.609s | Epoch Time: 372.112s

===== Epoch 6/72 (LR: 5.57e-04) =====
  Train Batch [50/863] | Loss: 4.0253 | Top1: 0.2297 | Top5: 0.3897
  Train Batch [100/863] | Loss: 3.9623 | Top1: 0.2238 | Top5: 0.3881
  Train Batch [150/863] | Loss: 3.9978 | Top1: 0.2157 | Top5: 0.3791
  Train Batch [200/863] | Loss: 3.8919 | Top1: 0.2164 | Top5: 0.3773
  Train Batch [250/863] | Loss: 3.8772 | Top1: 0.2298 | Top5: 0.3991
  Train Batch [300/863] | Loss: 3.8985 | Top1: 0.2236 | Top5: 0.3915
  Train Batch [350/863] | Loss: 3.8918 | Top1: 0.2266 | Top5: 0.3959
  Train Batch [400/863] | Loss: 3.9216 | Top1: 0.2261 | Top5: 0.3971
  Train Batch [450/863] | Loss: 3.9177 | Top1: 0.2237 | Top5: 0.3928
  Train Batch [500/863] | Loss: 3.9257 | Top1: 0.2203 | Top5: 0.3880
  Train Batch [550/863] | Loss: 3.9306 | Top1: 0.2213 | Top5: 0.3911
  Train Batch [600/863] | Loss: 3.9446 | Top1: 0.2196 | Top5: 0.3883
  Train Batch [650/863] | Loss: 3.9535 | Top1: 0.2159 | Top5: 0.3812
  Train Batch [700/863] | Loss: 3.9525 | Top1: 0.2170 | Top5: 0.3828
  Train Batch [750/863] | Loss: 3.9547 | Top1: 0.2158 | Top5: 0.3802
  Train Batch [800/863] | Loss: 3.9604 | Top1: 0.2169 | Top5: 0.3827
  Train Batch [850/863] | Loss: 3.9636 | Top1: 0.2138 | Top5: 0.3781
  Train Batch [863/863] | Loss: 3.9554 | Top1: 0.2143 | Top5: 0.3787
  Train Epoch Time: 360.759s
  Val Batch [50/152] | Loss: 3.0284 | Top1: 0.4141 | Top5: 0.6650
  Val Batch [100/152] | Loss: 3.0301 | Top1: 0.4064 | Top5: 0.6697
  Val Batch [150/152] | Loss: 3.0402 | Top1: 0.4012 | Top5: 0.6681
  Val Batch [152/152] | Loss: 3.0408 | Top1: 0.4011 | Top5: 0.6678
  Val Epoch Time: 19.637s
Epoch [6/72] | Train Loss: 3.9554 | Train Top1: 0.2143 | Train Top5: 0.3787 | Val Loss: 3.0408 | Val Top1: 0.4011 | Val Top5: 0.6678 | LR: 5.57e-04 | Train Time: 360.759s | Val Time: 19.637s | Epoch Time: 380.396s

===== Epoch 7/72 (LR: 6.55e-04) =====
  Train Batch [50/863] | Loss: 3.8540 | Top1: 0.2341 | Top5: 0.4031
  Train Batch [100/863] | Loss: 3.8093 | Top1: 0.2430 | Top5: 0.4241
  Train Batch [150/863] | Loss: 3.8176 | Top1: 0.2424 | Top5: 0.4139
  Train Batch [200/863] | Loss: 3.8495 | Top1: 0.2366 | Top5: 0.4079
  Train Batch [250/863] | Loss: 3.8321 | Top1: 0.2244 | Top5: 0.3874
  Train Batch [300/863] | Loss: 3.8512 | Top1: 0.2194 | Top5: 0.3792
  Train Batch [350/863] | Loss: 3.8645 | Top1: 0.2188 | Top5: 0.3784
  Train Batch [400/863] | Loss: 3.8561 | Top1: 0.2187 | Top5: 0.3762
  Train Batch [450/863] | Loss: 3.8668 | Top1: 0.2140 | Top5: 0.3701
  Train Batch [500/863] | Loss: 3.8561 | Top1: 0.2141 | Top5: 0.3705
  Train Batch [550/863] | Loss: 3.8699 | Top1: 0.2165 | Top5: 0.3741
  Train Batch [600/863] | Loss: 3.8756 | Top1: 0.2130 | Top5: 0.3690
  Train Batch [650/863] | Loss: 3.9031 | Top1: 0.2119 | Top5: 0.3677
  Train Batch [700/863] | Loss: 3.9070 | Top1: 0.2142 | Top5: 0.3720
  Train Batch [750/863] | Loss: 3.9097 | Top1: 0.2163 | Top5: 0.3741
  Train Batch [800/863] | Loss: 3.8984 | Top1: 0.2179 | Top5: 0.3759
  Train Batch [850/863] | Loss: 3.9086 | Top1: 0.2183 | Top5: 0.3775
  Train Batch [863/863] | Loss: 3.9110 | Top1: 0.2177 | Top5: 0.3765
  Train Epoch Time: 372.977s
  Val Batch [50/152] | Loss: 2.8988 | Top1: 0.4247 | Top5: 0.6984
  Val Batch [100/152] | Loss: 2.9125 | Top1: 0.4259 | Top5: 0.6919
  Val Batch [150/152] | Loss: 2.9052 | Top1: 0.4328 | Top5: 0.6932
  Val Batch [152/152] | Loss: 2.9068 | Top1: 0.4329 | Top5: 0.6927
  Val Epoch Time: 19.754s
Epoch [7/72] | Train Loss: 3.9110 | Train Top1: 0.2177 | Train Top5: 0.3765 | Val Loss: 2.9068 | Val Top1: 0.4329 | Val Top5: 0.6927 | LR: 6.55e-04 | Train Time: 372.977s | Val Time: 19.754s | Epoch Time: 392.731s

===== Epoch 8/72 (LR: 6.99e-04) =====
  Train Batch [50/863] | Loss: 3.4652 | Top1: 0.2669 | Top5: 0.4153
  Train Batch [100/863] | Loss: 3.5838 | Top1: 0.2687 | Top5: 0.4323
  Train Batch [150/863] | Loss: 3.5658 | Top1: 0.2431 | Top5: 0.3955
  Train Batch [200/863] | Loss: 3.6360 | Top1: 0.2410 | Top5: 0.3959
  Train Batch [250/863] | Loss: 3.6641 | Top1: 0.2421 | Top5: 0.3992
  Train Batch [300/863] | Loss: 3.6504 | Top1: 0.2480 | Top5: 0.4066
  Train Batch [350/863] | Loss: 3.6552 | Top1: 0.2518 | Top5: 0.4142
  Train Batch [400/863] | Loss: 3.6394 | Top1: 0.2558 | Top5: 0.4202
  Train Batch [450/863] | Loss: 3.6674 | Top1: 0.2480 | Top5: 0.4092
  Train Batch [500/863] | Loss: 3.6950 | Top1: 0.2425 | Top5: 0.4008
  Train Batch [550/863] | Loss: 3.6989 | Top1: 0.2445 | Top5: 0.4030
  Train Batch [600/863] | Loss: 3.7024 | Top1: 0.2470 | Top5: 0.4060
  Train Batch [650/863] | Loss: 3.7158 | Top1: 0.2460 | Top5: 0.4057
  Train Batch [700/863] | Loss: 3.7334 | Top1: 0.2454 | Top5: 0.4060
  Train Batch [750/863] | Loss: 3.7452 | Top1: 0.2467 | Top5: 0.4091
  Train Batch [800/863] | Loss: 3.7428 | Top1: 0.2462 | Top5: 0.4089
  Train Batch [850/863] | Loss: 3.7506 | Top1: 0.2442 | Top5: 0.4058
  Train Batch [863/863] | Loss: 3.7518 | Top1: 0.2442 | Top5: 0.4057
  Train Epoch Time: 372.604s
  Val Batch [50/152] | Loss: 2.9257 | Top1: 0.4188 | Top5: 0.6809
  Val Batch [100/152] | Loss: 2.9373 | Top1: 0.4209 | Top5: 0.6809
  Val Batch [150/152] | Loss: 2.9294 | Top1: 0.4263 | Top5: 0.6827
  Val Batch [152/152] | Loss: 2.9316 | Top1: 0.4261 | Top5: 0.6827
  Val Epoch Time: 19.767s
Epoch [8/72] | Train Loss: 3.7518 | Train Top1: 0.2442 | Train Top5: 0.4057 | Val Loss: 2.9316 | Val Top1: 0.4261 | Val Top5: 0.6827 | LR: 6.99e-04 | Train Time: 372.604s | Val Time: 19.767s | Epoch Time: 392.372s

===== Epoch 9/72 (LR: 7.00e-04) =====
  Train Batch [50/863] | Loss: 3.6997 | Top1: 0.2300 | Top5: 0.3831
  Train Batch [100/863] | Loss: 3.6223 | Top1: 0.2316 | Top5: 0.3861
  Train Batch [150/863] | Loss: 3.6509 | Top1: 0.2485 | Top5: 0.4106
  Train Batch [200/863] | Loss: 3.6428 | Top1: 0.2451 | Top5: 0.4061
  Train Batch [250/863] | Loss: 3.6253 | Top1: 0.2489 | Top5: 0.4126
  Train Batch [300/863] | Loss: 3.6068 | Top1: 0.2519 | Top5: 0.4173
  Train Batch [350/863] | Loss: 3.6357 | Top1: 0.2476 | Top5: 0.4104
  Train Batch [400/863] | Loss: 3.6765 | Top1: 0.2426 | Top5: 0.4017
  Train Batch [450/863] | Loss: 3.6911 | Top1: 0.2409 | Top5: 0.3995
  Train Batch [500/863] | Loss: 3.7047 | Top1: 0.2410 | Top5: 0.4000
  Train Batch [550/863] | Loss: 3.6970 | Top1: 0.2401 | Top5: 0.3981
  Train Batch [600/863] | Loss: 3.6826 | Top1: 0.2408 | Top5: 0.3994
  Train Batch [650/863] | Loss: 3.7014 | Top1: 0.2416 | Top5: 0.4011
  Train Batch [700/863] | Loss: 3.6965 | Top1: 0.2412 | Top5: 0.4000
  Train Batch [750/863] | Loss: 3.6862 | Top1: 0.2397 | Top5: 0.3972
  Train Batch [800/863] | Loss: 3.6897 | Top1: 0.2372 | Top5: 0.3938
  Train Batch [850/863] | Loss: 3.6857 | Top1: 0.2349 | Top5: 0.3897
  Train Batch [863/863] | Loss: 3.6789 | Top1: 0.2335 | Top5: 0.3872
  Train Epoch Time: 350.500s
  Val Batch [50/152] | Loss: 2.7694 | Top1: 0.4541 | Top5: 0.7119
  Val Batch [100/152] | Loss: 2.7785 | Top1: 0.4569 | Top5: 0.7150
  Val Batch [150/152] | Loss: 2.7694 | Top1: 0.4579 | Top5: 0.7182
  Val Batch [152/152] | Loss: 2.7702 | Top1: 0.4577 | Top5: 0.7181
  Val Epoch Time: 18.510s
Epoch [9/72] | Train Loss: 3.6789 | Train Top1: 0.2335 | Train Top5: 0.3872 | Val Loss: 2.7702 | Val Top1: 0.4577 | Val Top5: 0.7181 | LR: 7.00e-04 | Train Time: 350.500s | Val Time: 18.510s | Epoch Time: 369.010s
Saved best checkpoint to: /home/blue-lobster/PycharmProjects/Model_California_Birds/outputs/output_20260308_224501/checkpoints/vit_base_best.pth

===== Epoch 10/72 (LR: 6.99e-04) =====
  Train Batch [50/863] | Loss: 3.6929 | Top1: 0.2241 | Top5: 0.3656
  Train Batch [100/863] | Loss: 3.5084 | Top1: 0.2516 | Top5: 0.4017
  Train Batch [150/863] | Loss: 3.4874 | Top1: 0.2580 | Top5: 0.4099
  Train Batch [200/863] | Loss: 3.5064 | Top1: 0.2625 | Top5: 0.4160
  Train Batch [250/863] | Loss: 3.5188 | Top1: 0.2656 | Top5: 0.4246
  Train Batch [300/863] | Loss: 3.5199 | Top1: 0.2677 | Top5: 0.4280
  Train Batch [350/863] | Loss: 3.5630 | Top1: 0.2753 | Top5: 0.4383
  Train Batch [400/863] | Loss: 3.5770 | Top1: 0.2770 | Top5: 0.4399
  Train Batch [450/863] | Loss: 3.5583 | Top1: 0.2755 | Top5: 0.4381
  Train Batch [500/863] | Loss: 3.5580 | Top1: 0.2708 | Top5: 0.4334
  Train Batch [550/863] | Loss: 3.5623 | Top1: 0.2698 | Top5: 0.4326
  Train Batch [600/863] | Loss: 3.5628 | Top1: 0.2704 | Top5: 0.4337
  Train Batch [650/863] | Loss: 3.5806 | Top1: 0.2703 | Top5: 0.4341
  Train Batch [700/863] | Loss: 3.5669 | Top1: 0.2718 | Top5: 0.4345
  Train Batch [750/863] | Loss: 3.5641 | Top1: 0.2748 | Top5: 0.4387
  Train Batch [800/863] | Loss: 3.5565 | Top1: 0.2739 | Top5: 0.4375
  Train Batch [850/863] | Loss: 3.5549 | Top1: 0.2734 | Top5: 0.4369
  Train Batch [863/863] | Loss: 3.5632 | Top1: 0.2722 | Top5: 0.4358
  Train Epoch Time: 350.210s
  Val Batch [50/152] | Loss: 2.6673 | Top1: 0.4853 | Top5: 0.7294
  Val Batch [100/152] | Loss: 2.6880 | Top1: 0.4794 | Top5: 0.7294
  Val Batch [150/152] | Loss: 2.6825 | Top1: 0.4789 | Top5: 0.7302
  Val Batch [152/152] | Loss: 2.6814 | Top1: 0.4794 | Top5: 0.7304
  Val Epoch Time: 18.538s
Epoch [10/72] | Train Loss: 3.5632 | Train Top1: 0.2722 | Train Top5: 0.4358 | Val Loss: 2.6814 | Val Top1: 0.4794 | Val Top5: 0.7304 | LR: 6.99e-04 | Train Time: 350.210s | Val Time: 18.538s | Epoch Time: 368.748s
Saved best checkpoint to: /home/blue-lobster/PycharmProjects/Model_California_Birds/outputs/output_20260308_224501/checkpoints/vit_base_best.pth

===== Epoch 11/72 (LR: 6.97e-04) =====
  Train Batch [50/863] | Loss: 3.2112 | Top1: 0.3741 | Top5: 0.5484
  Train Batch [100/863] | Loss: 3.1107 | Top1: 0.3364 | Top5: 0.4969
  Train Batch [150/863] | Loss: 3.2908 | Top1: 0.3078 | Top5: 0.4639
  Train Batch [200/863] | Loss: 3.3795 | Top1: 0.2827 | Top5: 0.4377
  Train Batch [250/863] | Loss: 3.3846 | Top1: 0.2701 | Top5: 0.4208
  Train Batch [300/863] | Loss: 3.3382 | Top1: 0.2774 | Top5: 0.4297
  Train Batch [350/863] | Loss: 3.3533 | Top1: 0.2796 | Top5: 0.4319
  Train Batch [400/863] | Loss: 3.3438 | Top1: 0.2839 | Top5: 0.4387
  Train Batch [450/863] | Loss: 3.3588 | Top1: 0.2859 | Top5: 0.4425
  Train Batch [500/863] | Loss: 3.4035 | Top1: 0.2800 | Top5: 0.4346
  Train Batch [550/863] | Loss: 3.4154 | Top1: 0.2774 | Top5: 0.4310
  Train Batch [600/863] | Loss: 3.3917 | Top1: 0.2772 | Top5: 0.4311
  Train Batch [650/863] | Loss: 3.4051 | Top1: 0.2795 | Top5: 0.4341
  Train Batch [700/863] | Loss: 3.4034 | Top1: 0.2795 | Top5: 0.4338
  Train Batch [750/863] | Loss: 3.4072 | Top1: 0.2834 | Top5: 0.4395
  Train Batch [800/863] | Loss: 3.4075 | Top1: 0.2848 | Top5: 0.4411
  Train Batch [850/863] | Loss: 3.4063 | Top1: 0.2877 | Top5: 0.4447
  Train Batch [863/863] | Loss: 3.4091 | Top1: 0.2885 | Top5: 0.4461
  Train Epoch Time: 351.540s
  Val Batch [50/152] | Loss: 2.6114 | Top1: 0.4872 | Top5: 0.7456
  Val Batch [100/152] | Loss: 2.6266 | Top1: 0.4913 | Top5: 0.7425
  Val Batch [150/152] | Loss: 2.6337 | Top1: 0.4895 | Top5: 0.7406
  Val Batch [152/152] | Loss: 2.6338 | Top1: 0.4902 | Top5: 0.7411
  Val Epoch Time: 17.317s
Epoch [11/72] | Train Loss: 3.4091 | Train Top1: 0.2885 | Train Top5: 0.4461 | Val Loss: 2.6338 | Val Top1: 0.4902 | Val Top5: 0.7411 | LR: 6.97e-04 | Train Time: 351.540s | Val Time: 17.317s | Epoch Time: 368.857s
Saved best checkpoint to: /home/blue-lobster/PycharmProjects/Model_California_Birds/outputs/output_20260308_224501/checkpoints/vit_base_best.pth

===== Epoch 12/72 (LR: 6.94e-04) =====
  Train Batch [50/863] | Loss: 3.4744 | Top1: 0.3281 | Top5: 0.4916
  Train Batch [100/863] | Loss: 3.3712 | Top1: 0.3402 | Top5: 0.5205
  Train Batch [150/863] | Loss: 3.3599 | Top1: 0.3384 | Top5: 0.5103
  Train Batch [200/863] | Loss: 3.3400 | Top1: 0.3472 | Top5: 0.5197
  Train Batch [250/863] | Loss: 3.3177 | Top1: 0.3268 | Top5: 0.4897
  Train Batch [300/863] | Loss: 3.2330 | Top1: 0.3211 | Top5: 0.4777
  Train Batch [350/863] | Loss: 3.2662 | Top1: 0.3137 | Top5: 0.4704
  Train Batch [400/863] | Loss: 3.2859 | Top1: 0.3150 | Top5: 0.4719
  Train Batch [450/863] | Loss: 3.3048 | Top1: 0.3094 | Top5: 0.4660
  Train Batch [500/863] | Loss: 3.3175 | Top1: 0.3057 | Top5: 0.4617
  Train Batch [550/863] | Loss: 3.3169 | Top1: 0.3051 | Top5: 0.4623
  Train Batch [600/863] | Loss: 3.3314 | Top1: 0.3009 | Top5: 0.4573
  Train Batch [650/863] | Loss: 3.3167 | Top1: 0.2993 | Top5: 0.4544
  Train Batch [700/863] | Loss: 3.3305 | Top1: 0.3013 | Top5: 0.4575
  Train Batch [750/863] | Loss: 3.3482 | Top1: 0.3008 | Top5: 0.4569
  Train Batch [800/863] | Loss: 3.3582 | Top1: 0.3004 | Top5: 0.4567
  Train Batch [850/863] | Loss: 3.3733 | Top1: 0.3007 | Top5: 0.4574
  Train Batch [863/863] | Loss: 3.3711 | Top1: 0.3011 | Top5: 0.4577
  Train Epoch Time: 321.326s
  Val Batch [50/152] | Loss: 2.5348 | Top1: 0.5088 | Top5: 0.7644
  Val Batch [100/152] | Loss: 2.5489 | Top1: 0.5088 | Top5: 0.7608
  Val Batch [150/152] | Loss: 2.5533 | Top1: 0.5088 | Top5: 0.7604
  Val Batch [152/152] | Loss: 2.5542 | Top1: 0.5090 | Top5: 0.7598
  Val Epoch Time: 17.047s
Epoch [12/72] | Train Loss: 3.3711 | Train Top1: 0.3011 | Train Top5: 0.4577 | Val Loss: 2.5542 | Val Top1: 0.5090 | Val Top5: 0.7598 | LR: 6.94e-04 | Train Time: 321.326s | Val Time: 17.047s | Epoch Time: 338.374s
Saved best checkpoint to: /home/blue-lobster/PycharmProjects/Model_California_Birds/outputs/output_20260308_224501/checkpoints/vit_base_best.pth

===== Epoch 13/72 (LR: 6.91e-04) =====
  Train Batch [50/863] | Loss: 3.1793 | Top1: 0.3309 | Top5: 0.4744
  Train Batch [100/863] | Loss: 3.2553 | Top1: 0.3261 | Top5: 0.4756
  Train Batch [150/863] | Loss: 3.2133 | Top1: 0.3193 | Top5: 0.4645
  Train Batch [200/863] | Loss: 3.1676 | Top1: 0.3341 | Top5: 0.4870
  Train Batch [250/863] | Loss: 3.1670 | Top1: 0.3453 | Top5: 0.5019
  Train Batch [300/863] | Loss: 3.1494 | Top1: 0.3391 | Top5: 0.4960
  Train Batch [350/863] | Loss: 3.1411 | Top1: 0.3387 | Top5: 0.4958
  Train Batch [400/863] | Loss: 3.1445 | Top1: 0.3389 | Top5: 0.4967
  Train Batch [450/863] | Loss: 3.1385 | Top1: 0.3376 | Top5: 0.4936
  Train Batch [500/863] | Loss: 3.1608 | Top1: 0.3321 | Top5: 0.4874
  Train Batch [550/863] | Loss: 3.1508 | Top1: 0.3292 | Top5: 0.4827
  Train Batch [600/863] | Loss: 3.1608 | Top1: 0.3235 | Top5: 0.4765
  Train Batch [650/863] | Loss: 3.1735 | Top1: 0.3256 | Top5: 0.4799
  Train Batch [700/863] | Loss: 3.1932 | Top1: 0.3259 | Top5: 0.4814
  Train Batch [750/863] | Loss: 3.1997 | Top1: 0.3250 | Top5: 0.4807
  Train Batch [800/863] | Loss: 3.2136 | Top1: 0.3221 | Top5: 0.4779
  Train Batch [850/863] | Loss: 3.2132 | Top1: 0.3210 | Top5: 0.4765
  Train Batch [863/863] | Loss: 3.2149 | Top1: 0.3195 | Top5: 0.4747
  Train Epoch Time: 321.484s
  Val Batch [50/152] | Loss: 2.5762 | Top1: 0.5059 | Top5: 0.7481
  Val Batch [100/152] | Loss: 2.5691 | Top1: 0.5077 | Top5: 0.7522
  Val Batch [150/152] | Loss: 2.5653 | Top1: 0.5112 | Top5: 0.7546
  Val Batch [152/152] | Loss: 2.5657 | Top1: 0.5107 | Top5: 0.7546
  Val Epoch Time: 16.974s
Epoch [13/72] | Train Loss: 3.2149 | Train Top1: 0.3195 | Train Top5: 0.4747 | Val Loss: 2.5657 | Val Top1: 0.5107 | Val Top5: 0.7546 | LR: 6.91e-04 | Train Time: 321.484s | Val Time: 16.974s | Epoch Time: 338.458s
Saved best checkpoint to: /home/blue-lobster/PycharmProjects/Model_California_Birds/outputs/output_20260308_224501/checkpoints/vit_base_best.pth

===== Epoch 14/72 (LR: 6.86e-04) =====
  Train Batch [50/863] | Loss: 3.0746 | Top1: 0.3650 | Top5: 0.5138
  Train Batch [100/863] | Loss: 3.1596 | Top1: 0.3503 | Top5: 0.5027
  Train Batch [150/863] | Loss: 3.1601 | Top1: 0.3590 | Top5: 0.5191
  Train Batch [200/863] | Loss: 3.2071 | Top1: 0.3344 | Top5: 0.4898
  Train Batch [250/863] | Loss: 3.1617 | Top1: 0.3421 | Top5: 0.4968
  Train Batch [300/863] | Loss: 3.1061 | Top1: 0.3544 | Top5: 0.5077
  Train Batch [350/863] | Loss: 3.1149 | Top1: 0.3525 | Top5: 0.5063
  Train Batch [400/863] | Loss: 3.1180 | Top1: 0.3512 | Top5: 0.5053
  Train Batch [450/863] | Loss: 3.1158 | Top1: 0.3538 | Top5: 0.5093
  Train Batch [500/863] | Loss: 3.1373 | Top1: 0.3570 | Top5: 0.5159
  Train Batch [550/863] | Loss: 3.1553 | Top1: 0.3516 | Top5: 0.5118
  Train Batch [600/863] | Loss: 3.1778 | Top1: 0.3498 | Top5: 0.5111
  Train Batch [650/863] | Loss: 3.1753 | Top1: 0.3451 | Top5: 0.5047
  Train Batch [700/863] | Loss: 3.1650 | Top1: 0.3445 | Top5: 0.5038
  Train Batch [750/863] | Loss: 3.1648 | Top1: 0.3390 | Top5: 0.4961
  Train Batch [800/863] | Loss: 3.1646 | Top1: 0.3358 | Top5: 0.4929
  Train Batch [850/863] | Loss: 3.1720 | Top1: 0.3320 | Top5: 0.4882
  Train Batch [863/863] | Loss: 3.1787 | Top1: 0.3314 | Top5: 0.4878
  Train Epoch Time: 321.650s
  Val Batch [50/152] | Loss: 2.4509 | Top1: 0.5363 | Top5: 0.7700
  Val Batch [100/152] | Loss: 2.4851 | Top1: 0.5316 | Top5: 0.7655
  Val Batch [150/152] | Loss: 2.4728 | Top1: 0.5312 | Top5: 0.7693
  Val Batch [152/152] | Loss: 2.4722 | Top1: 0.5316 | Top5: 0.7696
  Val Epoch Time: 17.037s
Epoch [14/72] | Train Loss: 3.1787 | Train Top1: 0.3314 | Train Top5: 0.4878 | Val Loss: 2.4722 | Val Top1: 0.5316 | Val Top5: 0.7696 | LR: 6.86e-04 | Train Time: 321.650s | Val Time: 17.037s | Epoch Time: 338.686s
Saved best checkpoint to: /home/blue-lobster/PycharmProjects/Model_California_Birds/outputs/output_20260308_224501/checkpoints/vit_base_best.pth

===== Epoch 15/72 (LR: 6.81e-04) =====
  Train Batch [50/863] | Loss: 3.0009 | Top1: 0.3500 | Top5: 0.5103
  Train Batch [100/863] | Loss: 2.9461 | Top1: 0.3745 | Top5: 0.5314
  Train Batch [150/863] | Loss: 2.8833 | Top1: 0.3746 | Top5: 0.5352
  Train Batch [200/863] | Loss: 2.9068 | Top1: 0.3516 | Top5: 0.5063
  Train Batch [250/863] | Loss: 2.9185 | Top1: 0.3548 | Top5: 0.5109
  Train Batch [300/863] | Loss: 2.9368 | Top1: 0.3642 | Top5: 0.5242
  Train Batch [350/863] | Loss: 2.9669 | Top1: 0.3588 | Top5: 0.5174
  Train Batch [400/863] | Loss: 2.9857 | Top1: 0.3599 | Top5: 0.5180
  Train Batch [450/863] | Loss: 2.9681 | Top1: 0.3639 | Top5: 0.5226
  Train Batch [500/863] | Loss: 2.9635 | Top1: 0.3571 | Top5: 0.5126
  Train Batch [550/863] | Loss: 2.9637 | Top1: 0.3571 | Top5: 0.5126
  Train Batch [600/863] | Loss: 2.9821 | Top1: 0.3519 | Top5: 0.5064
  Train Batch [650/863] | Loss: 3.0053 | Top1: 0.3521 | Top5: 0.5082
  Train Batch [700/863] | Loss: 3.0072 | Top1: 0.3496 | Top5: 0.5043
  Train Batch [750/863] | Loss: 3.0068 | Top1: 0.3508 | Top5: 0.5068
  Train Batch [800/863] | Loss: 3.0131 | Top1: 0.3487 | Top5: 0.5042
  Train Batch [850/863] | Loss: 3.0202 | Top1: 0.3474 | Top5: 0.5026
  Train Batch [863/863] | Loss: 3.0188 | Top1: 0.3481 | Top5: 0.5032
  Train Epoch Time: 325.662s
  Val Batch [50/152] | Loss: 2.5025 | Top1: 0.5316 | Top5: 0.7650
  Val Batch [100/152] | Loss: 2.4956 | Top1: 0.5342 | Top5: 0.7703
  Val Batch [150/152] | Loss: 2.4867 | Top1: 0.5345 | Top5: 0.7733
  Val Batch [152/152] | Loss: 2.4869 | Top1: 0.5345 | Top5: 0.7732
  Val Epoch Time: 17.086s
Epoch [15/72] | Train Loss: 3.0188 | Train Top1: 0.3481 | Train Top5: 0.5032 | Val Loss: 2.4869 | Val Top1: 0.5345 | Val Top5: 0.7732 | LR: 6.81e-04 | Train Time: 325.662s | Val Time: 17.086s | Epoch Time: 342.748s
Saved best checkpoint to: /home/blue-lobster/PycharmProjects/Model_California_Birds/outputs/output_20260308_224501/checkpoints/vit_base_best.pth

===== Epoch 16/72 (LR: 6.75e-04) =====
  Train Batch [50/863] | Loss: 3.0420 | Top1: 0.3244 | Top5: 0.4637
  Train Batch [100/863] | Loss: 3.0178 | Top1: 0.3527 | Top5: 0.5017
  Train Batch [150/863] | Loss: 2.9840 | Top1: 0.3495 | Top5: 0.4942
  Train Batch [200/863] | Loss: 3.0422 | Top1: 0.3387 | Top5: 0.4849
  Train Batch [250/863] | Loss: 2.9396 | Top1: 0.3328 | Top5: 0.4768
  Train Batch [300/863] | Loss: 2.9581 | Top1: 0.3287 | Top5: 0.4709
  Train Batch [350/863] | Loss: 2.9609 | Top1: 0.3280 | Top5: 0.4699
  Train Batch [400/863] | Loss: 2.9678 | Top1: 0.3274 | Top5: 0.4699
  Train Batch [450/863] | Loss: 2.9878 | Top1: 0.3302 | Top5: 0.4753
  Train Batch [500/863] | Loss: 2.9419 | Top1: 0.3354 | Top5: 0.4797
  Train Batch [550/863] | Loss: 2.9352 | Top1: 0.3351 | Top5: 0.4799
  Train Batch [600/863] | Loss: 2.9423 | Top1: 0.3307 | Top5: 0.4738
  Train Batch [650/863] | Loss: 2.9446 | Top1: 0.3348 | Top5: 0.4796
  Train Batch [700/863] | Loss: 2.9517 | Top1: 0.3298 | Top5: 0.4729
  Train Batch [750/863] | Loss: 2.9551 | Top1: 0.3300 | Top5: 0.4732
  Train Batch [800/863] | Loss: 2.9784 | Top1: 0.3307 | Top5: 0.4746
  Train Batch [850/863] | Loss: 2.9962 | Top1: 0.3338 | Top5: 0.4789
  Train Batch [863/863] | Loss: 2.9986 | Top1: 0.3347 | Top5: 0.4803
  Train Epoch Time: 321.510s
  Val Batch [50/152] | Loss: 2.4801 | Top1: 0.5341 | Top5: 0.7769
  Val Batch [100/152] | Loss: 2.4809 | Top1: 0.5341 | Top5: 0.7788
  Val Batch [150/152] | Loss: 2.4749 | Top1: 0.5359 | Top5: 0.7769
  Val Batch [152/152] | Loss: 2.4758 | Top1: 0.5359 | Top5: 0.7766
  Val Epoch Time: 17.007s
Epoch [16/72] | Train Loss: 2.9986 | Train Top1: 0.3347 | Train Top5: 0.4803 | Val Loss: 2.4758 | Val Top1: 0.5359 | Val Top5: 0.7766 | LR: 6.75e-04 | Train Time: 321.510s | Val Time: 17.007s | Epoch Time: 338.517s
Saved best checkpoint to: /home/blue-lobster/PycharmProjects/Model_California_Birds/outputs/output_20260308_224501/checkpoints/vit_base_best.pth

===== Epoch 17/72 (LR: 6.69e-04) =====
  Train Batch [50/863] | Loss: 2.8696 | Top1: 0.3516 | Top5: 0.4847
  Train Batch [100/863] | Loss: 2.9093 | Top1: 0.3969 | Top5: 0.5461
  Train Batch [150/863] | Loss: 2.8785 | Top1: 0.3851 | Top5: 0.5309
  Train Batch [200/863] | Loss: 2.9107 | Top1: 0.3613 | Top5: 0.5005
  Train Batch [250/863] | Loss: 2.8680 | Top1: 0.3679 | Top5: 0.5074
  Train Batch [300/863] | Loss: 2.9458 | Top1: 0.3701 | Top5: 0.5122
  Train Batch [350/863] | Loss: 2.9450 | Top1: 0.3729 | Top5: 0.5173
  Train Batch [400/863] | Loss: 2.9278 | Top1: 0.3713 | Top5: 0.5162
  Train Batch [450/863] | Loss: 2.9301 | Top1: 0.3752 | Top5: 0.5216
  Train Batch [500/863] | Loss: 2.9270 | Top1: 0.3794 | Top5: 0.5271
  Train Batch [550/863] | Loss: 2.9231 | Top1: 0.3809 | Top5: 0.5303
  Train Batch [600/863] | Loss: 2.9169 | Top1: 0.3822 | Top5: 0.5319
  Train Batch [650/863] | Loss: 2.9146 | Top1: 0.3799 | Top5: 0.5288
  Train Batch [700/863] | Loss: 2.9172 | Top1: 0.3812 | Top5: 0.5311
  Train Batch [750/863] | Loss: 2.9309 | Top1: 0.3811 | Top5: 0.5317
  Train Batch [800/863] | Loss: 2.9316 | Top1: 0.3770 | Top5: 0.5267
  Train Batch [850/863] | Loss: 2.9329 | Top1: 0.3798 | Top5: 0.5306
  Train Batch [863/863] | Loss: 2.9330 | Top1: 0.3804 | Top5: 0.5315
  Train Epoch Time: 321.626s
  Val Batch [50/152] | Loss: 2.4461 | Top1: 0.5406 | Top5: 0.7788
  Val Batch [100/152] | Loss: 2.4262 | Top1: 0.5437 | Top5: 0.7856
  Val Batch [150/152] | Loss: 2.4260 | Top1: 0.5460 | Top5: 0.7859
  Val Batch [152/152] | Loss: 2.4264 | Top1: 0.5459 | Top5: 0.7858
  Val Epoch Time: 17.018s
Epoch [17/72] | Train Loss: 2.9330 | Train Top1: 0.3804 | Train Top5: 0.5315 | Val Loss: 2.4264 | Val Top1: 0.5459 | Val Top5: 0.7858 | LR: 6.69e-04 | Train Time: 321.626s | Val Time: 17.018s | Epoch Time: 338.644s
Saved best checkpoint to: /home/blue-lobster/PycharmProjects/Model_California_Birds/outputs/output_20260308_224501/checkpoints/vit_base_best.pth

===== Epoch 18/72 (LR: 6.61e-04) =====
  Train Batch [50/863] | Loss: 2.7414 | Top1: 0.4159 | Top5: 0.5691
  Train Batch [100/863] | Loss: 2.6786 | Top1: 0.4159 | Top5: 0.5578
  Train Batch [150/863] | Loss: 2.7126 | Top1: 0.4064 | Top5: 0.5541
  Train Batch [200/863] | Loss: 2.7232 | Top1: 0.3921 | Top5: 0.5376
  Train Batch [250/863] | Loss: 2.7782 | Top1: 0.3907 | Top5: 0.5364
  Train Batch [300/863] | Loss: 2.7781 | Top1: 0.3952 | Top5: 0.5452
  Train Batch [350/863] | Loss: 2.8299 | Top1: 0.3900 | Top5: 0.5413
  Train Batch [400/863] | Loss: 2.8640 | Top1: 0.3854 | Top5: 0.5370
  Train Batch [450/863] | Loss: 2.8687 | Top1: 0.3868 | Top5: 0.5378
  Train Batch [500/863] | Loss: 2.8691 | Top1: 0.3865 | Top5: 0.5383
  Train Batch [550/863] | Loss: 2.8726 | Top1: 0.3863 | Top5: 0.5392
  Train Batch [600/863] | Loss: 2.8690 | Top1: 0.3855 | Top5: 0.5382
  Train Batch [650/863] | Loss: 2.8791 | Top1: 0.3837 | Top5: 0.5368
  Train Batch [700/863] | Loss: 2.8610 | Top1: 0.3849 | Top5: 0.5367
  Train Batch [750/863] | Loss: 2.8512 | Top1: 0.3816 | Top5: 0.5316
  Train Batch [800/863] | Loss: 2.8717 | Top1: 0.3757 | Top5: 0.5249
  Train Batch [850/863] | Loss: 2.8656 | Top1: 0.3762 | Top5: 0.5241
  Train Batch [863/863] | Loss: 2.8706 | Top1: 0.3751 | Top5: 0.5223
  Train Epoch Time: 327.066s
  Val Batch [50/152] | Loss: 2.4770 | Top1: 0.5491 | Top5: 0.7822
  Val Batch [100/152] | Loss: 2.4766 | Top1: 0.5519 | Top5: 0.7788
  Val Batch [150/152] | Loss: 2.4813 | Top1: 0.5519 | Top5: 0.7768
  Val Batch [152/152] | Loss: 2.4817 | Top1: 0.5521 | Top5: 0.7767
  Val Epoch Time: 16.991s
Epoch [18/72] | Train Loss: 2.8706 | Train Top1: 0.3751 | Train Top5: 0.5223 | Val Loss: 2.4817 | Val Top1: 0.5521 | Val Top5: 0.7767 | LR: 6.61e-04 | Train Time: 327.066s | Val Time: 16.991s | Epoch Time: 344.058s
Saved best checkpoint to: /home/blue-lobster/PycharmProjects/Model_California_Birds/outputs/output_20260308_224501/checkpoints/vit_base_best.pth

===== Epoch 19/72 (LR: 6.53e-04) =====
  Train Batch [50/863] | Loss: 2.7632 | Top1: 0.4213 | Top5: 0.5647
  Train Batch [100/863] | Loss: 2.8032 | Top1: 0.4295 | Top5: 0.5800
  Train Batch [150/863] | Loss: 2.8011 | Top1: 0.4210 | Top5: 0.5671
  Train Batch [200/863] | Loss: 2.7617 | Top1: 0.4095 | Top5: 0.5493
  Train Batch [250/863] | Loss: 2.7447 | Top1: 0.3954 | Top5: 0.5314
  Train Batch [300/863] | Loss: 2.7527 | Top1: 0.3989 | Top5: 0.5388
  Train Batch [350/863] | Loss: 2.7504 | Top1: 0.3965 | Top5: 0.5359
  Train Batch [400/863] | Loss: 2.7320 | Top1: 0.3861 | Top5: 0.5239
  Train Batch [450/863] | Loss: 2.7323 | Top1: 0.3899 | Top5: 0.5296
  Train Batch [500/863] | Loss: 2.7288 | Top1: 0.3873 | Top5: 0.5260
  Train Batch [550/863] | Loss: 2.7304 | Top1: 0.3803 | Top5: 0.5176
  Train Batch [600/863] | Loss: 2.7384 | Top1: 0.3806 | Top5: 0.5198
  Train Batch [650/863] | Loss: 2.7539 | Top1: 0.3813 | Top5: 0.5227
  Train Batch [700/863] | Loss: 2.7563 | Top1: 0.3809 | Top5: 0.5224
  Train Batch [750/863] | Loss: 2.7514 | Top1: 0.3789 | Top5: 0.5193
  Train Batch [800/863] | Loss: 2.7530 | Top1: 0.3801 | Top5: 0.5220
  Train Batch [850/863] | Loss: 2.7659 | Top1: 0.3793 | Top5: 0.5221
  Train Batch [863/863] | Loss: 2.7700 | Top1: 0.3764 | Top5: 0.5188
  Train Epoch Time: 369.742s
  Val Batch [50/152] | Loss: 2.3892 | Top1: 0.5669 | Top5: 0.7847
  Val Batch [100/152] | Loss: 2.4051 | Top1: 0.5636 | Top5: 0.7836
  Val Batch [150/152] | Loss: 2.3996 | Top1: 0.5618 | Top5: 0.7873
  Val Batch [152/152] | Loss: 2.4008 | Top1: 0.5621 | Top5: 0.7870
  Val Epoch Time: 19.569s
Epoch [19/72] | Train Loss: 2.7700 | Train Top1: 0.3764 | Train Top5: 0.5188 | Val Loss: 2.4008 | Val Top1: 0.5621 | Val Top5: 0.7870 | LR: 6.53e-04 | Train Time: 369.742s | Val Time: 19.569s | Epoch Time: 389.311s
Saved best checkpoint to: /home/blue-lobster/PycharmProjects/Model_California_Birds/outputs/output_20260308_224501/checkpoints/vit_base_best.pth

===== Epoch 20/72 (LR: 6.44e-04) =====
  Train Batch [50/863] | Loss: 2.4677 | Top1: 0.4684 | Top5: 0.6150
  Train Batch [100/863] | Loss: 2.5750 | Top1: 0.4411 | Top5: 0.5864
  Train Batch [150/863] | Loss: 2.5916 | Top1: 0.4114 | Top5: 0.5528
  Train Batch [200/863] | Loss: 2.6593 | Top1: 0.3974 | Top5: 0.5391
  Train Batch [250/863] | Loss: 2.6568 | Top1: 0.3941 | Top5: 0.5318
  Train Batch [300/863] | Loss: 2.6699 | Top1: 0.3971 | Top5: 0.5333
  Train Batch [350/863] | Loss: 2.7016 | Top1: 0.4037 | Top5: 0.5415
  Train Batch [400/863] | Loss: 2.6837 | Top1: 0.4015 | Top5: 0.5379
  Train Batch [450/863] | Loss: 2.7215 | Top1: 0.3912 | Top5: 0.5275
  Train Batch [500/863] | Loss: 2.7111 | Top1: 0.3934 | Top5: 0.5293
  Train Batch [550/863] | Loss: 2.7047 | Top1: 0.3909 | Top5: 0.5248
  Train Batch [600/863] | Loss: 2.6943 | Top1: 0.3953 | Top5: 0.5301
  Train Batch [650/863] | Loss: 2.6963 | Top1: 0.3953 | Top5: 0.5309
  Train Batch [700/863] | Loss: 2.6878 | Top1: 0.3947 | Top5: 0.5312
  Train Batch [750/863] | Loss: 2.7099 | Top1: 0.3921 | Top5: 0.5285
  Train Batch [800/863] | Loss: 2.7226 | Top1: 0.3910 | Top5: 0.5279
  Train Batch [850/863] | Loss: 2.7204 | Top1: 0.3936 | Top5: 0.5317
  Train Batch [863/863] | Loss: 2.7257 | Top1: 0.3940 | Top5: 0.5326
  Train Epoch Time: 369.832s
  Val Batch [50/152] | Loss: 2.3656 | Top1: 0.5606 | Top5: 0.7878
  Val Batch [100/152] | Loss: 2.3792 | Top1: 0.5623 | Top5: 0.7895
  Val Batch [150/152] | Loss: 2.3742 | Top1: 0.5629 | Top5: 0.7906
  Val Batch [152/152] | Loss: 2.3754 | Top1: 0.5627 | Top5: 0.7902
  Val Epoch Time: 18.807s
Epoch [20/72] | Train Loss: 2.7257 | Train Top1: 0.3940 | Train Top5: 0.5326 | Val Loss: 2.3754 | Val Top1: 0.5627 | Val Top5: 0.7902 | LR: 6.44e-04 | Train Time: 369.832s | Val Time: 18.807s | Epoch Time: 388.638s
Saved best checkpoint to: /home/blue-lobster/PycharmProjects/Model_California_Birds/outputs/output_20260308_224501/checkpoints/vit_base_best.pth

===== Epoch 21/72 (LR: 6.35e-04) =====
  Train Batch [50/863] | Loss: 2.4345 | Top1: 0.4322 | Top5: 0.5619
  Train Batch [100/863] | Loss: 2.6508 | Top1: 0.3977 | Top5: 0.5262
  Train Batch [150/863] | Loss: 2.5541 | Top1: 0.3877 | Top5: 0.5099
  Train Batch [200/863] | Loss: 2.6220 | Top1: 0.3892 | Top5: 0.5147
  Train Batch [250/863] | Loss: 2.6189 | Top1: 0.3974 | Top5: 0.5252
  Train Batch [300/863] | Loss: 2.6318 | Top1: 0.3982 | Top5: 0.5280
  Train Batch [350/863] | Loss: 2.6153 | Top1: 0.3898 | Top5: 0.5160
  Train Batch [400/863] | Loss: 2.5942 | Top1: 0.3976 | Top5: 0.5235
  Train Batch [450/863] | Loss: 2.6326 | Top1: 0.4002 | Top5: 0.5284
  Train Batch [500/863] | Loss: 2.6496 | Top1: 0.4013 | Top5: 0.5319
  Train Batch [550/863] | Loss: 2.6311 | Top1: 0.4032 | Top5: 0.5337
  Train Batch [600/863] | Loss: 2.6792 | Top1: 0.4014 | Top5: 0.5354
  Train Batch [650/863] | Loss: 2.6718 | Top1: 0.3995 | Top5: 0.5322
  Train Batch [700/863] | Loss: 2.6708 | Top1: 0.3997 | Top5: 0.5322
  Train Batch [750/863] | Loss: 2.6656 | Top1: 0.4044 | Top5: 0.5378
  Train Batch [800/863] | Loss: 2.6726 | Top1: 0.4014 | Top5: 0.5351
  Train Batch [850/863] | Loss: 2.6564 | Top1: 0.4021 | Top5: 0.5363
  Train Batch [863/863] | Loss: 2.6554 | Top1: 0.4019 | Top5: 0.5359
  Train Epoch Time: 357.044s
  Val Batch [50/152] | Loss: 2.4068 | Top1: 0.5587 | Top5: 0.7834
  Val Batch [100/152] | Loss: 2.3979 | Top1: 0.5625 | Top5: 0.7870
  Val Batch [150/152] | Loss: 2.3870 | Top1: 0.5636 | Top5: 0.7916
  Val Batch [152/152] | Loss: 2.3874 | Top1: 0.5639 | Top5: 0.7915
  Val Epoch Time: 18.801s
Epoch [21/72] | Train Loss: 2.6554 | Train Top1: 0.4019 | Train Top5: 0.5359 | Val Loss: 2.3874 | Val Top1: 0.5639 | Val Top5: 0.7915 | LR: 6.35e-04 | Train Time: 357.044s | Val Time: 18.801s | Epoch Time: 375.846s
Saved best checkpoint to: /home/blue-lobster/PycharmProjects/Model_California_Birds/outputs/output_20260308_224501/checkpoints/vit_base_best.pth

===== Epoch 22/72 (LR: 6.25e-04) =====
  Train Batch [50/863] | Loss: 2.6003 | Top1: 0.4744 | Top5: 0.6069
  Train Batch [100/863] | Loss: 2.6959 | Top1: 0.4673 | Top5: 0.6047
  Train Batch [150/863] | Loss: 2.6398 | Top1: 0.4308 | Top5: 0.5624
  Train Batch [200/863] | Loss: 2.5869 | Top1: 0.4250 | Top5: 0.5541
  Train Batch [250/863] | Loss: 2.6010 | Top1: 0.4274 | Top5: 0.5581
  Train Batch [300/863] | Loss: 2.5594 | Top1: 0.4455 | Top5: 0.5773
  Train Batch [350/863] | Loss: 2.5640 | Top1: 0.4402 | Top5: 0.5709
  Train Batch [400/863] | Loss: 2.5930 | Top1: 0.4309 | Top5: 0.5614
  Train Batch [450/863] | Loss: 2.5925 | Top1: 0.4358 | Top5: 0.5692
  Train Batch [500/863] | Loss: 2.5964 | Top1: 0.4327 | Top5: 0.5658
  Train Batch [550/863] | Loss: 2.6067 | Top1: 0.4305 | Top5: 0.5627
  Train Batch [600/863] | Loss: 2.5998 | Top1: 0.4303 | Top5: 0.5637
  Train Batch [650/863] | Loss: 2.6111 | Top1: 0.4251 | Top5: 0.5575
  Train Batch [700/863] | Loss: 2.6099 | Top1: 0.4231 | Top5: 0.5557
  Train Batch [750/863] | Loss: 2.6167 | Top1: 0.4244 | Top5: 0.5578
  Train Batch [800/863] | Loss: 2.6125 | Top1: 0.4264 | Top5: 0.5600
  Train Batch [850/863] | Loss: 2.6293 | Top1: 0.4258 | Top5: 0.5611
  Train Batch [863/863] | Loss: 2.6245 | Top1: 0.4270 | Top5: 0.5625
  Train Epoch Time: 357.911s
  Val Batch [50/152] | Loss: 2.3744 | Top1: 0.5663 | Top5: 0.7972
  Val Batch [100/152] | Loss: 2.3858 | Top1: 0.5722 | Top5: 0.7959
  Val Batch [150/152] | Loss: 2.3739 | Top1: 0.5739 | Top5: 0.7970
  Val Batch [152/152] | Loss: 2.3735 | Top1: 0.5737 | Top5: 0.7970
  Val Epoch Time: 18.837s
Epoch [22/72] | Train Loss: 2.6245 | Train Top1: 0.4270 | Train Top5: 0.5625 | Val Loss: 2.3735 | Val Top1: 0.5737 | Val Top5: 0.7970 | LR: 6.25e-04 | Train Time: 357.911s | Val Time: 18.837s | Epoch Time: 376.748s
Saved best checkpoint to: /home/blue-lobster/PycharmProjects/Model_California_Birds/outputs/output_20260308_224501/checkpoints/vit_base_best.pth

===== Epoch 23/72 (LR: 6.14e-04) =====
  Train Batch [50/863] | Loss: 2.5118 | Top1: 0.3509 | Top5: 0.4566
  Train Batch [100/863] | Loss: 2.5529 | Top1: 0.3870 | Top5: 0.5003
  Train Batch [150/863] | Loss: 2.6225 | Top1: 0.3928 | Top5: 0.5164
  Train Batch [200/863] | Loss: 2.6242 | Top1: 0.4006 | Top5: 0.5252
  Train Batch [250/863] | Loss: 2.6238 | Top1: 0.3846 | Top5: 0.5038
  Train Batch [300/863] | Loss: 2.6115 | Top1: 0.4029 | Top5: 0.5238
  Train Batch [350/863] | Loss: 2.5726 | Top1: 0.4063 | Top5: 0.5252
  Train Batch [400/863] | Loss: 2.5326 | Top1: 0.4088 | Top5: 0.5283
  Train Batch [450/863] | Loss: 2.5468 | Top1: 0.4159 | Top5: 0.5379
  Train Batch [500/863] | Loss: 2.5178 | Top1: 0.4185 | Top5: 0.5404
  Train Batch [550/863] | Loss: 2.5363 | Top1: 0.4118 | Top5: 0.5357
  Train Batch [600/863] | Loss: 2.5468 | Top1: 0.4156 | Top5: 0.5410
  Train Batch [650/863] | Loss: 2.5448 | Top1: 0.4141 | Top5: 0.5399
  Train Batch [700/863] | Loss: 2.5424 | Top1: 0.4158 | Top5: 0.5423
  Train Batch [750/863] | Loss: 2.5254 | Top1: 0.4124 | Top5: 0.5382
  Train Batch [800/863] | Loss: 2.5250 | Top1: 0.4125 | Top5: 0.5384
  Train Batch [850/863] | Loss: 2.5264 | Top1: 0.4094 | Top5: 0.5352
  Train Batch [863/863] | Loss: 2.5263 | Top1: 0.4084 | Top5: 0.5341
  Train Epoch Time: 356.939s
  Val Batch [50/152] | Loss: 2.3449 | Top1: 0.5687 | Top5: 0.7969
  Val Batch [100/152] | Loss: 2.3747 | Top1: 0.5672 | Top5: 0.7942
  Val Batch [150/152] | Loss: 2.3568 | Top1: 0.5727 | Top5: 0.7953
  Val Batch [152/152] | Loss: 2.3584 | Top1: 0.5726 | Top5: 0.7950
  Val Epoch Time: 18.808s
Epoch [23/72] | Train Loss: 2.5263 | Train Top1: 0.4084 | Train Top5: 0.5341 | Val Loss: 2.3584 | Val Top1: 0.5726 | Val Top5: 0.7950 | LR: 6.14e-04 | Train Time: 356.939s | Val Time: 18.808s | Epoch Time: 375.746s

===== Epoch 24/72 (LR: 6.02e-04) =====
  Train Batch [50/863] | Loss: 2.5362 | Top1: 0.4716 | Top5: 0.6031
  Train Batch [100/863] | Loss: 2.4004 | Top1: 0.4358 | Top5: 0.5522
  Train Batch [150/863] | Loss: 2.4468 | Top1: 0.4541 | Top5: 0.5719
  Train Batch [200/863] | Loss: 2.5539 | Top1: 0.4697 | Top5: 0.5956
  Train Batch [250/863] | Loss: 2.5375 | Top1: 0.4643 | Top5: 0.5902
  Train Batch [300/863] | Loss: 2.4941 | Top1: 0.4736 | Top5: 0.5985
  Train Batch [350/863] | Loss: 2.4670 | Top1: 0.4713 | Top5: 0.5960
  Train Batch [400/863] | Loss: 2.4994 | Top1: 0.4770 | Top5: 0.6050
  Train Batch [450/863] | Loss: 2.5038 | Top1: 0.4681 | Top5: 0.5950
  Train Batch [500/863] | Loss: 2.5357 | Top1: 0.4616 | Top5: 0.5910
  Train Batch [550/863] | Loss: 2.5381 | Top1: 0.4579 | Top5: 0.5874
  Train Batch [600/863] | Loss: 2.5434 | Top1: 0.4526 | Top5: 0.5813
  Train Batch [650/863] | Loss: 2.5343 | Top1: 0.4486 | Top5: 0.5770
  Train Batch [700/863] | Loss: 2.5453 | Top1: 0.4423 | Top5: 0.5703
  Train Batch [750/863] | Loss: 2.5278 | Top1: 0.4431 | Top5: 0.5709
  Train Batch [800/863] | Loss: 2.5302 | Top1: 0.4427 | Top5: 0.5711
  Train Batch [850/863] | Loss: 2.5265 | Top1: 0.4426 | Top5: 0.5716
  Train Batch [863/863] | Loss: 2.5273 | Top1: 0.4435 | Top5: 0.5727
  Train Epoch Time: 357.295s
  Val Batch [50/152] | Loss: 2.3834 | Top1: 0.5666 | Top5: 0.7928
  Val Batch [100/152] | Loss: 2.4042 | Top1: 0.5716 | Top5: 0.7925
  Val Batch [150/152] | Loss: 2.3876 | Top1: 0.5734 | Top5: 0.7937
  Val Batch [152/152] | Loss: 2.3897 | Top1: 0.5736 | Top5: 0.7934
  Val Epoch Time: 18.781s
Epoch [24/72] | Train Loss: 2.5273 | Train Top1: 0.4435 | Train Top5: 0.5727 | Val Loss: 2.3897 | Val Top1: 0.5736 | Val Top5: 0.7934 | LR: 6.02e-04 | Train Time: 357.295s | Val Time: 18.781s | Epoch Time: 376.075s

===== Epoch 25/72 (LR: 5.90e-04) =====
  Train Batch [50/863] | Loss: 2.3834 | Top1: 0.4916 | Top5: 0.6034
  Train Batch [100/863] | Loss: 2.4128 | Top1: 0.5095 | Top5: 0.6264
  Train Batch [150/863] | Loss: 2.4052 | Top1: 0.4974 | Top5: 0.6144
  Train Batch [200/863] | Loss: 2.4009 | Top1: 0.4774 | Top5: 0.5984
  Train Batch [250/863] | Loss: 2.3707 | Top1: 0.4770 | Top5: 0.5956
  Train Batch [300/863] | Loss: 2.4004 | Top1: 0.4662 | Top5: 0.5856
  Train Batch [350/863] | Loss: 2.3768 | Top1: 0.4696 | Top5: 0.5879
  Train Batch [400/863] | Loss: 2.3885 | Top1: 0.4682 | Top5: 0.5879
  Train Batch [450/863] | Loss: 2.3859 | Top1: 0.4724 | Top5: 0.5916
  Train Batch [500/863] | Loss: 2.4057 | Top1: 0.4824 | Top5: 0.6038
  Train Batch [550/863] | Loss: 2.4249 | Top1: 0.4780 | Top5: 0.6003
  Train Batch [600/863] | Loss: 2.4140 | Top1: 0.4783 | Top5: 0.6015
  Train Batch [650/863] | Loss: 2.4069 | Top1: 0.4759 | Top5: 0.5992
  Train Batch [700/863] | Loss: 2.4078 | Top1: 0.4778 | Top5: 0.6010
  Train Batch [750/863] | Loss: 2.4077 | Top1: 0.4809 | Top5: 0.6048
  Train Batch [800/863] | Loss: 2.4041 | Top1: 0.4793 | Top5: 0.6034
  Train Batch [850/863] | Loss: 2.4199 | Top1: 0.4733 | Top5: 0.5977
  Train Batch [863/863] | Loss: 2.4161 | Top1: 0.4701 | Top5: 0.5940
  Train Epoch Time: 328.682s
  Val Batch [50/152] | Loss: 2.3451 | Top1: 0.5775 | Top5: 0.8019
  Val Batch [100/152] | Loss: 2.3464 | Top1: 0.5811 | Top5: 0.8016
  Val Batch [150/152] | Loss: 2.3260 | Top1: 0.5839 | Top5: 0.8039
  Val Batch [152/152] | Loss: 2.3285 | Top1: 0.5833 | Top5: 0.8036
  Val Epoch Time: 17.267s
Epoch [25/72] | Train Loss: 2.4161 | Train Top1: 0.4701 | Train Top5: 0.5940 | Val Loss: 2.3285 | Val Top1: 0.5833 | Val Top5: 0.8036 | LR: 5.90e-04 | Train Time: 328.682s | Val Time: 17.267s | Epoch Time: 345.949s
Saved best checkpoint to: /home/blue-lobster/PycharmProjects/Model_California_Birds/outputs/output_20260308_224501/checkpoints/vit_base_best.pth

===== Epoch 26/72 (LR: 5.78e-04) =====
  Train Batch [50/863] | Loss: 2.4217 | Top1: 0.4713 | Top5: 0.5906
  Train Batch [100/863] | Loss: 2.4064 | Top1: 0.5098 | Top5: 0.6264
  Train Batch [150/863] | Loss: 2.4049 | Top1: 0.4952 | Top5: 0.6124
  Train Batch [200/863] | Loss: 2.4996 | Top1: 0.4537 | Top5: 0.5734
  Train Batch [250/863] | Loss: 2.5345 | Top1: 0.4598 | Top5: 0.5824
  Train Batch [300/863] | Loss: 2.4571 | Top1: 0.4798 | Top5: 0.6040
  Train Batch [350/863] | Loss: 2.4353 | Top1: 0.4657 | Top5: 0.5884
  Train Batch [400/863] | Loss: 2.4186 | Top1: 0.4586 | Top5: 0.5806
  Train Batch [450/863] | Loss: 2.3944 | Top1: 0.4690 | Top5: 0.5908
  Train Batch [500/863] | Loss: 2.3989 | Top1: 0.4698 | Top5: 0.5913
  Train Batch [550/863] | Loss: 2.3913 | Top1: 0.4703 | Top5: 0.5908
  Train Batch [600/863] | Loss: 2.3970 | Top1: 0.4688 | Top5: 0.5899
  Train Batch [650/863] | Loss: 2.4040 | Top1: 0.4657 | Top5: 0.5870
  Train Batch [700/863] | Loss: 2.4136 | Top1: 0.4627 | Top5: 0.5850
  Train Batch [750/863] | Loss: 2.4134 | Top1: 0.4686 | Top5: 0.5926
  Train Batch [800/863] | Loss: 2.4074 | Top1: 0.4688 | Top5: 0.5921
  Train Batch [850/863] | Loss: 2.4201 | Top1: 0.4631 | Top5: 0.5860
  Train Batch [863/863] | Loss: 2.4237 | Top1: 0.4612 | Top5: 0.5847
  Train Epoch Time: 327.467s
  Val Batch [50/152] | Loss: 2.3463 | Top1: 0.5784 | Top5: 0.7941
  Val Batch [100/152] | Loss: 2.3572 | Top1: 0.5794 | Top5: 0.7961
  Val Batch [150/152] | Loss: 2.3388 | Top1: 0.5845 | Top5: 0.8001
  Val Batch [152/152] | Loss: 2.3400 | Top1: 0.5844 | Top5: 0.7994
  Val Epoch Time: 17.255s
Epoch [26/72] | Train Loss: 2.4237 | Train Top1: 0.4612 | Train Top5: 0.5847 | Val Loss: 2.3400 | Val Top1: 0.5844 | Val Top5: 0.7994 | LR: 5.78e-04 | Train Time: 327.467s | Val Time: 17.255s | Epoch Time: 344.722s
Saved best checkpoint to: /home/blue-lobster/PycharmProjects/Model_California_Birds/outputs/output_20260308_224501/checkpoints/vit_base_best.pth

===== Epoch 27/72 (LR: 5.64e-04) =====
  Train Batch [50/863] | Loss: 2.1659 | Top1: 0.5531 | Top5: 0.6741
  Train Batch [100/863] | Loss: 2.1889 | Top1: 0.5441 | Top5: 0.6608
  Train Batch [150/863] | Loss: 2.2723 | Top1: 0.4843 | Top5: 0.6001
  Train Batch [200/863] | Loss: 2.2663 | Top1: 0.4841 | Top5: 0.5977
  Train Batch [250/863] | Loss: 2.2837 | Top1: 0.4863 | Top5: 0.6019
  Train Batch [300/863] | Loss: 2.2899 | Top1: 0.4826 | Top5: 0.5961
  Train Batch [350/863] | Loss: 2.3049 | Top1: 0.4838 | Top5: 0.5999
  Train Batch [400/863] | Loss: 2.3279 | Top1: 0.4829 | Top5: 0.6012
  Train Batch [450/863] | Loss: 2.3369 | Top1: 0.4871 | Top5: 0.6059
  Train Batch [500/863] | Loss: 2.3318 | Top1: 0.4909 | Top5: 0.6087
  Train Batch [550/863] | Loss: 2.3350 | Top1: 0.4890 | Top5: 0.6065
  Train Batch [600/863] | Loss: 2.3452 | Top1: 0.4904 | Top5: 0.6098
  Train Batch [650/863] | Loss: 2.3754 | Top1: 0.4842 | Top5: 0.6056
  Train Batch [700/863] | Loss: 2.3603 | Top1: 0.4829 | Top5: 0.6038
  Train Batch [750/863] | Loss: 2.3499 | Top1: 0.4790 | Top5: 0.5986
  Train Batch [800/863] | Loss: 2.3514 | Top1: 0.4846 | Top5: 0.6049
  Train Batch [850/863] | Loss: 2.3589 | Top1: 0.4806 | Top5: 0.6017
  Train Batch [863/863] | Loss: 2.3552 | Top1: 0.4805 | Top5: 0.6014
  Train Epoch Time: 327.453s
  Val Batch [50/152] | Loss: 2.3269 | Top1: 0.5834 | Top5: 0.8003
  Val Batch [100/152] | Loss: 2.3298 | Top1: 0.5887 | Top5: 0.8025
  Val Batch [150/152] | Loss: 2.3146 | Top1: 0.5907 | Top5: 0.8046
  Val Batch [152/152] | Loss: 2.3167 | Top1: 0.5905 | Top5: 0.8046
  Val Epoch Time: 17.234s
Epoch [27/72] | Train Loss: 2.3552 | Train Top1: 0.4805 | Train Top5: 0.6014 | Val Loss: 2.3167 | Val Top1: 0.5905 | Val Top5: 0.8046 | LR: 5.64e-04 | Train Time: 327.453s | Val Time: 17.234s | Epoch Time: 344.686s
Saved best checkpoint to: /home/blue-lobster/PycharmProjects/Model_California_Birds/outputs/output_20260308_224501/checkpoints/vit_base_best.pth

===== Epoch 28/72 (LR: 5.51e-04) =====
  Train Batch [50/863] | Loss: 2.2127 | Top1: 0.4694 | Top5: 0.5822
  Train Batch [100/863] | Loss: 2.3467 | Top1: 0.4691 | Top5: 0.5822
  Train Batch [150/863] | Loss: 2.3131 | Top1: 0.4857 | Top5: 0.5986
  Train Batch [200/863] | Loss: 2.3445 | Top1: 0.4727 | Top5: 0.5889
  Train Batch [250/863] | Loss: 2.3112 | Top1: 0.4591 | Top5: 0.5736
  Train Batch [300/863] | Loss: 2.3187 | Top1: 0.4512 | Top5: 0.5655
  Train Batch [350/863] | Loss: 2.3168 | Top1: 0.4623 | Top5: 0.5774
  Train Batch [400/863] | Loss: 2.2932 | Top1: 0.4607 | Top5: 0.5740
  Train Batch [450/863] | Loss: 2.3116 | Top1: 0.4631 | Top5: 0.5768
  Train Batch [500/863] | Loss: 2.3062 | Top1: 0.4582 | Top5: 0.5713
  Train Batch [550/863] | Loss: 2.2979 | Top1: 0.4655 | Top5: 0.5780
  Train Batch [600/863] | Loss: 2.3018 | Top1: 0.4613 | Top5: 0.5732
  Train Batch [650/863] | Loss: 2.3354 | Top1: 0.4622 | Top5: 0.5769
  Train Batch [700/863] | Loss: 2.3261 | Top1: 0.4613 | Top5: 0.5762
  Train Batch [750/863] | Loss: 2.3289 | Top1: 0.4625 | Top5: 0.5781
  Train Batch [800/863] | Loss: 2.3400 | Top1: 0.4653 | Top5: 0.5824
  Train Batch [850/863] | Loss: 2.3371 | Top1: 0.4674 | Top5: 0.5842
  Train Batch [863/863] | Loss: 2.3319 | Top1: 0.4671 | Top5: 0.5838
  Train Epoch Time: 327.290s
  Val Batch [50/152] | Loss: 2.3078 | Top1: 0.5922 | Top5: 0.8097
  Val Batch [100/152] | Loss: 2.3121 | Top1: 0.5927 | Top5: 0.8080
  Val Batch [150/152] | Loss: 2.3007 | Top1: 0.5989 | Top5: 0.8105
  Val Batch [152/152] | Loss: 2.3014 | Top1: 0.5988 | Top5: 0.8100
  Val Epoch Time: 17.237s
Epoch [28/72] | Train Loss: 2.3319 | Train Top1: 0.4671 | Train Top5: 0.5838 | Val Loss: 2.3014 | Val Top1: 0.5988 | Val Top5: 0.8100 | LR: 5.51e-04 | Train Time: 327.290s | Val Time: 17.237s | Epoch Time: 344.527s
Saved best checkpoint to: /home/blue-lobster/PycharmProjects/Model_California_Birds/outputs/output_20260308_224501/checkpoints/vit_base_best.pth

===== Epoch 29/72 (LR: 5.37e-04) =====
  Train Batch [50/863] | Loss: 2.1081 | Top1: 0.5363 | Top5: 0.6294
  Train Batch [100/863] | Loss: 2.1141 | Top1: 0.5452 | Top5: 0.6455
  Train Batch [150/863] | Loss: 2.1865 | Top1: 0.5161 | Top5: 0.6200
  Train Batch [200/863] | Loss: 2.2614 | Top1: 0.5079 | Top5: 0.6177
  Train Batch [250/863] | Loss: 2.2319 | Top1: 0.5048 | Top5: 0.6143
  Train Batch [300/863] | Loss: 2.2661 | Top1: 0.4839 | Top5: 0.5973
  Train Batch [350/863] | Loss: 2.2724 | Top1: 0.4861 | Top5: 0.5996
  Train Batch [400/863] | Loss: 2.2822 | Top1: 0.4841 | Top5: 0.5978
  Train Batch [450/863] | Loss: 2.2887 | Top1: 0.4860 | Top5: 0.5996
  Train Batch [500/863] | Loss: 2.3085 | Top1: 0.4803 | Top5: 0.5955
  Train Batch [550/863] | Loss: 2.2988 | Top1: 0.4884 | Top5: 0.6039
  Train Batch [600/863] | Loss: 2.2769 | Top1: 0.4915 | Top5: 0.6057
  Train Batch [650/863] | Loss: 2.2925 | Top1: 0.4885 | Top5: 0.6036
  Train Batch [700/863] | Loss: 2.2878 | Top1: 0.4932 | Top5: 0.6088
  Train Batch [750/863] | Loss: 2.2945 | Top1: 0.4935 | Top5: 0.6093
  Train Batch [800/863] | Loss: 2.2879 | Top1: 0.4885 | Top5: 0.6035
  Train Batch [850/863] | Loss: 2.2874 | Top1: 0.4863 | Top5: 0.6011
  Train Batch [863/863] | Loss: 2.2837 | Top1: 0.4856 | Top5: 0.6001
  Train Epoch Time: 335.334s
  Val Batch [50/152] | Loss: 2.3459 | Top1: 0.5925 | Top5: 0.7981
  Val Batch [100/152] | Loss: 2.3558 | Top1: 0.5911 | Top5: 0.8009
  Val Batch [150/152] | Loss: 2.3448 | Top1: 0.5940 | Top5: 0.8035
  Val Batch [152/152] | Loss: 2.3443 | Top1: 0.5945 | Top5: 0.8036
  Val Epoch Time: 17.735s
Epoch [29/72] | Train Loss: 2.2837 | Train Top1: 0.4856 | Train Top5: 0.6001 | Val Loss: 2.3443 | Val Top1: 0.5945 | Val Top5: 0.8036 | LR: 5.37e-04 | Train Time: 335.334s | Val Time: 17.735s | Epoch Time: 353.069s

===== Epoch 30/72 (LR: 5.22e-04) =====
  Train Batch [50/863] | Loss: 2.1224 | Top1: 0.5900 | Top5: 0.6956
  Train Batch [100/863] | Loss: 2.1791 | Top1: 0.5672 | Top5: 0.6845
  Train Batch [150/863] | Loss: 2.1466 | Top1: 0.5516 | Top5: 0.6606
  Train Batch [200/863] | Loss: 2.2641 | Top1: 0.5291 | Top5: 0.6430
  Train Batch [250/863] | Loss: 2.2800 | Top1: 0.5281 | Top5: 0.6435
  Train Batch [300/863] | Loss: 2.2675 | Top1: 0.5277 | Top5: 0.6436
  Train Batch [350/863] | Loss: 2.2485 | Top1: 0.5318 | Top5: 0.6476
  Train Batch [400/863] | Loss: 2.2544 | Top1: 0.5168 | Top5: 0.6336
  Train Batch [450/863] | Loss: 2.2428 | Top1: 0.5227 | Top5: 0.6395
  Train Batch [500/863] | Loss: 2.2478 | Top1: 0.5186 | Top5: 0.6342
  Train Batch [550/863] | Loss: 2.2478 | Top1: 0.5138 | Top5: 0.6287
  Train Batch [600/863] | Loss: 2.2252 | Top1: 0.5111 | Top5: 0.6246
  Train Batch [650/863] | Loss: 2.2295 | Top1: 0.5161 | Top5: 0.6307
  Train Batch [700/863] | Loss: 2.2229 | Top1: 0.5125 | Top5: 0.6267
  Train Batch [750/863] | Loss: 2.2258 | Top1: 0.5085 | Top5: 0.6226
  Train Batch [800/863] | Loss: 2.2205 | Top1: 0.5060 | Top5: 0.6194
  Train Batch [850/863] | Loss: 2.2319 | Top1: 0.5055 | Top5: 0.6193
  Train Batch [863/863] | Loss: 2.2299 | Top1: 0.5037 | Top5: 0.6170
  Train Epoch Time: 358.408s
  Val Batch [50/152] | Loss: 2.2878 | Top1: 0.5981 | Top5: 0.8094
  Val Batch [100/152] | Loss: 2.2971 | Top1: 0.6042 | Top5: 0.8098
  Val Batch [150/152] | Loss: 2.2810 | Top1: 0.6053 | Top5: 0.8110
  Val Batch [152/152] | Loss: 2.2814 | Top1: 0.6052 | Top5: 0.8111
  Val Epoch Time: 19.539s
Epoch [30/72] | Train Loss: 2.2299 | Train Top1: 0.5037 | Train Top5: 0.6170 | Val Loss: 2.2814 | Val Top1: 0.6052 | Val Top5: 0.8111 | LR: 5.22e-04 | Train Time: 358.408s | Val Time: 19.539s | Epoch Time: 377.947s
Saved best checkpoint to: /home/blue-lobster/PycharmProjects/Model_California_Birds/outputs/output_20260308_224501/checkpoints/vit_base_best.pth

===== Epoch 31/72 (LR: 5.07e-04) =====
  Train Batch [50/863] | Loss: 2.1342 | Top1: 0.6059 | Top5: 0.7175
  Train Batch [100/863] | Loss: 2.1200 | Top1: 0.5880 | Top5: 0.6992
  Train Batch [150/863] | Loss: 2.0681 | Top1: 0.5643 | Top5: 0.6734
  Train Batch [200/863] | Loss: 2.1259 | Top1: 0.5763 | Top5: 0.6891
  Train Batch [250/863] | Loss: 2.1430 | Top1: 0.5380 | Top5: 0.6517
  Train Batch [300/863] | Loss: 2.1205 | Top1: 0.5406 | Top5: 0.6499
  Train Batch [350/863] | Loss: 2.1629 | Top1: 0.5283 | Top5: 0.6392
  Train Batch [400/863] | Loss: 2.1464 | Top1: 0.5325 | Top5: 0.6438
  Train Batch [450/863] | Loss: 2.1560 | Top1: 0.5153 | Top5: 0.6245
  Train Batch [500/863] | Loss: 2.1638 | Top1: 0.5120 | Top5: 0.6219
  Train Batch [550/863] | Loss: 2.1724 | Top1: 0.5053 | Top5: 0.6159
  Train Batch [600/863] | Loss: 2.1932 | Top1: 0.5027 | Top5: 0.6145
  Train Batch [650/863] | Loss: 2.2262 | Top1: 0.5001 | Top5: 0.6144
  Train Batch [700/863] | Loss: 2.2428 | Top1: 0.4986 | Top5: 0.6135
  Train Batch [750/863] | Loss: 2.2357 | Top1: 0.4949 | Top5: 0.6100
  Train Batch [800/863] | Loss: 2.2308 | Top1: 0.4928 | Top5: 0.6077
  Train Batch [850/863] | Loss: 2.2287 | Top1: 0.4910 | Top5: 0.6057
  Train Batch [863/863] | Loss: 2.2329 | Top1: 0.4908 | Top5: 0.6055
  Train Epoch Time: 370.611s
  Val Batch [50/152] | Loss: 2.2757 | Top1: 0.5975 | Top5: 0.8109
  Val Batch [100/152] | Loss: 2.2776 | Top1: 0.6047 | Top5: 0.8123
  Val Batch [150/152] | Loss: 2.2620 | Top1: 0.6069 | Top5: 0.8159
  Val Batch [152/152] | Loss: 2.2625 | Top1: 0.6066 | Top5: 0.8158
  Val Epoch Time: 19.667s
Epoch [31/72] | Train Loss: 2.2329 | Train Top1: 0.4908 | Train Top5: 0.6055 | Val Loss: 2.2625 | Val Top1: 0.6066 | Val Top5: 0.8158 | LR: 5.07e-04 | Train Time: 370.611s | Val Time: 19.667s | Epoch Time: 390.278s
Saved best checkpoint to: /home/blue-lobster/PycharmProjects/Model_California_Birds/outputs/output_20260308_224501/checkpoints/vit_base_best.pth

===== Epoch 32/72 (LR: 4.92e-04) =====
  Train Batch [50/863] | Loss: 2.0267 | Top1: 0.5284 | Top5: 0.6184
  Train Batch [100/863] | Loss: 2.1221 | Top1: 0.5069 | Top5: 0.6064
  Train Batch [150/863] | Loss: 2.1210 | Top1: 0.5188 | Top5: 0.6149
  Train Batch [200/863] | Loss: 2.1184 | Top1: 0.5346 | Top5: 0.6316
  Train Batch [250/863] | Loss: 2.1111 | Top1: 0.5304 | Top5: 0.6274
  Train Batch [300/863] | Loss: 2.1443 | Top1: 0.5269 | Top5: 0.6268
  Train Batch [350/863] | Loss: 2.1349 | Top1: 0.5190 | Top5: 0.6177
  Train Batch [400/863] | Loss: 2.1309 | Top1: 0.5137 | Top5: 0.6118
  Train Batch [450/863] | Loss: 2.1423 | Top1: 0.5169 | Top5: 0.6160
  Train Batch [500/863] | Loss: 2.1699 | Top1: 0.5187 | Top5: 0.6213
  Train Batch [550/863] | Loss: 2.1804 | Top1: 0.5080 | Top5: 0.6118
  Train Batch [600/863] | Loss: 2.1595 | Top1: 0.5134 | Top5: 0.6173
  Train Batch [650/863] | Loss: 2.1567 | Top1: 0.5157 | Top5: 0.6202
  Train Batch [700/863] | Loss: 2.1719 | Top1: 0.5062 | Top5: 0.6108
  Train Batch [750/863] | Loss: 2.1828 | Top1: 0.5020 | Top5: 0.6077
  Train Batch [800/863] | Loss: 2.1749 | Top1: 0.4994 | Top5: 0.6050
  Train Batch [850/863] | Loss: 2.1761 | Top1: 0.4966 | Top5: 0.6026
  Train Batch [863/863] | Loss: 2.1782 | Top1: 0.4966 | Top5: 0.6030
  Train Epoch Time: 359.391s
  Val Batch [50/152] | Loss: 2.2968 | Top1: 0.6003 | Top5: 0.8044
  Val Batch [100/152] | Loss: 2.2837 | Top1: 0.6091 | Top5: 0.8087
  Val Batch [150/152] | Loss: 2.2714 | Top1: 0.6130 | Top5: 0.8119
  Val Batch [152/152] | Loss: 2.2724 | Top1: 0.6125 | Top5: 0.8118
  Val Epoch Time: 18.818s
Epoch [32/72] | Train Loss: 2.1782 | Train Top1: 0.4966 | Train Top5: 0.6030 | Val Loss: 2.2724 | Val Top1: 0.6125 | Val Top5: 0.8118 | LR: 4.92e-04 | Train Time: 359.391s | Val Time: 18.818s | Epoch Time: 378.209s
Saved best checkpoint to: /home/blue-lobster/PycharmProjects/Model_California_Birds/outputs/output_20260308_224501/checkpoints/vit_base_best.pth

===== Epoch 33/72 (LR: 4.76e-04) =====
  Train Batch [50/863] | Loss: 2.4257 | Top1: 0.4637 | Top5: 0.5837
  Train Batch [100/863] | Loss: 2.3773 | Top1: 0.4619 | Top5: 0.5795
  Train Batch [150/863] | Loss: 2.3216 | Top1: 0.4754 | Top5: 0.5943
  Train Batch [200/863] | Loss: 2.3566 | Top1: 0.4627 | Top5: 0.5842
  Train Batch [250/863] | Loss: 2.3161 | Top1: 0.4706 | Top5: 0.5889
  Train Batch [300/863] | Loss: 2.2956 | Top1: 0.4622 | Top5: 0.5794
  Train Batch [350/863] | Loss: 2.2810 | Top1: 0.4712 | Top5: 0.5887
  Train Batch [400/863] | Loss: 2.2741 | Top1: 0.4714 | Top5: 0.5878
  Train Batch [450/863] | Loss: 2.2241 | Top1: 0.4718 | Top5: 0.5850
  Train Batch [500/863] | Loss: 2.2440 | Top1: 0.4756 | Top5: 0.5896
  Train Batch [550/863] | Loss: 2.2187 | Top1: 0.4814 | Top5: 0.5954
  Train Batch [600/863] | Loss: 2.2070 | Top1: 0.4847 | Top5: 0.5974
  Train Batch [650/863] | Loss: 2.2042 | Top1: 0.4841 | Top5: 0.5971
  Train Batch [700/863] | Loss: 2.2060 | Top1: 0.4884 | Top5: 0.6014
  Train Batch [750/863] | Loss: 2.2005 | Top1: 0.4890 | Top5: 0.6012
  Train Batch [800/863] | Loss: 2.2057 | Top1: 0.4923 | Top5: 0.6053
  Train Batch [850/863] | Loss: 2.2040 | Top1: 0.4899 | Top5: 0.6028
  Train Batch [863/863] | Loss: 2.2016 | Top1: 0.4880 | Top5: 0.6005
  Train Epoch Time: 360.835s
  Val Batch [50/152] | Loss: 2.2574 | Top1: 0.6056 | Top5: 0.8159
  Val Batch [100/152] | Loss: 2.2814 | Top1: 0.6048 | Top5: 0.8147
  Val Batch [150/152] | Loss: 2.2709 | Top1: 0.6090 | Top5: 0.8147
  Val Batch [152/152] | Loss: 2.2723 | Top1: 0.6088 | Top5: 0.8144
  Val Epoch Time: 18.495s
Epoch [33/72] | Train Loss: 2.2016 | Train Top1: 0.4880 | Train Top5: 0.6005 | Val Loss: 2.2723 | Val Top1: 0.6088 | Val Top5: 0.8144 | LR: 4.76e-04 | Train Time: 360.835s | Val Time: 18.495s | Epoch Time: 379.330s

===== Epoch 34/72 (LR: 4.60e-04) =====
  Train Batch [50/863] | Loss: 2.3216 | Top1: 0.5578 | Top5: 0.6684
  Train Batch [100/863] | Loss: 2.1908 | Top1: 0.5891 | Top5: 0.6966
  Train Batch [150/863] | Loss: 2.2005 | Top1: 0.5299 | Top5: 0.6396
  Train Batch [200/863] | Loss: 2.2241 | Top1: 0.5464 | Top5: 0.6586
  Train Batch [250/863] | Loss: 2.2071 | Top1: 0.5447 | Top5: 0.6569
  Train Batch [300/863] | Loss: 2.2019 | Top1: 0.5392 | Top5: 0.6515
  Train Batch [350/863] | Loss: 2.2073 | Top1: 0.5442 | Top5: 0.6583
  Train Batch [400/863] | Loss: 2.1955 | Top1: 0.5435 | Top5: 0.6578
  Train Batch [450/863] | Loss: 2.1981 | Top1: 0.5455 | Top5: 0.6601
  Train Batch [500/863] | Loss: 2.2004 | Top1: 0.5357 | Top5: 0.6503
  Train Batch [550/863] | Loss: 2.2124 | Top1: 0.5337 | Top5: 0.6500
  Train Batch [600/863] | Loss: 2.2037 | Top1: 0.5292 | Top5: 0.6452
  Train Batch [650/863] | Loss: 2.1930 | Top1: 0.5256 | Top5: 0.6404
  Train Batch [700/863] | Loss: 2.1912 | Top1: 0.5203 | Top5: 0.6349
  Train Batch [750/863] | Loss: 2.2074 | Top1: 0.5185 | Top5: 0.6342
  Train Batch [800/863] | Loss: 2.2090 | Top1: 0.5206 | Top5: 0.6363
  Train Batch [850/863] | Loss: 2.2005 | Top1: 0.5207 | Top5: 0.6353
  Train Batch [863/863] | Loss: 2.1980 | Top1: 0.5207 | Top5: 0.6353
  Train Epoch Time: 351.707s
  Val Batch [50/152] | Loss: 2.2683 | Top1: 0.6069 | Top5: 0.8078
  Val Batch [100/152] | Loss: 2.2669 | Top1: 0.6072 | Top5: 0.8116
  Val Batch [150/152] | Loss: 2.2539 | Top1: 0.6124 | Top5: 0.8131
  Val Batch [152/152] | Loss: 2.2546 | Top1: 0.6126 | Top5: 0.8128
  Val Epoch Time: 19.532s
Epoch [34/72] | Train Loss: 2.1980 | Train Top1: 0.5207 | Train Top5: 0.6353 | Val Loss: 2.2546 | Val Top1: 0.6126 | Val Top5: 0.8128 | LR: 4.60e-04 | Train Time: 351.707s | Val Time: 19.532s | Epoch Time: 371.240s
Saved best checkpoint to: /home/blue-lobster/PycharmProjects/Model_California_Birds/outputs/output_20260308_224501/checkpoints/vit_base_best.pth

===== Epoch 35/72 (LR: 4.44e-04) =====
  Train Batch [50/863] | Loss: 2.3114 | Top1: 0.4619 | Top5: 0.5900
  Train Batch [100/863] | Loss: 2.2607 | Top1: 0.4361 | Top5: 0.5575
  Train Batch [150/863] | Loss: 2.2948 | Top1: 0.4816 | Top5: 0.6067
  Train Batch [200/863] | Loss: 2.2752 | Top1: 0.5132 | Top5: 0.6391
  Train Batch [250/863] | Loss: 2.2342 | Top1: 0.5231 | Top5: 0.6412
  Train Batch [300/863] | Loss: 2.2127 | Top1: 0.5168 | Top5: 0.6318
  Train Batch [350/863] | Loss: 2.1655 | Top1: 0.5270 | Top5: 0.6389
  Train Batch [400/863] | Loss: 2.1574 | Top1: 0.5224 | Top5: 0.6339
  Train Batch [450/863] | Loss: 2.1169 | Top1: 0.5272 | Top5: 0.6356
  Train Batch [500/863] | Loss: 2.1055 | Top1: 0.5248 | Top5: 0.6314
  Train Batch [550/863] | Loss: 2.0928 | Top1: 0.5258 | Top5: 0.6328
  Train Batch [600/863] | Loss: 2.0932 | Top1: 0.5264 | Top5: 0.6337
  Train Batch [650/863] | Loss: 2.0916 | Top1: 0.5331 | Top5: 0.6407
  Train Batch [700/863] | Loss: 2.0708 | Top1: 0.5379 | Top5: 0.6441
  Train Batch [750/863] | Loss: 2.0734 | Top1: 0.5432 | Top5: 0.6494
  Train Batch [800/863] | Loss: 2.0675 | Top1: 0.5428 | Top5: 0.6482
  Train Batch [850/863] | Loss: 2.0661 | Top1: 0.5379 | Top5: 0.6433
  Train Batch [863/863] | Loss: 2.0629 | Top1: 0.5384 | Top5: 0.6436
  Train Epoch Time: 370.577s
  Val Batch [50/152] | Loss: 2.2550 | Top1: 0.6119 | Top5: 0.8087
  Val Batch [100/152] | Loss: 2.2651 | Top1: 0.6159 | Top5: 0.8102
  Val Batch [150/152] | Loss: 2.2489 | Top1: 0.6192 | Top5: 0.8125
  Val Batch [152/152] | Loss: 2.2509 | Top1: 0.6189 | Top5: 0.8119
  Val Epoch Time: 19.536s
Epoch [35/72] | Train Loss: 2.0629 | Train Top1: 0.5384 | Train Top5: 0.6436 | Val Loss: 2.2509 | Val Top1: 0.6189 | Val Top5: 0.8119 | LR: 4.44e-04 | Train Time: 370.577s | Val Time: 19.536s | Epoch Time: 390.114s
Saved best checkpoint to: /home/blue-lobster/PycharmProjects/Model_California_Birds/outputs/output_20260308_224501/checkpoints/vit_base_best.pth

===== Epoch 36/72 (LR: 4.27e-04) =====
  Train Batch [50/863] | Loss: 2.1085 | Top1: 0.4338 | Top5: 0.5378
  Train Batch [100/863] | Loss: 1.9501 | Top1: 0.5372 | Top5: 0.6336
  Train Batch [150/863] | Loss: 1.8586 | Top1: 0.5801 | Top5: 0.6697
  Train Batch [200/863] | Loss: 1.9488 | Top1: 0.5790 | Top5: 0.6752
  Train Batch [250/863] | Loss: 2.0032 | Top1: 0.5622 | Top5: 0.6619
  Train Batch [300/863] | Loss: 2.0310 | Top1: 0.5628 | Top5: 0.6675
  Train Batch [350/863] | Loss: 2.0557 | Top1: 0.5432 | Top5: 0.6491
  Train Batch [400/863] | Loss: 2.0656 | Top1: 0.5371 | Top5: 0.6449
  Train Batch [450/863] | Loss: 2.0752 | Top1: 0.5374 | Top5: 0.6447
  Train Batch [500/863] | Loss: 2.0902 | Top1: 0.5356 | Top5: 0.6464
  Train Batch [550/863] | Loss: 2.0778 | Top1: 0.5420 | Top5: 0.6519
  Train Batch [600/863] | Loss: 2.0984 | Top1: 0.5356 | Top5: 0.6472
  Train Batch [650/863] | Loss: 2.0929 | Top1: 0.5357 | Top5: 0.6464
  Train Batch [700/863] | Loss: 2.1096 | Top1: 0.5367 | Top5: 0.6485
  Train Batch [750/863] | Loss: 2.0917 | Top1: 0.5307 | Top5: 0.6402
  Train Batch [800/863] | Loss: 2.0867 | Top1: 0.5328 | Top5: 0.6415
  Train Batch [850/863] | Loss: 2.0932 | Top1: 0.5314 | Top5: 0.6408
  Train Batch [863/863] | Loss: 2.0957 | Top1: 0.5305 | Top5: 0.6401
  Train Epoch Time: 370.604s
  Val Batch [50/152] | Loss: 2.2343 | Top1: 0.6141 | Top5: 0.8153
  Val Batch [100/152] | Loss: 2.2527 | Top1: 0.6177 | Top5: 0.8144
  Val Batch [150/152] | Loss: 2.2369 | Top1: 0.6207 | Top5: 0.8165
  Val Batch [152/152] | Loss: 2.2389 | Top1: 0.6208 | Top5: 0.8166
  Val Epoch Time: 19.446s
Epoch [36/72] | Train Loss: 2.0957 | Train Top1: 0.5305 | Train Top5: 0.6401 | Val Loss: 2.2389 | Val Top1: 0.6208 | Val Top5: 0.8166 | LR: 4.27e-04 | Train Time: 370.604s | Val Time: 19.446s | Epoch Time: 390.049s
Saved best checkpoint to: /home/blue-lobster/PycharmProjects/Model_California_Birds/outputs/output_20260308_224501/checkpoints/vit_base_best.pth

===== Epoch 37/72 (LR: 4.11e-04) =====
  Train Batch [50/863] | Loss: 2.1735 | Top1: 0.4634 | Top5: 0.5897
  Train Batch [100/863] | Loss: 2.0959 | Top1: 0.5437 | Top5: 0.6528
  Train Batch [150/863] | Loss: 2.0430 | Top1: 0.4916 | Top5: 0.5962
  Train Batch [200/863] | Loss: 2.0029 | Top1: 0.4977 | Top5: 0.5999
  Train Batch [250/863] | Loss: 2.0046 | Top1: 0.4888 | Top5: 0.5898
  Train Batch [300/863] | Loss: 2.0184 | Top1: 0.4910 | Top5: 0.5912
  Train Batch [350/863] | Loss: 1.9811 | Top1: 0.5075 | Top5: 0.6066
  Train Batch [400/863] | Loss: 1.9994 | Top1: 0.5222 | Top5: 0.6239
  Train Batch [450/863] | Loss: 2.0362 | Top1: 0.5182 | Top5: 0.6242
  Train Batch [500/863] | Loss: 2.0536 | Top1: 0.5095 | Top5: 0.6176
  Train Batch [550/863] | Loss: 2.0610 | Top1: 0.5076 | Top5: 0.6169
  Train Batch [600/863] | Loss: 2.0707 | Top1: 0.5078 | Top5: 0.6173
  Train Batch [650/863] | Loss: 2.0660 | Top1: 0.5000 | Top5: 0.6095
  Train Batch [700/863] | Loss: 2.0591 | Top1: 0.5005 | Top5: 0.6095
  Train Batch [750/863] | Loss: 2.0707 | Top1: 0.4982 | Top5: 0.6084
  Train Batch [800/863] | Loss: 2.0834 | Top1: 0.4957 | Top5: 0.6068
  Train Batch [850/863] | Loss: 2.0815 | Top1: 0.4933 | Top5: 0.6048
  Train Batch [863/863] | Loss: 2.0799 | Top1: 0.4952 | Top5: 0.6066
  Train Epoch Time: 361.856s
  Val Batch [50/152] | Loss: 2.2377 | Top1: 0.6081 | Top5: 0.8159
  Val Batch [100/152] | Loss: 2.2473 | Top1: 0.6134 | Top5: 0.8177
  Val Batch [150/152] | Loss: 2.2364 | Top1: 0.6177 | Top5: 0.8172
  Val Batch [152/152] | Loss: 2.2376 | Top1: 0.6173 | Top5: 0.8171
  Val Epoch Time: 18.393s
Epoch [37/72] | Train Loss: 2.0799 | Train Top1: 0.4952 | Train Top5: 0.6066 | Val Loss: 2.2376 | Val Top1: 0.6173 | Val Top5: 0.8171 | LR: 4.11e-04 | Train Time: 361.856s | Val Time: 18.393s | Epoch Time: 380.249s

===== Epoch 38/72 (LR: 3.94e-04) =====
  Train Batch [50/863] | Loss: 1.9731 | Top1: 0.5778 | Top5: 0.6859
  Train Batch [100/863] | Loss: 2.0170 | Top1: 0.5348 | Top5: 0.6408
  Train Batch [150/863] | Loss: 1.9256 | Top1: 0.5547 | Top5: 0.6504
  Train Batch [200/863] | Loss: 1.9927 | Top1: 0.5534 | Top5: 0.6548
  Train Batch [250/863] | Loss: 2.0142 | Top1: 0.5561 | Top5: 0.6603
  Train Batch [300/863] | Loss: 2.0374 | Top1: 0.5601 | Top5: 0.6652
  Train Batch [350/863] | Loss: 2.0596 | Top1: 0.5654 | Top5: 0.6721
  Train Batch [400/863] | Loss: 2.0725 | Top1: 0.5539 | Top5: 0.6599
  Train Batch [450/863] | Loss: 2.0672 | Top1: 0.5559 | Top5: 0.6632
  Train Batch [500/863] | Loss: 2.0686 | Top1: 0.5528 | Top5: 0.6621
  Train Batch [550/863] | Loss: 2.0822 | Top1: 0.5470 | Top5: 0.6581
  Train Batch [600/863] | Loss: 2.0839 | Top1: 0.5424 | Top5: 0.6539
  Train Batch [650/863] | Loss: 2.0808 | Top1: 0.5412 | Top5: 0.6519
  Train Batch [700/863] | Loss: 2.0908 | Top1: 0.5458 | Top5: 0.6571
  Train Batch [750/863] | Loss: 2.0835 | Top1: 0.5397 | Top5: 0.6499
  Train Batch [800/863] | Loss: 2.0979 | Top1: 0.5355 | Top5: 0.6473
  Train Batch [850/863] | Loss: 2.0933 | Top1: 0.5288 | Top5: 0.6397
  Train Batch [863/863] | Loss: 2.0987 | Top1: 0.5291 | Top5: 0.6403
  Train Epoch Time: 347.521s
  Val Batch [50/152] | Loss: 2.2081 | Top1: 0.6112 | Top5: 0.8228
  Val Batch [100/152] | Loss: 2.2110 | Top1: 0.6194 | Top5: 0.8231
  Val Batch [150/152] | Loss: 2.2078 | Top1: 0.6228 | Top5: 0.8236
  Val Batch [152/152] | Loss: 2.2095 | Top1: 0.6225 | Top5: 0.8236
  Val Epoch Time: 16.986s
Epoch [38/72] | Train Loss: 2.0987 | Train Top1: 0.5291 | Train Top5: 0.6403 | Val Loss: 2.2095 | Val Top1: 0.6225 | Val Top5: 0.8236 | LR: 3.94e-04 | Train Time: 347.521s | Val Time: 16.986s | Epoch Time: 364.508s
Saved best checkpoint to: /home/blue-lobster/PycharmProjects/Model_California_Birds/outputs/output_20260308_224501/checkpoints/vit_base_best.pth

===== Epoch 39/72 (LR: 3.77e-04) =====
  Train Batch [50/863] | Loss: 2.0250 | Top1: 0.5012 | Top5: 0.6019
  Train Batch [100/863] | Loss: 1.9734 | Top1: 0.4931 | Top5: 0.5923
  Train Batch [150/863] | Loss: 1.9443 | Top1: 0.5484 | Top5: 0.6467
  Train Batch [200/863] | Loss: 2.0030 | Top1: 0.5518 | Top5: 0.6555
  Train Batch [250/863] | Loss: 1.9993 | Top1: 0.5720 | Top5: 0.6761
  Train Batch [300/863] | Loss: 1.9668 | Top1: 0.5718 | Top5: 0.6755
  Train Batch [350/863] | Loss: 1.9589 | Top1: 0.5620 | Top5: 0.6625
  Train Batch [400/863] | Loss: 1.9396 | Top1: 0.5568 | Top5: 0.6557
  Train Batch [450/863] | Loss: 1.9266 | Top1: 0.5472 | Top5: 0.6435
  Train Batch [500/863] | Loss: 1.9193 | Top1: 0.5489 | Top5: 0.6435
  Train Batch [550/863] | Loss: 1.9337 | Top1: 0.5405 | Top5: 0.6362
  Train Batch [600/863] | Loss: 1.9383 | Top1: 0.5348 | Top5: 0.6315
  Train Batch [650/863] | Loss: 1.9430 | Top1: 0.5397 | Top5: 0.6364
  Train Batch [700/863] | Loss: 1.9269 | Top1: 0.5367 | Top5: 0.6331
  Train Batch [750/863] | Loss: 1.9345 | Top1: 0.5397 | Top5: 0.6368
  Train Batch [800/863] | Loss: 1.9375 | Top1: 0.5367 | Top5: 0.6346
  Train Batch [850/863] | Loss: 1.9463 | Top1: 0.5351 | Top5: 0.6334
  Train Batch [863/863] | Loss: 1.9442 | Top1: 0.5335 | Top5: 0.6318
  Train Epoch Time: 321.696s
  Val Batch [50/152] | Loss: 2.2201 | Top1: 0.6128 | Top5: 0.8244
  Val Batch [100/152] | Loss: 2.2263 | Top1: 0.6212 | Top5: 0.8236
  Val Batch [150/152] | Loss: 2.2209 | Top1: 0.6260 | Top5: 0.8232
  Val Batch [152/152] | Loss: 2.2234 | Top1: 0.6256 | Top5: 0.8227
  Val Epoch Time: 16.993s
Epoch [39/72] | Train Loss: 1.9442 | Train Top1: 0.5335 | Train Top5: 0.6318 | Val Loss: 2.2234 | Val Top1: 0.6256 | Val Top5: 0.8227 | LR: 3.77e-04 | Train Time: 321.696s | Val Time: 16.993s | Epoch Time: 338.690s
Saved best checkpoint to: /home/blue-lobster/PycharmProjects/Model_California_Birds/outputs/output_20260308_224501/checkpoints/vit_base_best.pth

===== Epoch 40/72 (LR: 3.60e-04) =====
  Train Batch [50/863] | Loss: 2.3235 | Top1: 0.5125 | Top5: 0.6491
  Train Batch [100/863] | Loss: 2.1096 | Top1: 0.5153 | Top5: 0.6338
  Train Batch [150/863] | Loss: 2.1099 | Top1: 0.5039 | Top5: 0.6247
  Train Batch [200/863] | Loss: 2.1612 | Top1: 0.4746 | Top5: 0.5988
  Train Batch [250/863] | Loss: 2.0813 | Top1: 0.5009 | Top5: 0.6149
  Train Batch [300/863] | Loss: 2.0527 | Top1: 0.4977 | Top5: 0.6094
  Train Batch [350/863] | Loss: 2.0386 | Top1: 0.5128 | Top5: 0.6250
  Train Batch [400/863] | Loss: 2.0540 | Top1: 0.5064 | Top5: 0.6205
  Train Batch [450/863] | Loss: 2.0345 | Top1: 0.5147 | Top5: 0.6269
  Train Batch [500/863] | Loss: 2.0014 | Top1: 0.5326 | Top5: 0.6418
  Train Batch [550/863] | Loss: 2.0030 | Top1: 0.5238 | Top5: 0.6335
  Train Batch [600/863] | Loss: 2.0075 | Top1: 0.5335 | Top5: 0.6422
  Train Batch [650/863] | Loss: 2.0177 | Top1: 0.5298 | Top5: 0.6385
  Train Batch [700/863] | Loss: 2.0205 | Top1: 0.5303 | Top5: 0.6394
  Train Batch [750/863] | Loss: 2.0202 | Top1: 0.5337 | Top5: 0.6432
  Train Batch [800/863] | Loss: 2.0277 | Top1: 0.5353 | Top5: 0.6462
  Train Batch [850/863] | Loss: 2.0272 | Top1: 0.5372 | Top5: 0.6486
  Train Batch [863/863] | Loss: 2.0317 | Top1: 0.5400 | Top5: 0.6517
  Train Epoch Time: 326.606s
  Val Batch [50/152] | Loss: 2.2311 | Top1: 0.6194 | Top5: 0.8203
  Val Batch [100/152] | Loss: 2.2355 | Top1: 0.6242 | Top5: 0.8200
  Val Batch [150/152] | Loss: 2.2171 | Top1: 0.6293 | Top5: 0.8225
  Val Batch [152/152] | Loss: 2.2190 | Top1: 0.6292 | Top5: 0.8223
  Val Epoch Time: 17.284s
Epoch [40/72] | Train Loss: 2.0317 | Train Top1: 0.5400 | Train Top5: 0.6517 | Val Loss: 2.2190 | Val Top1: 0.6292 | Val Top5: 0.8223 | LR: 3.60e-04 | Train Time: 326.606s | Val Time: 17.284s | Epoch Time: 343.890s
Saved best checkpoint to: /home/blue-lobster/PycharmProjects/Model_California_Birds/outputs/output_20260308_224501/checkpoints/vit_base_best.pth

===== Epoch 41/72 (LR: 3.43e-04) =====
  Train Batch [50/863] | Loss: 1.9326 | Top1: 0.4713 | Top5: 0.5837
  Train Batch [100/863] | Loss: 1.9028 | Top1: 0.5434 | Top5: 0.6466
  Train Batch [150/863] | Loss: 1.9086 | Top1: 0.5680 | Top5: 0.6694
  Train Batch [200/863] | Loss: 1.9147 | Top1: 0.5330 | Top5: 0.6328
  Train Batch [250/863] | Loss: 1.9222 | Top1: 0.5221 | Top5: 0.6239
  Train Batch [300/863] | Loss: 1.9328 | Top1: 0.5227 | Top5: 0.6244
  Train Batch [350/863] | Loss: 1.9603 | Top1: 0.5249 | Top5: 0.6304
  Train Batch [400/863] | Loss: 1.9728 | Top1: 0.5275 | Top5: 0.6338
  Train Batch [450/863] | Loss: 1.9770 | Top1: 0.5262 | Top5: 0.6317
  Train Batch [500/863] | Loss: 1.9840 | Top1: 0.5275 | Top5: 0.6347
  Train Batch [550/863] | Loss: 1.9768 | Top1: 0.5251 | Top5: 0.6310
  Train Batch [600/863] | Loss: 1.9466 | Top1: 0.5298 | Top5: 0.6335
  Train Batch [650/863] | Loss: 1.9660 | Top1: 0.5305 | Top5: 0.6357
  Train Batch [700/863] | Loss: 1.9617 | Top1: 0.5312 | Top5: 0.6357
  Train Batch [750/863] | Loss: 1.9555 | Top1: 0.5306 | Top5: 0.6342
  Train Batch [800/863] | Loss: 1.9563 | Top1: 0.5309 | Top5: 0.6346
  Train Batch [850/863] | Loss: 1.9538 | Top1: 0.5297 | Top5: 0.6333
  Train Batch [863/863] | Loss: 1.9531 | Top1: 0.5296 | Top5: 0.6330
  Train Epoch Time: 328.095s
  Val Batch [50/152] | Loss: 2.1943 | Top1: 0.6194 | Top5: 0.8222
  Val Batch [100/152] | Loss: 2.2061 | Top1: 0.6225 | Top5: 0.8223
  Val Batch [150/152] | Loss: 2.1859 | Top1: 0.6281 | Top5: 0.8244
  Val Batch [152/152] | Loss: 2.1867 | Top1: 0.6280 | Top5: 0.8240
  Val Epoch Time: 17.285s
Epoch [41/72] | Train Loss: 1.9531 | Train Top1: 0.5296 | Train Top5: 0.6330 | Val Loss: 2.1867 | Val Top1: 0.6280 | Val Top5: 0.8240 | LR: 3.43e-04 | Train Time: 328.095s | Val Time: 17.285s | Epoch Time: 345.380s

===== Epoch 42/72 (LR: 3.26e-04) =====
  Train Batch [50/863] | Loss: 1.7449 | Top1: 0.6225 | Top5: 0.7122
  Train Batch [100/863] | Loss: 1.8217 | Top1: 0.6033 | Top5: 0.7003
  Train Batch [150/863] | Loss: 1.8037 | Top1: 0.5966 | Top5: 0.6931
  Train Batch [200/863] | Loss: 1.8317 | Top1: 0.5848 | Top5: 0.6856
  Train Batch [250/863] | Loss: 1.8864 | Top1: 0.5650 | Top5: 0.6682
  Train Batch [300/863] | Loss: 1.8824 | Top1: 0.5491 | Top5: 0.6524
  Train Batch [350/863] | Loss: 1.8996 | Top1: 0.5526 | Top5: 0.6581
  Train Batch [400/863] | Loss: 1.9390 | Top1: 0.5499 | Top5: 0.6589
  Train Batch [450/863] | Loss: 1.9284 | Top1: 0.5511 | Top5: 0.6582
  Train Batch [500/863] | Loss: 1.9527 | Top1: 0.5548 | Top5: 0.6629
  Train Batch [550/863] | Loss: 1.9510 | Top1: 0.5527 | Top5: 0.6592
  Train Batch [600/863] | Loss: 1.9447 | Top1: 0.5459 | Top5: 0.6514
  Train Batch [650/863] | Loss: 1.9611 | Top1: 0.5437 | Top5: 0.6527
  Train Batch [700/863] | Loss: 1.9747 | Top1: 0.5445 | Top5: 0.6549
  Train Batch [750/863] | Loss: 1.9779 | Top1: 0.5408 | Top5: 0.6513
  Train Batch [800/863] | Loss: 1.9683 | Top1: 0.5389 | Top5: 0.6488
  Train Batch [850/863] | Loss: 1.9619 | Top1: 0.5362 | Top5: 0.6451
  Train Batch [863/863] | Loss: 1.9599 | Top1: 0.5337 | Top5: 0.6428
  Train Epoch Time: 327.870s
  Val Batch [50/152] | Loss: 2.1764 | Top1: 0.6278 | Top5: 0.8231
  Val Batch [100/152] | Loss: 2.1785 | Top1: 0.6331 | Top5: 0.8248
  Val Batch [150/152] | Loss: 2.1619 | Top1: 0.6369 | Top5: 0.8256
  Val Batch [152/152] | Loss: 2.1638 | Top1: 0.6363 | Top5: 0.8251
  Val Epoch Time: 17.288s
Epoch [42/72] | Train Loss: 1.9599 | Train Top1: 0.5337 | Train Top5: 0.6428 | Val Loss: 2.1638 | Val Top1: 0.6363 | Val Top5: 0.8251 | LR: 3.26e-04 | Train Time: 327.870s | Val Time: 17.288s | Epoch Time: 345.159s
Saved best checkpoint to: /home/blue-lobster/PycharmProjects/Model_California_Birds/outputs/output_20260308_224501/checkpoints/vit_base_best.pth

===== Epoch 43/72 (LR: 3.09e-04) =====
  Train Batch [50/863] | Loss: 2.0873 | Top1: 0.5194 | Top5: 0.6369
  Train Batch [100/863] | Loss: 2.0610 | Top1: 0.5402 | Top5: 0.6559
  Train Batch [150/863] | Loss: 1.9871 | Top1: 0.5272 | Top5: 0.6388
  Train Batch [200/863] | Loss: 1.9874 | Top1: 0.5277 | Top5: 0.6420
  Train Batch [250/863] | Loss: 1.9752 | Top1: 0.5477 | Top5: 0.6605
  Train Batch [300/863] | Loss: 1.9764 | Top1: 0.5492 | Top5: 0.6632
  Train Batch [350/863] | Loss: 1.9569 | Top1: 0.5595 | Top5: 0.6717
  Train Batch [400/863] | Loss: 1.9503 | Top1: 0.5662 | Top5: 0.6776
  Train Batch [450/863] | Loss: 1.9483 | Top1: 0.5667 | Top5: 0.6775
  Train Batch [500/863] | Loss: 1.9216 | Top1: 0.5700 | Top5: 0.6783
  Train Batch [550/863] | Loss: 1.9024 | Top1: 0.5665 | Top5: 0.6731
  Train Batch [600/863] | Loss: 1.8992 | Top1: 0.5602 | Top5: 0.6656
  Train Batch [650/863] | Loss: 1.9050 | Top1: 0.5582 | Top5: 0.6640
  Train Batch [700/863] | Loss: 1.9225 | Top1: 0.5568 | Top5: 0.6640
  Train Batch [750/863] | Loss: 1.9212 | Top1: 0.5564 | Top5: 0.6638
  Train Batch [800/863] | Loss: 1.9008 | Top1: 0.5600 | Top5: 0.6650
  Train Batch [850/863] | Loss: 1.8878 | Top1: 0.5575 | Top5: 0.6620
  Train Batch [863/863] | Loss: 1.8881 | Top1: 0.5585 | Top5: 0.6629
  Train Epoch Time: 327.803s
  Val Batch [50/152] | Loss: 2.2170 | Top1: 0.6225 | Top5: 0.8181
  Val Batch [100/152] | Loss: 2.2139 | Top1: 0.6289 | Top5: 0.8216
  Val Batch [150/152] | Loss: 2.1869 | Top1: 0.6343 | Top5: 0.8252
  Val Batch [152/152] | Loss: 2.1880 | Top1: 0.6343 | Top5: 0.8247
  Val Epoch Time: 17.290s
Epoch [43/72] | Train Loss: 1.8881 | Train Top1: 0.5585 | Train Top5: 0.6629 | Val Loss: 2.1880 | Val Top1: 0.6343 | Val Top5: 0.8247 | LR: 3.09e-04 | Train Time: 327.803s | Val Time: 17.290s | Epoch Time: 345.093s

===== Epoch 44/72 (LR: 2.93e-04) =====
  Train Batch [50/863] | Loss: 1.6935 | Top1: 0.5453 | Top5: 0.6203
  Train Batch [100/863] | Loss: 1.7127 | Top1: 0.5437 | Top5: 0.6302
  Train Batch [150/863] | Loss: 1.7745 | Top1: 0.5605 | Top5: 0.6533
  Train Batch [200/863] | Loss: 1.8201 | Top1: 0.5621 | Top5: 0.6608
  Train Batch [250/863] | Loss: 1.8921 | Top1: 0.5460 | Top5: 0.6557
  Train Batch [300/863] | Loss: 1.9387 | Top1: 0.5320 | Top5: 0.6464
  Train Batch [350/863] | Loss: 1.9397 | Top1: 0.5411 | Top5: 0.6546
  Train Batch [400/863] | Loss: 1.9531 | Top1: 0.5416 | Top5: 0.6555
  Train Batch [450/863] | Loss: 1.9296 | Top1: 0.5453 | Top5: 0.6563
  Train Batch [500/863] | Loss: 1.9067 | Top1: 0.5453 | Top5: 0.6544
  Train Batch [550/863] | Loss: 1.9028 | Top1: 0.5437 | Top5: 0.6520
  Train Batch [600/863] | Loss: 1.9084 | Top1: 0.5429 | Top5: 0.6529
  Train Batch [650/863] | Loss: 1.9382 | Top1: 0.5455 | Top5: 0.6582
  Train Batch [700/863] | Loss: 1.9414 | Top1: 0.5449 | Top5: 0.6577
  Train Batch [750/863] | Loss: 1.9335 | Top1: 0.5472 | Top5: 0.6590
  Train Batch [800/863] | Loss: 1.9164 | Top1: 0.5440 | Top5: 0.6550
  Train Batch [850/863] | Loss: 1.9324 | Top1: 0.5424 | Top5: 0.6548
  Train Batch [863/863] | Loss: 1.9260 | Top1: 0.5408 | Top5: 0.6527
  Train Epoch Time: 327.846s
  Val Batch [50/152] | Loss: 2.1809 | Top1: 0.6253 | Top5: 0.8284
  Val Batch [100/152] | Loss: 2.1794 | Top1: 0.6334 | Top5: 0.8281
  Val Batch [150/152] | Loss: 2.1602 | Top1: 0.6404 | Top5: 0.8287
  Val Batch [152/152] | Loss: 2.1616 | Top1: 0.6402 | Top5: 0.8288
  Val Epoch Time: 17.310s
Epoch [44/72] | Train Loss: 1.9260 | Train Top1: 0.5408 | Train Top5: 0.6527 | Val Loss: 2.1616 | Val Top1: 0.6402 | Val Top5: 0.8288 | LR: 2.93e-04 | Train Time: 327.846s | Val Time: 17.310s | Epoch Time: 345.155s
Saved best checkpoint to: /home/blue-lobster/PycharmProjects/Model_California_Birds/outputs/output_20260308_224501/checkpoints/vit_base_best.pth

===== Epoch 45/72 (LR: 2.76e-04) =====
  Train Batch [50/863] | Loss: 1.8657 | Top1: 0.6212 | Top5: 0.7275
  Train Batch [100/863] | Loss: 1.9215 | Top1: 0.6058 | Top5: 0.7203
  Train Batch [150/863] | Loss: 1.8498 | Top1: 0.5950 | Top5: 0.7029
  Train Batch [200/863] | Loss: 1.8871 | Top1: 0.5672 | Top5: 0.6797
  Train Batch [250/863] | Loss: 1.8522 | Top1: 0.5700 | Top5: 0.6760
  Train Batch [300/863] | Loss: 1.8768 | Top1: 0.5611 | Top5: 0.6686
  Train Batch [350/863] | Loss: 1.8369 | Top1: 0.5599 | Top5: 0.6636
  Train Batch [400/863] | Loss: 1.7944 | Top1: 0.5839 | Top5: 0.6846
  Train Batch [450/863] | Loss: 1.8051 | Top1: 0.5760 | Top5: 0.6790
  Train Batch [500/863] | Loss: 1.8122 | Top1: 0.5677 | Top5: 0.6718
  Train Batch [550/863] | Loss: 1.8134 | Top1: 0.5695 | Top5: 0.6729
  Train Batch [600/863] | Loss: 1.8278 | Top1: 0.5681 | Top5: 0.6736
  Train Batch [650/863] | Loss: 1.8426 | Top1: 0.5636 | Top5: 0.6697
  Train Batch [700/863] | Loss: 1.8508 | Top1: 0.5604 | Top5: 0.6666
  Train Batch [750/863] | Loss: 1.8531 | Top1: 0.5561 | Top5: 0.6629
  Train Batch [800/863] | Loss: 1.8703 | Top1: 0.5494 | Top5: 0.6590
  Train Batch [850/863] | Loss: 1.8663 | Top1: 0.5536 | Top5: 0.6620
  Train Batch [863/863] | Loss: 1.8684 | Top1: 0.5527 | Top5: 0.6613
  Train Epoch Time: 327.853s
  Val Batch [50/152] | Loss: 2.1723 | Top1: 0.6338 | Top5: 0.8316
  Val Batch [100/152] | Loss: 2.1723 | Top1: 0.6366 | Top5: 0.8303
  Val Batch [150/152] | Loss: 2.1527 | Top1: 0.6428 | Top5: 0.8294
  Val Batch [152/152] | Loss: 2.1544 | Top1: 0.6421 | Top5: 0.8293
  Val Epoch Time: 17.301s
Epoch [45/72] | Train Loss: 1.8684 | Train Top1: 0.5527 | Train Top5: 0.6613 | Val Loss: 2.1544 | Val Top1: 0.6421 | Val Top5: 0.8293 | LR: 2.76e-04 | Train Time: 327.853s | Val Time: 17.301s | Epoch Time: 345.153s
Saved best checkpoint to: /home/blue-lobster/PycharmProjects/Model_California_Birds/outputs/output_20260308_224501/checkpoints/vit_base_best.pth

===== Epoch 46/72 (LR: 2.59e-04) =====
  Train Batch [50/863] | Loss: 1.7212 | Top1: 0.4900 | Top5: 0.5981
  Train Batch [100/863] | Loss: 1.9430 | Top1: 0.5330 | Top5: 0.6614
  Train Batch [150/863] | Loss: 1.9545 | Top1: 0.5411 | Top5: 0.6689
  Train Batch [200/863] | Loss: 1.9993 | Top1: 0.4996 | Top5: 0.6342
  Train Batch [250/863] | Loss: 2.0002 | Top1: 0.5205 | Top5: 0.6541
  Train Batch [300/863] | Loss: 2.0059 | Top1: 0.5099 | Top5: 0.6414
  Train Batch [350/863] | Loss: 1.9809 | Top1: 0.5016 | Top5: 0.6299
  Train Batch [400/863] | Loss: 1.9668 | Top1: 0.5109 | Top5: 0.6360
  Train Batch [450/863] | Loss: 1.9512 | Top1: 0.5190 | Top5: 0.6430
  Train Batch [500/863] | Loss: 1.9175 | Top1: 0.5228 | Top5: 0.6434
  Train Batch [550/863] | Loss: 1.9203 | Top1: 0.5172 | Top5: 0.6368
  Train Batch [600/863] | Loss: 1.9346 | Top1: 0.5147 | Top5: 0.6371
  Train Batch [650/863] | Loss: 1.9328 | Top1: 0.5151 | Top5: 0.6368
  Train Batch [700/863] | Loss: 1.9494 | Top1: 0.5082 | Top5: 0.6302
  Train Batch [750/863] | Loss: 1.9297 | Top1: 0.5099 | Top5: 0.6293
  Train Batch [800/863] | Loss: 1.9124 | Top1: 0.5168 | Top5: 0.6337
  Train Batch [850/863] | Loss: 1.9046 | Top1: 0.5180 | Top5: 0.6345
  Train Batch [863/863] | Loss: 1.9018 | Top1: 0.5187 | Top5: 0.6347
  Train Epoch Time: 327.891s
  Val Batch [50/152] | Loss: 2.1487 | Top1: 0.6353 | Top5: 0.8344
  Val Batch [100/152] | Loss: 2.1445 | Top1: 0.6412 | Top5: 0.8345
  Val Batch [150/152] | Loss: 2.1297 | Top1: 0.6454 | Top5: 0.8341
  Val Batch [152/152] | Loss: 2.1310 | Top1: 0.6454 | Top5: 0.8338
  Val Epoch Time: 17.261s
Epoch [46/72] | Train Loss: 1.9018 | Train Top1: 0.5187 | Train Top5: 0.6347 | Val Loss: 2.1310 | Val Top1: 0.6454 | Val Top5: 0.8338 | LR: 2.59e-04 | Train Time: 327.891s | Val Time: 17.261s | Epoch Time: 345.153s
Saved best checkpoint to: /home/blue-lobster/PycharmProjects/Model_California_Birds/outputs/output_20260308_224501/checkpoints/vit_base_best.pth

===== Epoch 47/72 (LR: 2.43e-04) =====
  Train Batch [50/863] | Loss: 1.9108 | Top1: 0.5463 | Top5: 0.6575
  Train Batch [100/863] | Loss: 1.8493 | Top1: 0.5556 | Top5: 0.6589
  Train Batch [150/863] | Loss: 1.8364 | Top1: 0.5448 | Top5: 0.6489
  Train Batch [200/863] | Loss: 1.8460 | Top1: 0.5463 | Top5: 0.6580
  Train Batch [250/863] | Loss: 1.8582 | Top1: 0.5545 | Top5: 0.6695
  Train Batch [300/863] | Loss: 1.8448 | Top1: 0.5473 | Top5: 0.6595
  Train Batch [350/863] | Loss: 1.8260 | Top1: 0.5498 | Top5: 0.6583
  Train Batch [400/863] | Loss: 1.8234 | Top1: 0.5430 | Top5: 0.6516
  Train Batch [450/863] | Loss: 1.8456 | Top1: 0.5346 | Top5: 0.6460
  Train Batch [500/863] | Loss: 1.8594 | Top1: 0.5337 | Top5: 0.6477
  Train Batch [550/863] | Loss: 1.8639 | Top1: 0.5395 | Top5: 0.6546
  Train Batch [600/863] | Loss: 1.8659 | Top1: 0.5437 | Top5: 0.6573
  Train Batch [650/863] | Loss: 1.8607 | Top1: 0.5480 | Top5: 0.6618
  Train Batch [700/863] | Loss: 1.8586 | Top1: 0.5496 | Top5: 0.6627
  Train Batch [750/863] | Loss: 1.8627 | Top1: 0.5505 | Top5: 0.6643
  Train Batch [800/863] | Loss: 1.8787 | Top1: 0.5548 | Top5: 0.6702
  Train Batch [850/863] | Loss: 1.8711 | Top1: 0.5621 | Top5: 0.6760
  Train Batch [863/863] | Loss: 1.8674 | Top1: 0.5604 | Top5: 0.6737
  Train Epoch Time: 327.485s
  Val Batch [50/152] | Loss: 2.1557 | Top1: 0.6291 | Top5: 0.8337
  Val Batch [100/152] | Loss: 2.1579 | Top1: 0.6358 | Top5: 0.8352
  Val Batch [150/152] | Loss: 2.1399 | Top1: 0.6438 | Top5: 0.8343
  Val Batch [152/152] | Loss: 2.1416 | Top1: 0.6436 | Top5: 0.8341
  Val Epoch Time: 17.257s
Epoch [47/72] | Train Loss: 1.8674 | Train Top1: 0.5604 | Train Top5: 0.6737 | Val Loss: 2.1416 | Val Top1: 0.6436 | Val Top5: 0.8341 | LR: 2.43e-04 | Train Time: 327.485s | Val Time: 17.257s | Epoch Time: 344.742s

===== Epoch 48/72 (LR: 2.27e-04) =====
  Train Batch [50/863] | Loss: 1.8167 | Top1: 0.6144 | Top5: 0.7288
  Train Batch [100/863] | Loss: 1.7412 | Top1: 0.5409 | Top5: 0.6434
  Train Batch [150/863] | Loss: 1.7089 | Top1: 0.5415 | Top5: 0.6422
  Train Batch [200/863] | Loss: 1.7615 | Top1: 0.5346 | Top5: 0.6349
  Train Batch [250/863] | Loss: 1.8120 | Top1: 0.5204 | Top5: 0.6268
  Train Batch [300/863] | Loss: 1.7934 | Top1: 0.5172 | Top5: 0.6217
  Train Batch [350/863] | Loss: 1.8135 | Top1: 0.5142 | Top5: 0.6210
  Train Batch [400/863] | Loss: 1.8274 | Top1: 0.5067 | Top5: 0.6180
  Train Batch [450/863] | Loss: 1.8084 | Top1: 0.5203 | Top5: 0.6295
  Train Batch [500/863] | Loss: 1.8111 | Top1: 0.5216 | Top5: 0.6309
  Train Batch [550/863] | Loss: 1.7850 | Top1: 0.5114 | Top5: 0.6178
  Train Batch [600/863] | Loss: 1.7914 | Top1: 0.5087 | Top5: 0.6161
  Train Batch [650/863] | Loss: 1.8004 | Top1: 0.5083 | Top5: 0.6176
  Train Batch [700/863] | Loss: 1.7987 | Top1: 0.5093 | Top5: 0.6192
  Train Batch [750/863] | Loss: 1.7918 | Top1: 0.5112 | Top5: 0.6202
  Train Batch [800/863] | Loss: 1.8012 | Top1: 0.5172 | Top5: 0.6281
  Train Batch [850/863] | Loss: 1.8011 | Top1: 0.5126 | Top5: 0.6234
  Train Batch [863/863] | Loss: 1.7990 | Top1: 0.5136 | Top5: 0.6244
  Train Epoch Time: 327.335s
  Val Batch [50/152] | Loss: 2.1163 | Top1: 0.6438 | Top5: 0.8403
  Val Batch [100/152] | Loss: 2.1197 | Top1: 0.6470 | Top5: 0.8373
  Val Batch [150/152] | Loss: 2.1058 | Top1: 0.6525 | Top5: 0.8361
  Val Batch [152/152] | Loss: 2.1082 | Top1: 0.6521 | Top5: 0.8356
  Val Epoch Time: 17.287s
Epoch [48/72] | Train Loss: 1.7990 | Train Top1: 0.5136 | Train Top5: 0.6244 | Val Loss: 2.1082 | Val Top1: 0.6521 | Val Top5: 0.8356 | LR: 2.27e-04 | Train Time: 327.335s | Val Time: 17.287s | Epoch Time: 344.622s
Saved best checkpoint to: /home/blue-lobster/PycharmProjects/Model_California_Birds/outputs/output_20260308_224501/checkpoints/vit_base_best.pth

===== Epoch 49/72 (LR: 2.11e-04) =====
  Train Batch [50/863] | Loss: 1.7481 | Top1: 0.5631 | Top5: 0.6781
  Train Batch [100/863] | Loss: 1.7379 | Top1: 0.6338 | Top5: 0.7345
  Train Batch [150/863] | Loss: 1.7464 | Top1: 0.6007 | Top5: 0.7026
  Train Batch [200/863] | Loss: 1.7731 | Top1: 0.5726 | Top5: 0.6803
  Train Batch [250/863] | Loss: 1.7798 | Top1: 0.5688 | Top5: 0.6792
  Train Batch [300/863] | Loss: 1.7735 | Top1: 0.5566 | Top5: 0.6653
  Train Batch [350/863] | Loss: 1.7972 | Top1: 0.5484 | Top5: 0.6627
  Train Batch [400/863] | Loss: 1.8018 | Top1: 0.5577 | Top5: 0.6722
  Train Batch [450/863] | Loss: 1.8135 | Top1: 0.5472 | Top5: 0.6612
  Train Batch [500/863] | Loss: 1.8315 | Top1: 0.5395 | Top5: 0.6556
  Train Batch [550/863] | Loss: 1.8030 | Top1: 0.5349 | Top5: 0.6488
  Train Batch [600/863] | Loss: 1.7996 | Top1: 0.5319 | Top5: 0.6460
  Train Batch [650/863] | Loss: 1.8004 | Top1: 0.5285 | Top5: 0.6434
  Train Batch [700/863] | Loss: 1.7908 | Top1: 0.5317 | Top5: 0.6455
  Train Batch [750/863] | Loss: 1.7924 | Top1: 0.5358 | Top5: 0.6506
  Train Batch [800/863] | Loss: 1.7776 | Top1: 0.5323 | Top5: 0.6453
  Train Batch [850/863] | Loss: 1.7731 | Top1: 0.5324 | Top5: 0.6447
  Train Batch [863/863] | Loss: 1.7802 | Top1: 0.5328 | Top5: 0.6459
  Train Epoch Time: 327.340s
  Val Batch [50/152] | Loss: 2.1411 | Top1: 0.6434 | Top5: 0.8400
  Val Batch [100/152] | Loss: 2.1425 | Top1: 0.6505 | Top5: 0.8377
  Val Batch [150/152] | Loss: 2.1233 | Top1: 0.6543 | Top5: 0.8389
  Val Batch [152/152] | Loss: 2.1244 | Top1: 0.6537 | Top5: 0.8386
  Val Epoch Time: 17.251s
Epoch [49/72] | Train Loss: 1.7802 | Train Top1: 0.5328 | Train Top5: 0.6459 | Val Loss: 2.1244 | Val Top1: 0.6537 | Val Top5: 0.8386 | LR: 2.11e-04 | Train Time: 327.340s | Val Time: 17.251s | Epoch Time: 344.591s
Saved best checkpoint to: /home/blue-lobster/PycharmProjects/Model_California_Birds/outputs/output_20260308_224501/checkpoints/vit_base_best.pth

===== Epoch 50/72 (LR: 1.96e-04) =====
  Train Batch [50/863] | Loss: 1.6435 | Top1: 0.5419 | Top5: 0.6362
  Train Batch [100/863] | Loss: 1.7785 | Top1: 0.5427 | Top5: 0.6536
  Train Batch [150/863] | Loss: 1.8427 | Top1: 0.5197 | Top5: 0.6377
  Train Batch [200/863] | Loss: 1.7620 | Top1: 0.5162 | Top5: 0.6259
  Train Batch [250/863] | Loss: 1.7627 | Top1: 0.5267 | Top5: 0.6349
  Train Batch [300/863] | Loss: 1.7839 | Top1: 0.5441 | Top5: 0.6530
  Train Batch [350/863] | Loss: 1.7745 | Top1: 0.5442 | Top5: 0.6518
  Train Batch [400/863] | Loss: 1.7589 | Top1: 0.5535 | Top5: 0.6602
  Train Batch [450/863] | Loss: 1.7460 | Top1: 0.5467 | Top5: 0.6532
  Train Batch [500/863] | Loss: 1.7440 | Top1: 0.5464 | Top5: 0.6524
  Train Batch [550/863] | Loss: 1.7376 | Top1: 0.5401 | Top5: 0.6466
  Train Batch [600/863] | Loss: 1.7493 | Top1: 0.5476 | Top5: 0.6548
  Train Batch [650/863] | Loss: 1.7609 | Top1: 0.5493 | Top5: 0.6583
  Train Batch [700/863] | Loss: 1.7734 | Top1: 0.5515 | Top5: 0.6613
  Train Batch [750/863] | Loss: 1.7841 | Top1: 0.5507 | Top5: 0.6621
  Train Batch [800/863] | Loss: 1.7959 | Top1: 0.5557 | Top5: 0.6685
  Train Batch [850/863] | Loss: 1.7831 | Top1: 0.5539 | Top5: 0.6649
  Train Batch [863/863] | Loss: 1.7794 | Top1: 0.5512 | Top5: 0.6617
  Train Epoch Time: 327.350s
  Val Batch [50/152] | Loss: 2.1332 | Top1: 0.6494 | Top5: 0.8356
  Val Batch [100/152] | Loss: 2.1376 | Top1: 0.6552 | Top5: 0.8356
  Val Batch [150/152] | Loss: 2.1191 | Top1: 0.6598 | Top5: 0.8369
  Val Batch [152/152] | Loss: 2.1196 | Top1: 0.6597 | Top5: 0.8368
  Val Epoch Time: 17.263s
Epoch [50/72] | Train Loss: 1.7794 | Train Top1: 0.5512 | Train Top5: 0.6617 | Val Loss: 2.1196 | Val Top1: 0.6597 | Val Top5: 0.8368 | LR: 1.96e-04 | Train Time: 327.350s | Val Time: 17.263s | Epoch Time: 344.613s
Saved best checkpoint to: /home/blue-lobster/PycharmProjects/Model_California_Birds/outputs/output_20260308_224501/checkpoints/vit_base_best.pth

===== Epoch 51/72 (LR: 1.81e-04) =====
  Train Batch [50/863] | Loss: 1.8015 | Top1: 0.6869 | Top5: 0.8031
  Train Batch [100/863] | Loss: 1.8128 | Top1: 0.6672 | Top5: 0.7870
  Train Batch [150/863] | Loss: 1.7391 | Top1: 0.6690 | Top5: 0.7760
  Train Batch [200/863] | Loss: 1.7200 | Top1: 0.6432 | Top5: 0.7505
  Train Batch [250/863] | Loss: 1.7947 | Top1: 0.6162 | Top5: 0.7322
  Train Batch [300/863] | Loss: 1.7791 | Top1: 0.6130 | Top5: 0.7266
  Train Batch [350/863] | Loss: 1.7876 | Top1: 0.5975 | Top5: 0.7113
  Train Batch [400/863] | Loss: 1.7886 | Top1: 0.5893 | Top5: 0.7047
  Train Batch [450/863] | Loss: 1.8122 | Top1: 0.5825 | Top5: 0.7003
  Train Batch [500/863] | Loss: 1.8025 | Top1: 0.5745 | Top5: 0.6923
  Train Batch [550/863] | Loss: 1.8077 | Top1: 0.5679 | Top5: 0.6853
  Train Batch [600/863] | Loss: 1.8042 | Top1: 0.5705 | Top5: 0.6874
  Train Batch [650/863] | Loss: 1.8044 | Top1: 0.5664 | Top5: 0.6836
  Train Batch [700/863] | Loss: 1.7819 | Top1: 0.5660 | Top5: 0.6814
  Train Batch [750/863] | Loss: 1.7956 | Top1: 0.5630 | Top5: 0.6810
  Train Batch [800/863] | Loss: 1.7955 | Top1: 0.5641 | Top5: 0.6831
  Train Batch [850/863] | Loss: 1.7878 | Top1: 0.5652 | Top5: 0.6830
  Train Batch [863/863] | Loss: 1.7912 | Top1: 0.5679 | Top5: 0.6860
  Train Epoch Time: 327.417s
  Val Batch [50/152] | Loss: 2.1149 | Top1: 0.6600 | Top5: 0.8356
  Val Batch [100/152] | Loss: 2.1261 | Top1: 0.6569 | Top5: 0.8339
  Val Batch [150/152] | Loss: 2.1062 | Top1: 0.6590 | Top5: 0.8347
  Val Batch [152/152] | Loss: 2.1084 | Top1: 0.6585 | Top5: 0.8345
  Val Epoch Time: 17.228s
Epoch [51/72] | Train Loss: 1.7912 | Train Top1: 0.5679 | Train Top5: 0.6860 | Val Loss: 2.1084 | Val Top1: 0.6585 | Val Top5: 0.8345 | LR: 1.81e-04 | Train Time: 327.417s | Val Time: 17.228s | Epoch Time: 344.645s

===== Epoch 52/72 (LR: 1.66e-04) =====
  Train Batch [50/863] | Loss: 1.8319 | Top1: 0.5831 | Top5: 0.7209
  Train Batch [100/863] | Loss: 1.8219 | Top1: 0.5617 | Top5: 0.6906
  Train Batch [150/863] | Loss: 1.8148 | Top1: 0.5485 | Top5: 0.6720
  Train Batch [200/863] | Loss: 1.7892 | Top1: 0.5547 | Top5: 0.6748
  Train Batch [250/863] | Loss: 1.7729 | Top1: 0.5606 | Top5: 0.6752
  Train Batch [300/863] | Loss: 1.7851 | Top1: 0.5598 | Top5: 0.6768
  Train Batch [350/863] | Loss: 1.8012 | Top1: 0.5709 | Top5: 0.6920
  Train Batch [400/863] | Loss: 1.7803 | Top1: 0.5761 | Top5: 0.6948
  Train Batch [450/863] | Loss: 1.7977 | Top1: 0.5686 | Top5: 0.6902
  Train Batch [500/863] | Loss: 1.7767 | Top1: 0.5571 | Top5: 0.6775
  Train Batch [550/863] | Loss: 1.7586 | Top1: 0.5591 | Top5: 0.6772
  Train Batch [600/863] | Loss: 1.7659 | Top1: 0.5629 | Top5: 0.6800
  Train Batch [650/863] | Loss: 1.7466 | Top1: 0.5596 | Top5: 0.6748
  Train Batch [700/863] | Loss: 1.7686 | Top1: 0.5479 | Top5: 0.6667
  Train Batch [750/863] | Loss: 1.7761 | Top1: 0.5483 | Top5: 0.6683
  Train Batch [800/863] | Loss: 1.7647 | Top1: 0.5532 | Top5: 0.6710
  Train Batch [850/863] | Loss: 1.7714 | Top1: 0.5563 | Top5: 0.6746
  Train Batch [863/863] | Loss: 1.7682 | Top1: 0.5563 | Top5: 0.6740
  Train Epoch Time: 327.281s
  Val Batch [50/152] | Loss: 2.1084 | Top1: 0.6453 | Top5: 0.8378
  Val Batch [100/152] | Loss: 2.1090 | Top1: 0.6577 | Top5: 0.8397
  Val Batch [150/152] | Loss: 2.0907 | Top1: 0.6617 | Top5: 0.8407
  Val Batch [152/152] | Loss: 2.0920 | Top1: 0.6614 | Top5: 0.8405
  Val Epoch Time: 17.270s
Epoch [52/72] | Train Loss: 1.7682 | Train Top1: 0.5563 | Train Top5: 0.6740 | Val Loss: 2.0920 | Val Top1: 0.6614 | Val Top5: 0.8405 | LR: 1.66e-04 | Train Time: 327.281s | Val Time: 17.270s | Epoch Time: 344.551s
Saved best checkpoint to: /home/blue-lobster/PycharmProjects/Model_California_Birds/outputs/output_20260308_224501/checkpoints/vit_base_best.pth

===== Epoch 53/72 (LR: 1.52e-04) =====
  Train Batch [50/863] | Loss: 1.4717 | Top1: 0.5797 | Top5: 0.6603
  Train Batch [100/863] | Loss: 1.5144 | Top1: 0.5613 | Top5: 0.6441
  Train Batch [150/863] | Loss: 1.6490 | Top1: 0.5921 | Top5: 0.6856
  Train Batch [200/863] | Loss: 1.7137 | Top1: 0.5822 | Top5: 0.6834
  Train Batch [250/863] | Loss: 1.7471 | Top1: 0.5558 | Top5: 0.6619
  Train Batch [300/863] | Loss: 1.7761 | Top1: 0.5586 | Top5: 0.6719
  Train Batch [350/863] | Loss: 1.7621 | Top1: 0.5492 | Top5: 0.6648
  Train Batch [400/863] | Loss: 1.7703 | Top1: 0.5578 | Top5: 0.6737
  Train Batch [450/863] | Loss: 1.7659 | Top1: 0.5552 | Top5: 0.6730
  Train Batch [500/863] | Loss: 1.7679 | Top1: 0.5568 | Top5: 0.6752
  Train Batch [550/863] | Loss: 1.7718 | Top1: 0.5567 | Top5: 0.6772
  Train Batch [600/863] | Loss: 1.7692 | Top1: 0.5524 | Top5: 0.6710
  Train Batch [650/863] | Loss: 1.7800 | Top1: 0.5529 | Top5: 0.6728
  Train Batch [700/863] | Loss: 1.7813 | Top1: 0.5523 | Top5: 0.6733
  Train Batch [750/863] | Loss: 1.7761 | Top1: 0.5520 | Top5: 0.6727
  Train Batch [800/863] | Loss: 1.7793 | Top1: 0.5605 | Top5: 0.6816
  Train Batch [850/863] | Loss: 1.7745 | Top1: 0.5626 | Top5: 0.6833
  Train Batch [863/863] | Loss: 1.7683 | Top1: 0.5632 | Top5: 0.6832
  Train Epoch Time: 327.151s
  Val Batch [50/152] | Loss: 2.1224 | Top1: 0.6516 | Top5: 0.8413
  Val Batch [100/152] | Loss: 2.1286 | Top1: 0.6564 | Top5: 0.8356
  Val Batch [150/152] | Loss: 2.1108 | Top1: 0.6616 | Top5: 0.8380
  Val Batch [152/152] | Loss: 2.1122 | Top1: 0.6610 | Top5: 0.8378
  Val Epoch Time: 17.218s
Epoch [53/72] | Train Loss: 1.7683 | Train Top1: 0.5632 | Train Top5: 0.6832 | Val Loss: 2.1122 | Val Top1: 0.6610 | Val Top5: 0.8378 | LR: 1.52e-04 | Train Time: 327.151s | Val Time: 17.218s | Epoch Time: 344.370s

===== Epoch 54/72 (LR: 1.38e-04) =====
  Train Batch [50/863] | Loss: 1.6589 | Top1: 0.6047 | Top5: 0.7134
  Train Batch [100/863] | Loss: 1.6192 | Top1: 0.5692 | Top5: 0.6720
  Train Batch [150/863] | Loss: 1.6689 | Top1: 0.5484 | Top5: 0.6549
  Train Batch [200/863] | Loss: 1.6294 | Top1: 0.5362 | Top5: 0.6363
  Train Batch [250/863] | Loss: 1.6245 | Top1: 0.5380 | Top5: 0.6370
  Train Batch [300/863] | Loss: 1.6487 | Top1: 0.5334 | Top5: 0.6351
  Train Batch [350/863] | Loss: 1.6682 | Top1: 0.5336 | Top5: 0.6377
  Train Batch [400/863] | Loss: 1.6856 | Top1: 0.5320 | Top5: 0.6383
  Train Batch [450/863] | Loss: 1.6685 | Top1: 0.5418 | Top5: 0.6461
  Train Batch [500/863] | Loss: 1.6567 | Top1: 0.5352 | Top5: 0.6395
  Train Batch [550/863] | Loss: 1.6510 | Top1: 0.5410 | Top5: 0.6441
  Train Batch [600/863] | Loss: 1.6606 | Top1: 0.5404 | Top5: 0.6449
  Train Batch [650/863] | Loss: 1.6670 | Top1: 0.5413 | Top5: 0.6469
  Train Batch [700/863] | Loss: 1.6546 | Top1: 0.5399 | Top5: 0.6449
  Train Batch [750/863] | Loss: 1.6506 | Top1: 0.5399 | Top5: 0.6451
  Train Batch [800/863] | Loss: 1.6356 | Top1: 0.5425 | Top5: 0.6459
  Train Batch [850/863] | Loss: 1.6492 | Top1: 0.5385 | Top5: 0.6444
  Train Batch [863/863] | Loss: 1.6543 | Top1: 0.5367 | Top5: 0.6441
  Train Epoch Time: 327.179s
  Val Batch [50/152] | Loss: 2.0940 | Top1: 0.6556 | Top5: 0.8409
  Val Batch [100/152] | Loss: 2.0962 | Top1: 0.6600 | Top5: 0.8398
  Val Batch [150/152] | Loss: 2.0826 | Top1: 0.6626 | Top5: 0.8408
  Val Batch [152/152] | Loss: 2.0840 | Top1: 0.6621 | Top5: 0.8405
  Val Epoch Time: 17.230s
Epoch [54/72] | Train Loss: 1.6543 | Train Top1: 0.5367 | Train Top5: 0.6441 | Val Loss: 2.0840 | Val Top1: 0.6621 | Val Top5: 0.8405 | LR: 1.38e-04 | Train Time: 327.179s | Val Time: 17.230s | Epoch Time: 344.410s
Saved best checkpoint to: /home/blue-lobster/PycharmProjects/Model_California_Birds/outputs/output_20260308_224501/checkpoints/vit_base_best.pth

===== Epoch 55/72 (LR: 1.25e-04) =====
  Train Batch [50/863] | Loss: 1.7435 | Top1: 0.6025 | Top5: 0.7434
  Train Batch [100/863] | Loss: 1.7314 | Top1: 0.6141 | Top5: 0.7341
  Train Batch [150/863] | Loss: 1.6889 | Top1: 0.6022 | Top5: 0.7190
  Train Batch [200/863] | Loss: 1.6846 | Top1: 0.5994 | Top5: 0.7175
  Train Batch [250/863] | Loss: 1.7395 | Top1: 0.5856 | Top5: 0.7083
  Train Batch [300/863] | Loss: 1.7364 | Top1: 0.5873 | Top5: 0.7103
  Train Batch [350/863] | Loss: 1.7390 | Top1: 0.5812 | Top5: 0.7046
  Train Batch [400/863] | Loss: 1.7315 | Top1: 0.5786 | Top5: 0.7012
  Train Batch [450/863] | Loss: 1.7371 | Top1: 0.5774 | Top5: 0.7029
  Train Batch [500/863] | Loss: 1.7371 | Top1: 0.5704 | Top5: 0.6942
  Train Batch [550/863] | Loss: 1.7309 | Top1: 0.5820 | Top5: 0.7034
  Train Batch [600/863] | Loss: 1.7400 | Top1: 0.5747 | Top5: 0.6989
  Train Batch [650/863] | Loss: 1.7305 | Top1: 0.5648 | Top5: 0.6890
  Train Batch [700/863] | Loss: 1.7303 | Top1: 0.5560 | Top5: 0.6810
  Train Batch [750/863] | Loss: 1.7290 | Top1: 0.5515 | Top5: 0.6760
  Train Batch [800/863] | Loss: 1.7250 | Top1: 0.5527 | Top5: 0.6765
  Train Batch [850/863] | Loss: 1.7294 | Top1: 0.5514 | Top5: 0.6766
  Train Batch [863/863] | Loss: 1.7243 | Top1: 0.5486 | Top5: 0.6736
  Train Epoch Time: 326.993s
  Val Batch [50/152] | Loss: 2.0993 | Top1: 0.6566 | Top5: 0.8422
  Val Batch [100/152] | Loss: 2.1036 | Top1: 0.6614 | Top5: 0.8398
  Val Batch [150/152] | Loss: 2.0900 | Top1: 0.6644 | Top5: 0.8405
  Val Batch [152/152] | Loss: 2.0920 | Top1: 0.6637 | Top5: 0.8402
  Val Epoch Time: 17.213s
Epoch [55/72] | Train Loss: 1.7243 | Train Top1: 0.5486 | Train Top5: 0.6736 | Val Loss: 2.0920 | Val Top1: 0.6637 | Val Top5: 0.8402 | LR: 1.25e-04 | Train Time: 326.993s | Val Time: 17.213s | Epoch Time: 344.206s
Saved best checkpoint to: /home/blue-lobster/PycharmProjects/Model_California_Birds/outputs/output_20260308_224501/checkpoints/vit_base_best.pth

===== Epoch 56/72 (LR: 1.12e-04) =====
  Train Batch [50/863] | Loss: 1.7293 | Top1: 0.5563 | Top5: 0.6706
  Train Batch [100/863] | Loss: 1.7429 | Top1: 0.5898 | Top5: 0.7089
  Train Batch [150/863] | Loss: 1.6784 | Top1: 0.5395 | Top5: 0.6595
  Train Batch [200/863] | Loss: 1.6815 | Top1: 0.5398 | Top5: 0.6589
  Train Batch [250/863] | Loss: 1.6874 | Top1: 0.5626 | Top5: 0.6752
  Train Batch [300/863] | Loss: 1.7116 | Top1: 0.5494 | Top5: 0.6706
  Train Batch [350/863] | Loss: 1.7107 | Top1: 0.5603 | Top5: 0.6817
  Train Batch [400/863] | Loss: 1.6983 | Top1: 0.5645 | Top5: 0.6846
  Train Batch [450/863] | Loss: 1.7068 | Top1: 0.5628 | Top5: 0.6839
  Train Batch [500/863] | Loss: 1.7078 | Top1: 0.5619 | Top5: 0.6847
  Train Batch [550/863] | Loss: 1.7189 | Top1: 0.5616 | Top5: 0.6862
  Train Batch [600/863] | Loss: 1.7323 | Top1: 0.5601 | Top5: 0.6861
  Train Batch [650/863] | Loss: 1.7121 | Top1: 0.5667 | Top5: 0.6893
  Train Batch [700/863] | Loss: 1.7057 | Top1: 0.5642 | Top5: 0.6850
  Train Batch [750/863] | Loss: 1.7202 | Top1: 0.5590 | Top5: 0.6819
  Train Batch [800/863] | Loss: 1.7239 | Top1: 0.5598 | Top5: 0.6833
  Train Batch [850/863] | Loss: 1.7217 | Top1: 0.5519 | Top5: 0.6747
  Train Batch [863/863] | Loss: 1.7167 | Top1: 0.5531 | Top5: 0.6754
  Train Epoch Time: 327.187s
  Val Batch [50/152] | Loss: 2.0794 | Top1: 0.6575 | Top5: 0.8428
  Val Batch [100/152] | Loss: 2.0783 | Top1: 0.6625 | Top5: 0.8416
  Val Batch [150/152] | Loss: 2.0583 | Top1: 0.6686 | Top5: 0.8435
  Val Batch [152/152] | Loss: 2.0590 | Top1: 0.6684 | Top5: 0.8432
  Val Epoch Time: 17.218s
Epoch [56/72] | Train Loss: 1.7167 | Train Top1: 0.5531 | Train Top5: 0.6754 | Val Loss: 2.0590 | Val Top1: 0.6684 | Val Top5: 0.8432 | LR: 1.12e-04 | Train Time: 327.187s | Val Time: 17.218s | Epoch Time: 344.405s
Saved best checkpoint to: /home/blue-lobster/PycharmProjects/Model_California_Birds/outputs/output_20260308_224501/checkpoints/vit_base_best.pth

===== Epoch 57/72 (LR: 1.00e-04) =====
  Train Batch [50/863] | Loss: 1.7329 | Top1: 0.6400 | Top5: 0.7741
  Train Batch [100/863] | Loss: 1.6709 | Top1: 0.5763 | Top5: 0.6970
  Train Batch [150/863] | Loss: 1.7433 | Top1: 0.5791 | Top5: 0.7030
  Train Batch [200/863] | Loss: 1.7344 | Top1: 0.5780 | Top5: 0.7050
  Train Batch [250/863] | Loss: 1.7537 | Top1: 0.5599 | Top5: 0.6879
  Train Batch [300/863] | Loss: 1.7078 | Top1: 0.5684 | Top5: 0.6918
  Train Batch [350/863] | Loss: 1.7022 | Top1: 0.5683 | Top5: 0.6908
  Train Batch [400/863] | Loss: 1.7220 | Top1: 0.5689 | Top5: 0.6960
  Train Batch [450/863] | Loss: 1.7151 | Top1: 0.5604 | Top5: 0.6896
  Train Batch [500/863] | Loss: 1.7045 | Top1: 0.5733 | Top5: 0.7005
  Train Batch [550/863] | Loss: 1.7005 | Top1: 0.5738 | Top5: 0.6986
  Train Batch [600/863] | Loss: 1.6857 | Top1: 0.5699 | Top5: 0.6947
  Train Batch [650/863] | Loss: 1.6933 | Top1: 0.5676 | Top5: 0.6927
  Train Batch [700/863] | Loss: 1.6943 | Top1: 0.5697 | Top5: 0.6949
  Train Batch [750/863] | Loss: 1.6889 | Top1: 0.5700 | Top5: 0.6949
  Train Batch [800/863] | Loss: 1.6899 | Top1: 0.5666 | Top5: 0.6917
  Train Batch [850/863] | Loss: 1.6918 | Top1: 0.5676 | Top5: 0.6934
  Train Batch [863/863] | Loss: 1.6880 | Top1: 0.5697 | Top5: 0.6950
  Train Epoch Time: 327.278s
  Val Batch [50/152] | Loss: 2.0743 | Top1: 0.6587 | Top5: 0.8447
  Val Batch [100/152] | Loss: 2.0716 | Top1: 0.6630 | Top5: 0.8434
  Val Batch [150/152] | Loss: 2.0547 | Top1: 0.6684 | Top5: 0.8443
  Val Batch [152/152] | Loss: 2.0557 | Top1: 0.6678 | Top5: 0.8439
  Val Epoch Time: 17.218s
Epoch [57/72] | Train Loss: 1.6880 | Train Top1: 0.5697 | Train Top5: 0.6950 | Val Loss: 2.0557 | Val Top1: 0.6678 | Val Top5: 0.8439 | LR: 1.00e-04 | Train Time: 327.278s | Val Time: 17.218s | Epoch Time: 344.496s

===== Epoch 58/72 (LR: 8.85e-05) =====
  Train Batch [50/863] | Loss: 1.8157 | Top1: 0.4866 | Top5: 0.6238
  Train Batch [100/863] | Loss: 1.7987 | Top1: 0.5181 | Top5: 0.6544
  Train Batch [150/863] | Loss: 1.7328 | Top1: 0.5457 | Top5: 0.6755
  Train Batch [200/863] | Loss: 1.7161 | Top1: 0.5837 | Top5: 0.7063
  Train Batch [250/863] | Loss: 1.7193 | Top1: 0.5676 | Top5: 0.6899
  Train Batch [300/863] | Loss: 1.7033 | Top1: 0.5660 | Top5: 0.6886
  Train Batch [350/863] | Loss: 1.6698 | Top1: 0.5681 | Top5: 0.6863
  Train Batch [400/863] | Loss: 1.6491 | Top1: 0.5773 | Top5: 0.6937
  Train Batch [450/863] | Loss: 1.6526 | Top1: 0.5818 | Top5: 0.6997
  Train Batch [500/863] | Loss: 1.6417 | Top1: 0.5805 | Top5: 0.6957
  Train Batch [550/863] | Loss: 1.6594 | Top1: 0.5800 | Top5: 0.6973
  Train Batch [600/863] | Loss: 1.6596 | Top1: 0.5674 | Top5: 0.6856
  Train Batch [650/863] | Loss: 1.6686 | Top1: 0.5695 | Top5: 0.6890
  Train Batch [700/863] | Loss: 1.6768 | Top1: 0.5706 | Top5: 0.6915
  Train Batch [750/863] | Loss: 1.6735 | Top1: 0.5629 | Top5: 0.6830
  Train Batch [800/863] | Loss: 1.6527 | Top1: 0.5670 | Top5: 0.6846
  Train Batch [850/863] | Loss: 1.6416 | Top1: 0.5730 | Top5: 0.6900
  Train Batch [863/863] | Loss: 1.6400 | Top1: 0.5711 | Top5: 0.6882
  Train Epoch Time: 327.021s
  Val Batch [50/152] | Loss: 2.0703 | Top1: 0.6625 | Top5: 0.8431
  Val Batch [100/152] | Loss: 2.0709 | Top1: 0.6655 | Top5: 0.8425
  Val Batch [150/152] | Loss: 2.0573 | Top1: 0.6697 | Top5: 0.8440
  Val Batch [152/152] | Loss: 2.0578 | Top1: 0.6690 | Top5: 0.8438
  Val Epoch Time: 17.230s
Epoch [58/72] | Train Loss: 1.6400 | Train Top1: 0.5711 | Train Top5: 0.6882 | Val Loss: 2.0578 | Val Top1: 0.6690 | Val Top5: 0.8438 | LR: 8.85e-05 | Train Time: 327.021s | Val Time: 17.230s | Epoch Time: 344.251s
Saved best checkpoint to: /home/blue-lobster/PycharmProjects/Model_California_Birds/outputs/output_20260308_224501/checkpoints/vit_base_best.pth

===== Epoch 59/72 (LR: 7.76e-05) =====
  Train Batch [50/863] | Loss: 1.5934 | Top1: 0.5578 | Top5: 0.6959
  Train Batch [100/863] | Loss: 1.6289 | Top1: 0.5758 | Top5: 0.7089
  Train Batch [150/863] | Loss: 1.6340 | Top1: 0.5428 | Top5: 0.6736
  Train Batch [200/863] | Loss: 1.5742 | Top1: 0.5538 | Top5: 0.6710
  Train Batch [250/863] | Loss: 1.5698 | Top1: 0.5671 | Top5: 0.6796
  Train Batch [300/863] | Loss: 1.5920 | Top1: 0.5632 | Top5: 0.6806
  Train Batch [350/863] | Loss: 1.5901 | Top1: 0.5687 | Top5: 0.6850
  Train Batch [400/863] | Loss: 1.6259 | Top1: 0.5683 | Top5: 0.6898
  Train Batch [450/863] | Loss: 1.6338 | Top1: 0.5701 | Top5: 0.6947
  Train Batch [500/863] | Loss: 1.6367 | Top1: 0.5670 | Top5: 0.6924
  Train Batch [550/863] | Loss: 1.6397 | Top1: 0.5570 | Top5: 0.6824
  Train Batch [600/863] | Loss: 1.6418 | Top1: 0.5537 | Top5: 0.6785
  Train Batch [650/863] | Loss: 1.6320 | Top1: 0.5586 | Top5: 0.6826
  Train Batch [700/863] | Loss: 1.6319 | Top1: 0.5552 | Top5: 0.6793
  Train Batch [750/863] | Loss: 1.6330 | Top1: 0.5561 | Top5: 0.6810
  Train Batch [800/863] | Loss: 1.6292 | Top1: 0.5608 | Top5: 0.6861
  Train Batch [850/863] | Loss: 1.6302 | Top1: 0.5636 | Top5: 0.6899
  Train Batch [863/863] | Loss: 1.6266 | Top1: 0.5616 | Top5: 0.6880
  Train Epoch Time: 327.098s
  Val Batch [50/152] | Loss: 2.0857 | Top1: 0.6637 | Top5: 0.8397
  Val Batch [100/152] | Loss: 2.0869 | Top1: 0.6645 | Top5: 0.8402
  Val Batch [150/152] | Loss: 2.0717 | Top1: 0.6681 | Top5: 0.8408
  Val Batch [152/152] | Loss: 2.0726 | Top1: 0.6676 | Top5: 0.8405
  Val Epoch Time: 17.213s
Epoch [59/72] | Train Loss: 1.6266 | Train Top1: 0.5616 | Train Top5: 0.6880 | Val Loss: 2.0726 | Val Top1: 0.6676 | Val Top5: 0.8405 | LR: 7.76e-05 | Train Time: 327.098s | Val Time: 17.213s | Epoch Time: 344.311s

===== Epoch 60/72 (LR: 6.72e-05) =====
  Train Batch [50/863] | Loss: 1.6355 | Top1: 0.4878 | Top5: 0.6219
  Train Batch [100/863] | Loss: 1.7041 | Top1: 0.5375 | Top5: 0.6723
  Train Batch [150/863] | Loss: 1.7101 | Top1: 0.5171 | Top5: 0.6568
  Train Batch [200/863] | Loss: 1.7248 | Top1: 0.5468 | Top5: 0.6877
  Train Batch [250/863] | Loss: 1.7373 | Top1: 0.5578 | Top5: 0.6987
  Train Batch [300/863] | Loss: 1.7115 | Top1: 0.5500 | Top5: 0.6894
  Train Batch [350/863] | Loss: 1.6871 | Top1: 0.5377 | Top5: 0.6721
  Train Batch [400/863] | Loss: 1.6508 | Top1: 0.5332 | Top5: 0.6647
  Train Batch [450/863] | Loss: 1.6340 | Top1: 0.5375 | Top5: 0.6640
  Train Batch [500/863] | Loss: 1.6491 | Top1: 0.5400 | Top5: 0.6665
  Train Batch [550/863] | Loss: 1.6382 | Top1: 0.5521 | Top5: 0.6764
  Train Batch [600/863] | Loss: 1.6269 | Top1: 0.5604 | Top5: 0.6839
  Train Batch [650/863] | Loss: 1.6147 | Top1: 0.5609 | Top5: 0.6827
  Train Batch [700/863] | Loss: 1.6074 | Top1: 0.5638 | Top5: 0.6848
  Train Batch [750/863] | Loss: 1.6098 | Top1: 0.5636 | Top5: 0.6844
  Train Batch [800/863] | Loss: 1.6109 | Top1: 0.5619 | Top5: 0.6821
  Train Batch [850/863] | Loss: 1.6137 | Top1: 0.5611 | Top5: 0.6824
  Train Batch [863/863] | Loss: 1.6150 | Top1: 0.5609 | Top5: 0.6827
  Train Epoch Time: 326.921s
  Val Batch [50/152] | Loss: 2.0766 | Top1: 0.6597 | Top5: 0.8456
  Val Batch [100/152] | Loss: 2.0772 | Top1: 0.6647 | Top5: 0.8434
  Val Batch [150/152] | Loss: 2.0614 | Top1: 0.6691 | Top5: 0.8459
  Val Batch [152/152] | Loss: 2.0620 | Top1: 0.6684 | Top5: 0.8455
  Val Epoch Time: 17.214s
Epoch [60/72] | Train Loss: 1.6150 | Train Top1: 0.5609 | Train Top5: 0.6827 | Val Loss: 2.0620 | Val Top1: 0.6684 | Val Top5: 0.8455 | LR: 6.72e-05 | Train Time: 326.921s | Val Time: 17.214s | Epoch Time: 344.135s

===== Epoch 61/72 (LR: 5.76e-05) =====
  Train Batch [50/863] | Loss: 1.7223 | Top1: 0.6003 | Top5: 0.7288
  Train Batch [100/863] | Loss: 1.6276 | Top1: 0.6320 | Top5: 0.7497
  Train Batch [150/863] | Loss: 1.5806 | Top1: 0.6371 | Top5: 0.7440
  Train Batch [200/863] | Loss: 1.5495 | Top1: 0.6314 | Top5: 0.7316
  Train Batch [250/863] | Loss: 1.5627 | Top1: 0.6262 | Top5: 0.7338
  Train Batch [300/863] | Loss: 1.5470 | Top1: 0.6199 | Top5: 0.7268
  Train Batch [350/863] | Loss: 1.5555 | Top1: 0.6208 | Top5: 0.7263
  Train Batch [400/863] | Loss: 1.5775 | Top1: 0.6174 | Top5: 0.7261
  Train Batch [450/863] | Loss: 1.5816 | Top1: 0.6022 | Top5: 0.7122
  Train Batch [500/863] | Loss: 1.5812 | Top1: 0.6036 | Top5: 0.7157
  Train Batch [550/863] | Loss: 1.6060 | Top1: 0.5901 | Top5: 0.7083
  Train Batch [600/863] | Loss: 1.6115 | Top1: 0.5938 | Top5: 0.7121
  Train Batch [650/863] | Loss: 1.6019 | Top1: 0.5970 | Top5: 0.7137
  Train Batch [700/863] | Loss: 1.6044 | Top1: 0.5966 | Top5: 0.7132
  Train Batch [750/863] | Loss: 1.6082 | Top1: 0.5890 | Top5: 0.7073
  Train Batch [800/863] | Loss: 1.6244 | Top1: 0.5865 | Top5: 0.7077
  Train Batch [850/863] | Loss: 1.6189 | Top1: 0.5801 | Top5: 0.7014
  Train Batch [863/863] | Loss: 1.6172 | Top1: 0.5790 | Top5: 0.6999
  Train Epoch Time: 326.753s
  Val Batch [50/152] | Loss: 2.0919 | Top1: 0.6613 | Top5: 0.8453
  Val Batch [100/152] | Loss: 2.0932 | Top1: 0.6655 | Top5: 0.8438
  Val Batch [150/152] | Loss: 2.0779 | Top1: 0.6693 | Top5: 0.8445
  Val Batch [152/152] | Loss: 2.0780 | Top1: 0.6686 | Top5: 0.8443
  Val Epoch Time: 17.210s
Epoch [61/72] | Train Loss: 1.6172 | Train Top1: 0.5790 | Train Top5: 0.6999 | Val Loss: 2.0780 | Val Top1: 0.6686 | Val Top5: 0.8443 | LR: 5.76e-05 | Train Time: 326.753s | Val Time: 17.210s | Epoch Time: 343.963s

===== Epoch 62/72 (LR: 4.86e-05) =====
  Train Batch [50/863] | Loss: 1.4582 | Top1: 0.5731 | Top5: 0.6678
  Train Batch [100/863] | Loss: 1.6037 | Top1: 0.5325 | Top5: 0.6550
  Train Batch [150/863] | Loss: 1.7058 | Top1: 0.5144 | Top5: 0.6528
  Train Batch [200/863] | Loss: 1.6768 | Top1: 0.5259 | Top5: 0.6606
  Train Batch [250/863] | Loss: 1.6450 | Top1: 0.5467 | Top5: 0.6743
  Train Batch [300/863] | Loss: 1.6369 | Top1: 0.5408 | Top5: 0.6675
  Train Batch [350/863] | Loss: 1.6066 | Top1: 0.5578 | Top5: 0.6795
  Train Batch [400/863] | Loss: 1.5957 | Top1: 0.5590 | Top5: 0.6780
  Train Batch [450/863] | Loss: 1.5931 | Top1: 0.5703 | Top5: 0.6873
  Train Batch [500/863] | Loss: 1.5997 | Top1: 0.5715 | Top5: 0.6902
  Train Batch [550/863] | Loss: 1.6117 | Top1: 0.5683 | Top5: 0.6901
  Train Batch [600/863] | Loss: 1.6244 | Top1: 0.5724 | Top5: 0.6972
  Train Batch [650/863] | Loss: 1.6298 | Top1: 0.5775 | Top5: 0.7033
  Train Batch [700/863] | Loss: 1.6304 | Top1: 0.5825 | Top5: 0.7079
  Train Batch [750/863] | Loss: 1.6293 | Top1: 0.5802 | Top5: 0.7068
  Train Batch [800/863] | Loss: 1.6330 | Top1: 0.5742 | Top5: 0.7019
  Train Batch [850/863] | Loss: 1.6168 | Top1: 0.5715 | Top5: 0.6966
  Train Batch [863/863] | Loss: 1.6158 | Top1: 0.5741 | Top5: 0.6992
  Train Epoch Time: 326.741s
  Val Batch [50/152] | Loss: 2.0738 | Top1: 0.6628 | Top5: 0.8494
  Val Batch [100/152] | Loss: 2.0737 | Top1: 0.6694 | Top5: 0.8461
  Val Batch [150/152] | Loss: 2.0581 | Top1: 0.6726 | Top5: 0.8489
  Val Batch [152/152] | Loss: 2.0584 | Top1: 0.6722 | Top5: 0.8489
  Val Epoch Time: 17.210s
Epoch [62/72] | Train Loss: 1.6158 | Train Top1: 0.5741 | Train Top5: 0.6992 | Val Loss: 2.0584 | Val Top1: 0.6722 | Val Top5: 0.8489 | LR: 4.86e-05 | Train Time: 326.741s | Val Time: 17.210s | Epoch Time: 343.951s
Saved best checkpoint to: /home/blue-lobster/PycharmProjects/Model_California_Birds/outputs/output_20260308_224501/checkpoints/vit_base_best.pth

===== Epoch 63/72 (LR: 4.03e-05) =====
  Train Batch [50/863] | Loss: 1.4921 | Top1: 0.4722 | Top5: 0.5891
  Train Batch [100/863] | Loss: 1.5629 | Top1: 0.5406 | Top5: 0.6637
  Train Batch [150/863] | Loss: 1.5734 | Top1: 0.5426 | Top5: 0.6669
  Train Batch [200/863] | Loss: 1.6349 | Top1: 0.5649 | Top5: 0.6981
  Train Batch [250/863] | Loss: 1.6333 | Top1: 0.5574 | Top5: 0.6911
  Train Batch [300/863] | Loss: 1.6383 | Top1: 0.5598 | Top5: 0.6899
  Train Batch [350/863] | Loss: 1.6267 | Top1: 0.5705 | Top5: 0.6979
  Train Batch [400/863] | Loss: 1.6167 | Top1: 0.5598 | Top5: 0.6844
  Train Batch [450/863] | Loss: 1.6151 | Top1: 0.5612 | Top5: 0.6863
  Train Batch [500/863] | Loss: 1.6155 | Top1: 0.5625 | Top5: 0.6880
  Train Batch [550/863] | Loss: 1.6272 | Top1: 0.5601 | Top5: 0.6898
  Train Batch [600/863] | Loss: 1.6378 | Top1: 0.5621 | Top5: 0.6935
  Train Batch [650/863] | Loss: 1.6306 | Top1: 0.5552 | Top5: 0.6859
  Train Batch [700/863] | Loss: 1.6107 | Top1: 0.5585 | Top5: 0.6854
  Train Batch [750/863] | Loss: 1.6099 | Top1: 0.5576 | Top5: 0.6840
  Train Batch [800/863] | Loss: 1.6115 | Top1: 0.5523 | Top5: 0.6789
  Train Batch [850/863] | Loss: 1.6191 | Top1: 0.5462 | Top5: 0.6752
  Train Batch [863/863] | Loss: 1.6210 | Top1: 0.5480 | Top5: 0.6770
  Train Epoch Time: 326.807s
  Val Batch [50/152] | Loss: 2.0787 | Top1: 0.6606 | Top5: 0.8497
  Val Batch [100/152] | Loss: 2.0775 | Top1: 0.6666 | Top5: 0.8478
  Val Batch [150/152] | Loss: 2.0611 | Top1: 0.6715 | Top5: 0.8493
  Val Batch [152/152] | Loss: 2.0610 | Top1: 0.6711 | Top5: 0.8491
  Val Epoch Time: 17.213s
Epoch [63/72] | Train Loss: 1.6210 | Train Top1: 0.5480 | Train Top5: 0.6770 | Val Loss: 2.0610 | Val Top1: 0.6711 | Val Top5: 0.8491 | LR: 4.03e-05 | Train Time: 326.807s | Val Time: 17.213s | Epoch Time: 344.020s

===== Epoch 64/72 (LR: 3.28e-05) =====
  Train Batch [50/863] | Loss: 1.7260 | Top1: 0.6059 | Top5: 0.7616
  Train Batch [100/863] | Loss: 1.6251 | Top1: 0.5856 | Top5: 0.7238
  Train Batch [150/863] | Loss: 1.5116 | Top1: 0.5582 | Top5: 0.6804
  Train Batch [200/863] | Loss: 1.5044 | Top1: 0.6018 | Top5: 0.7145
  Train Batch [250/863] | Loss: 1.5350 | Top1: 0.5889 | Top5: 0.7071
  Train Batch [300/863] | Loss: 1.5509 | Top1: 0.5939 | Top5: 0.7101
  Train Batch [350/863] | Loss: 1.5567 | Top1: 0.5915 | Top5: 0.7067
  Train Batch [400/863] | Loss: 1.5300 | Top1: 0.5915 | Top5: 0.7036
  Train Batch [450/863] | Loss: 1.5165 | Top1: 0.6020 | Top5: 0.7113
  Train Batch [500/863] | Loss: 1.5311 | Top1: 0.5970 | Top5: 0.7077
  Train Batch [550/863] | Loss: 1.5500 | Top1: 0.5963 | Top5: 0.7085
  Train Batch [600/863] | Loss: 1.5514 | Top1: 0.5990 | Top5: 0.7120
  Train Batch [650/863] | Loss: 1.5549 | Top1: 0.5908 | Top5: 0.7045
  Train Batch [700/863] | Loss: 1.5492 | Top1: 0.5915 | Top5: 0.7044
  Train Batch [750/863] | Loss: 1.5517 | Top1: 0.5879 | Top5: 0.7020
  Train Batch [800/863] | Loss: 1.5507 | Top1: 0.5913 | Top5: 0.7046
  Train Batch [850/863] | Loss: 1.5602 | Top1: 0.5921 | Top5: 0.7053
  Train Batch [863/863] | Loss: 1.5588 | Top1: 0.5930 | Top5: 0.7057
  Train Epoch Time: 326.904s
  Val Batch [50/152] | Loss: 2.0783 | Top1: 0.6628 | Top5: 0.8500
  Val Batch [100/152] | Loss: 2.0768 | Top1: 0.6678 | Top5: 0.8475
  Val Batch [150/152] | Loss: 2.0604 | Top1: 0.6732 | Top5: 0.8482
  Val Batch [152/152] | Loss: 2.0604 | Top1: 0.6728 | Top5: 0.8482
  Val Epoch Time: 17.207s
Epoch [64/72] | Train Loss: 1.5588 | Train Top1: 0.5930 | Train Top5: 0.7057 | Val Loss: 2.0604 | Val Top1: 0.6728 | Val Top5: 0.8482 | LR: 3.28e-05 | Train Time: 326.904s | Val Time: 17.207s | Epoch Time: 344.111s
Saved best checkpoint to: /home/blue-lobster/PycharmProjects/Model_California_Birds/outputs/output_20260308_224501/checkpoints/vit_base_best.pth

===== Epoch 65/72 (LR: 2.60e-05) =====
  Train Batch [50/863] | Loss: 1.8658 | Top1: 0.4356 | Top5: 0.6144
  Train Batch [100/863] | Loss: 1.7037 | Top1: 0.5214 | Top5: 0.6598
  Train Batch [150/863] | Loss: 1.7123 | Top1: 0.5206 | Top5: 0.6623
  Train Batch [200/863] | Loss: 1.6628 | Top1: 0.5294 | Top5: 0.6650
  Train Batch [250/863] | Loss: 1.6524 | Top1: 0.5386 | Top5: 0.6724
  Train Batch [300/863] | Loss: 1.6331 | Top1: 0.5315 | Top5: 0.6649
  Train Batch [350/863] | Loss: 1.6584 | Top1: 0.5478 | Top5: 0.6835
  Train Batch [400/863] | Loss: 1.6396 | Top1: 0.5571 | Top5: 0.6868
  Train Batch [450/863] | Loss: 1.6316 | Top1: 0.5659 | Top5: 0.6944
  Train Batch [500/863] | Loss: 1.6559 | Top1: 0.5566 | Top5: 0.6922
  Train Batch [550/863] | Loss: 1.6475 | Top1: 0.5560 | Top5: 0.6903
  Train Batch [600/863] | Loss: 1.6492 | Top1: 0.5630 | Top5: 0.6947
  Train Batch [650/863] | Loss: 1.6374 | Top1: 0.5644 | Top5: 0.6945
  Train Batch [700/863] | Loss: 1.6403 | Top1: 0.5670 | Top5: 0.6969
  Train Batch [750/863] | Loss: 1.6411 | Top1: 0.5660 | Top5: 0.6958
  Train Batch [800/863] | Loss: 1.6498 | Top1: 0.5683 | Top5: 0.6991
  Train Batch [850/863] | Loss: 1.6511 | Top1: 0.5656 | Top5: 0.6982
  Train Batch [863/863] | Loss: 1.6483 | Top1: 0.5658 | Top5: 0.6979
  Train Epoch Time: 326.947s
  Val Batch [50/152] | Loss: 2.0705 | Top1: 0.6637 | Top5: 0.8462
  Val Batch [100/152] | Loss: 2.0656 | Top1: 0.6692 | Top5: 0.8461
  Val Batch [150/152] | Loss: 2.0503 | Top1: 0.6752 | Top5: 0.8469
  Val Batch [152/152] | Loss: 2.0505 | Top1: 0.6747 | Top5: 0.8470
  Val Epoch Time: 17.201s
Epoch [65/72] | Train Loss: 1.6483 | Train Top1: 0.5658 | Train Top5: 0.6979 | Val Loss: 2.0505 | Val Top1: 0.6747 | Val Top5: 0.8470 | LR: 2.60e-05 | Train Time: 326.947s | Val Time: 17.201s | Epoch Time: 344.148s
Saved best checkpoint to: /home/blue-lobster/PycharmProjects/Model_California_Birds/outputs/output_20260308_224501/checkpoints/vit_base_best.pth

===== Epoch 66/72 (LR: 2.00e-05) =====
  Train Batch [50/863] | Loss: 1.6214 | Top1: 0.5328 | Top5: 0.6584
  Train Batch [100/863] | Loss: 1.5667 | Top1: 0.6348 | Top5: 0.7470
  Train Batch [150/863] | Loss: 1.5541 | Top1: 0.6472 | Top5: 0.7631
  Train Batch [200/863] | Loss: 1.6274 | Top1: 0.6082 | Top5: 0.7385
  Train Batch [250/863] | Loss: 1.5860 | Top1: 0.5875 | Top5: 0.7137
  Train Batch [300/863] | Loss: 1.5925 | Top1: 0.5771 | Top5: 0.7037
  Train Batch [350/863] | Loss: 1.5993 | Top1: 0.5747 | Top5: 0.7011
  Train Batch [400/863] | Loss: 1.6241 | Top1: 0.5687 | Top5: 0.6999
  Train Batch [450/863] | Loss: 1.6186 | Top1: 0.5669 | Top5: 0.6951
  Train Batch [500/863] | Loss: 1.6243 | Top1: 0.5613 | Top5: 0.6893
  Train Batch [550/863] | Loss: 1.6158 | Top1: 0.5580 | Top5: 0.6847
  Train Batch [600/863] | Loss: 1.6086 | Top1: 0.5625 | Top5: 0.6871
  Train Batch [650/863] | Loss: 1.6182 | Top1: 0.5567 | Top5: 0.6811
  Train Batch [700/863] | Loss: 1.6323 | Top1: 0.5554 | Top5: 0.6821
  Train Batch [750/863] | Loss: 1.6412 | Top1: 0.5523 | Top5: 0.6817
  Train Batch [800/863] | Loss: 1.6416 | Top1: 0.5449 | Top5: 0.6759
  Train Batch [850/863] | Loss: 1.6481 | Top1: 0.5439 | Top5: 0.6763
  Train Batch [863/863] | Loss: 1.6427 | Top1: 0.5441 | Top5: 0.6754
  Train Epoch Time: 327.059s
  Val Batch [50/152] | Loss: 2.0728 | Top1: 0.6622 | Top5: 0.8475
  Val Batch [100/152] | Loss: 2.0699 | Top1: 0.6687 | Top5: 0.8455
  Val Batch [150/152] | Loss: 2.0550 | Top1: 0.6754 | Top5: 0.8475
  Val Batch [152/152] | Loss: 2.0554 | Top1: 0.6749 | Top5: 0.8475
  Val Epoch Time: 17.258s
Epoch [66/72] | Train Loss: 1.6427 | Train Top1: 0.5441 | Train Top5: 0.6754 | Val Loss: 2.0554 | Val Top1: 0.6749 | Val Top5: 0.8475 | LR: 2.00e-05 | Train Time: 327.059s | Val Time: 17.258s | Epoch Time: 344.317s
Saved best checkpoint to: /home/blue-lobster/PycharmProjects/Model_California_Birds/outputs/output_20260308_224501/checkpoints/vit_base_best.pth

===== Epoch 67/72 (LR: 1.47e-05) =====
  Train Batch [50/863] | Loss: 1.4299 | Top1: 0.6038 | Top5: 0.6969
  Train Batch [100/863] | Loss: 1.4921 | Top1: 0.6484 | Top5: 0.7436
  Train Batch [150/863] | Loss: 1.4854 | Top1: 0.5936 | Top5: 0.7018
  Train Batch [200/863] | Loss: 1.5451 | Top1: 0.5757 | Top5: 0.6895
  Train Batch [250/863] | Loss: 1.5735 | Top1: 0.5522 | Top5: 0.6717
  Train Batch [300/863] | Loss: 1.5623 | Top1: 0.5635 | Top5: 0.6820
  Train Batch [350/863] | Loss: 1.5440 | Top1: 0.5642 | Top5: 0.6825
  Train Batch [400/863] | Loss: 1.5636 | Top1: 0.5588 | Top5: 0.6816
  Train Batch [450/863] | Loss: 1.5710 | Top1: 0.5586 | Top5: 0.6815
  Train Batch [500/863] | Loss: 1.5889 | Top1: 0.5516 | Top5: 0.6783
  Train Batch [550/863] | Loss: 1.5924 | Top1: 0.5524 | Top5: 0.6791
  Train Batch [600/863] | Loss: 1.5878 | Top1: 0.5511 | Top5: 0.6781
  Train Batch [650/863] | Loss: 1.6004 | Top1: 0.5484 | Top5: 0.6774
  Train Batch [700/863] | Loss: 1.6063 | Top1: 0.5447 | Top5: 0.6765
  Train Batch [750/863] | Loss: 1.6023 | Top1: 0.5459 | Top5: 0.6775
  Train Batch [800/863] | Loss: 1.5977 | Top1: 0.5418 | Top5: 0.6728
  Train Batch [850/863] | Loss: 1.6008 | Top1: 0.5449 | Top5: 0.6767
  Train Batch [863/863] | Loss: 1.6015 | Top1: 0.5459 | Top5: 0.6777
  Train Epoch Time: 327.170s
  Val Batch [50/152] | Loss: 2.0707 | Top1: 0.6619 | Top5: 0.8466
  Val Batch [100/152] | Loss: 2.0681 | Top1: 0.6678 | Top5: 0.8456
  Val Batch [150/152] | Loss: 2.0529 | Top1: 0.6741 | Top5: 0.8476
  Val Batch [152/152] | Loss: 2.0531 | Top1: 0.6736 | Top5: 0.8477
  Val Epoch Time: 17.210s
Epoch [67/72] | Train Loss: 1.6015 | Train Top1: 0.5459 | Train Top5: 0.6777 | Val Loss: 2.0531 | Val Top1: 0.6736 | Val Top5: 0.8477 | LR: 1.47e-05 | Train Time: 327.170s | Val Time: 17.210s | Epoch Time: 344.379s

===== Epoch 68/72 (LR: 1.02e-05) =====
  Train Batch [50/863] | Loss: 1.5562 | Top1: 0.5903 | Top5: 0.7266
  Train Batch [100/863] | Loss: 1.6606 | Top1: 0.5842 | Top5: 0.7267
  Train Batch [150/863] | Loss: 1.6493 | Top1: 0.5842 | Top5: 0.7334
  Train Batch [200/863] | Loss: 1.6505 | Top1: 0.5794 | Top5: 0.7291
  Train Batch [250/863] | Loss: 1.6415 | Top1: 0.5807 | Top5: 0.7284
  Train Batch [300/863] | Loss: 1.6013 | Top1: 0.6056 | Top5: 0.7426
  Train Batch [350/863] | Loss: 1.6077 | Top1: 0.5933 | Top5: 0.7320
  Train Batch [400/863] | Loss: 1.6082 | Top1: 0.5973 | Top5: 0.7336
  Train Batch [450/863] | Loss: 1.6262 | Top1: 0.5992 | Top5: 0.7360
  Train Batch [500/863] | Loss: 1.6240 | Top1: 0.5958 | Top5: 0.7295
  Train Batch [550/863] | Loss: 1.6164 | Top1: 0.5969 | Top5: 0.7299
  Train Batch [600/863] | Loss: 1.6193 | Top1: 0.5889 | Top5: 0.7251
  Train Batch [650/863] | Loss: 1.6106 | Top1: 0.5872 | Top5: 0.7213
  Train Batch [700/863] | Loss: 1.5974 | Top1: 0.5875 | Top5: 0.7197
  Train Batch [750/863] | Loss: 1.6058 | Top1: 0.5880 | Top5: 0.7211
  Train Batch [800/863] | Loss: 1.6111 | Top1: 0.5836 | Top5: 0.7184
  Train Batch [850/863] | Loss: 1.6085 | Top1: 0.5765 | Top5: 0.7104
  Train Batch [863/863] | Loss: 1.6054 | Top1: 0.5755 | Top5: 0.7089
  Train Epoch Time: 327.052s
  Val Batch [50/152] | Loss: 2.0690 | Top1: 0.6609 | Top5: 0.8469
  Val Batch [100/152] | Loss: 2.0654 | Top1: 0.6675 | Top5: 0.8461
  Val Batch [150/152] | Loss: 2.0498 | Top1: 0.6753 | Top5: 0.8477
  Val Batch [152/152] | Loss: 2.0501 | Top1: 0.6748 | Top5: 0.8478
  Val Epoch Time: 17.197s
Epoch [68/72] | Train Loss: 1.6054 | Train Top1: 0.5755 | Train Top5: 0.7089 | Val Loss: 2.0501 | Val Top1: 0.6748 | Val Top5: 0.8478 | LR: 1.02e-05 | Train Time: 327.052s | Val Time: 17.197s | Epoch Time: 344.249s

===== Epoch 69/72 (LR: 6.56e-06) =====
  Train Batch [50/863] | Loss: 1.6397 | Top1: 0.5356 | Top5: 0.6628
  Train Batch [100/863] | Loss: 1.5814 | Top1: 0.5655 | Top5: 0.6934
  Train Batch [150/863] | Loss: 1.5816 | Top1: 0.5311 | Top5: 0.6609
  Train Batch [200/863] | Loss: 1.6771 | Top1: 0.5432 | Top5: 0.6879
  Train Batch [250/863] | Loss: 1.6738 | Top1: 0.5353 | Top5: 0.6776
  Train Batch [300/863] | Loss: 1.6977 | Top1: 0.5358 | Top5: 0.6827
  Train Batch [350/863] | Loss: 1.6529 | Top1: 0.5540 | Top5: 0.6930
  Train Batch [400/863] | Loss: 1.6507 | Top1: 0.5550 | Top5: 0.6941
  Train Batch [450/863] | Loss: 1.6357 | Top1: 0.5623 | Top5: 0.6961
  Train Batch [500/863] | Loss: 1.6212 | Top1: 0.5621 | Top5: 0.6944
  Train Batch [550/863] | Loss: 1.6090 | Top1: 0.5660 | Top5: 0.6951
  Train Batch [600/863] | Loss: 1.5937 | Top1: 0.5668 | Top5: 0.6942
  Train Batch [650/863] | Loss: 1.6112 | Top1: 0.5703 | Top5: 0.6999
  Train Batch [700/863] | Loss: 1.6101 | Top1: 0.5638 | Top5: 0.6950
  Train Batch [750/863] | Loss: 1.6119 | Top1: 0.5661 | Top5: 0.6975
  Train Batch [800/863] | Loss: 1.6259 | Top1: 0.5669 | Top5: 0.7013
  Train Batch [850/863] | Loss: 1.6179 | Top1: 0.5682 | Top5: 0.7000
  Train Batch [863/863] | Loss: 1.6105 | Top1: 0.5655 | Top5: 0.6966
  Train Epoch Time: 326.462s
  Val Batch [50/152] | Loss: 2.0720 | Top1: 0.6619 | Top5: 0.8450
  Val Batch [100/152] | Loss: 2.0685 | Top1: 0.6673 | Top5: 0.8448
  Val Batch [150/152] | Loss: 2.0533 | Top1: 0.6746 | Top5: 0.8468
  Val Batch [152/152] | Loss: 2.0535 | Top1: 0.6740 | Top5: 0.8469
  Val Epoch Time: 17.196s
Epoch [69/72] | Train Loss: 1.6105 | Train Top1: 0.5655 | Train Top5: 0.6966 | Val Loss: 2.0535 | Val Top1: 0.6740 | Val Top5: 0.8469 | LR: 6.56e-06 | Train Time: 326.462s | Val Time: 17.196s | Epoch Time: 343.659s

===== Epoch 70/72 (LR: 3.70e-06) =====
  Train Batch [50/863] | Loss: 1.5565 | Top1: 0.5894 | Top5: 0.7147
  Train Batch [100/863] | Loss: 1.6018 | Top1: 0.5719 | Top5: 0.7086
  Train Batch [150/863] | Loss: 1.5510 | Top1: 0.5261 | Top5: 0.6514
  Train Batch [200/863] | Loss: 1.5402 | Top1: 0.5653 | Top5: 0.6873
  Train Batch [250/863] | Loss: 1.5788 | Top1: 0.5744 | Top5: 0.7013
  Train Batch [300/863] | Loss: 1.5466 | Top1: 0.5748 | Top5: 0.6952
  Train Batch [350/863] | Loss: 1.5441 | Top1: 0.5822 | Top5: 0.7024
  Train Batch [400/863] | Loss: 1.5602 | Top1: 0.5909 | Top5: 0.7134
  Train Batch [450/863] | Loss: 1.5695 | Top1: 0.5862 | Top5: 0.7128
  Train Batch [500/863] | Loss: 1.5858 | Top1: 0.5852 | Top5: 0.7118
  Train Batch [550/863] | Loss: 1.5857 | Top1: 0.5887 | Top5: 0.7137
  Train Batch [600/863] | Loss: 1.5879 | Top1: 0.5892 | Top5: 0.7161
  Train Batch [650/863] | Loss: 1.5780 | Top1: 0.5949 | Top5: 0.7200
  Train Batch [700/863] | Loss: 1.5987 | Top1: 0.5906 | Top5: 0.7185
  Train Batch [750/863] | Loss: 1.5988 | Top1: 0.5959 | Top5: 0.7225
  Train Batch [800/863] | Loss: 1.5916 | Top1: 0.5877 | Top5: 0.7139
  Train Batch [850/863] | Loss: 1.5894 | Top1: 0.5865 | Top5: 0.7118
  Train Batch [863/863] | Loss: 1.5894 | Top1: 0.5851 | Top5: 0.7107
  Train Epoch Time: 326.314s
  Val Batch [50/152] | Loss: 2.0690 | Top1: 0.6622 | Top5: 0.8466
  Val Batch [100/152] | Loss: 2.0659 | Top1: 0.6678 | Top5: 0.8458
  Val Batch [150/152] | Loss: 2.0509 | Top1: 0.6748 | Top5: 0.8471
  Val Batch [152/152] | Loss: 2.0511 | Top1: 0.6742 | Top5: 0.8472
  Val Epoch Time: 17.219s
Epoch [70/72] | Train Loss: 1.5894 | Train Top1: 0.5851 | Train Top5: 0.7107 | Val Loss: 2.0511 | Val Top1: 0.6742 | Val Top5: 0.8472 | LR: 3.70e-06 | Train Time: 326.314s | Val Time: 17.219s | Epoch Time: 343.533s

===== Epoch 71/72 (LR: 1.64e-06) =====
  Train Batch [50/863] | Loss: 1.7792 | Top1: 0.5622 | Top5: 0.7147
  Train Batch [100/863] | Loss: 1.6911 | Top1: 0.5697 | Top5: 0.7103
  Train Batch [150/863] | Loss: 1.6389 | Top1: 0.5856 | Top5: 0.7123
  Train Batch [200/863] | Loss: 1.6207 | Top1: 0.5799 | Top5: 0.7050
  Train Batch [250/863] | Loss: 1.6159 | Top1: 0.5716 | Top5: 0.6968
  Train Batch [300/863] | Loss: 1.6222 | Top1: 0.5662 | Top5: 0.6928
  Train Batch [350/863] | Loss: 1.6256 | Top1: 0.5700 | Top5: 0.6974
  Train Batch [400/863] | Loss: 1.6587 | Top1: 0.5634 | Top5: 0.6970
  Train Batch [450/863] | Loss: 1.6646 | Top1: 0.5520 | Top5: 0.6907
  Train Batch [500/863] | Loss: 1.6635 | Top1: 0.5514 | Top5: 0.6890
  Train Batch [550/863] | Loss: 1.6639 | Top1: 0.5614 | Top5: 0.6995
  Train Batch [600/863] | Loss: 1.6713 | Top1: 0.5614 | Top5: 0.7011
  Train Batch [650/863] | Loss: 1.6663 | Top1: 0.5640 | Top5: 0.7035
  Train Batch [700/863] | Loss: 1.6522 | Top1: 0.5624 | Top5: 0.6996
  Train Batch [750/863] | Loss: 1.6498 | Top1: 0.5579 | Top5: 0.6960
  Train Batch [800/863] | Loss: 1.6545 | Top1: 0.5508 | Top5: 0.6907
  Train Batch [850/863] | Loss: 1.6460 | Top1: 0.5506 | Top5: 0.6899
  Train Batch [863/863] | Loss: 1.6470 | Top1: 0.5509 | Top5: 0.6901
  Train Epoch Time: 326.598s
  Val Batch [50/152] | Loss: 2.0700 | Top1: 0.6616 | Top5: 0.8462
  Val Batch [100/152] | Loss: 2.0665 | Top1: 0.6667 | Top5: 0.8455
  Val Batch [150/152] | Loss: 2.0514 | Top1: 0.6739 | Top5: 0.8470
  Val Batch [152/152] | Loss: 2.0517 | Top1: 0.6732 | Top5: 0.8471
  Val Epoch Time: 17.223s
Epoch [71/72] | Train Loss: 1.6470 | Train Top1: 0.5509 | Train Top5: 0.6901 | Val Loss: 2.0517 | Val Top1: 0.6732 | Val Top5: 0.8471 | LR: 1.64e-06 | Train Time: 326.598s | Val Time: 17.223s | Epoch Time: 343.821s

===== Epoch 72/72 (LR: 4.13e-07) =====
  Train Batch [50/863] | Loss: 1.5573 | Top1: 0.5606 | Top5: 0.6963
  Train Batch [100/863] | Loss: 1.5632 | Top1: 0.5962 | Top5: 0.7302
  Train Batch [150/863] | Loss: 1.6410 | Top1: 0.5821 | Top5: 0.7232
  Train Batch [200/863] | Loss: 1.6235 | Top1: 0.5834 | Top5: 0.7177
  Train Batch [250/863] | Loss: 1.6240 | Top1: 0.5729 | Top5: 0.7059
  Train Batch [300/863] | Loss: 1.6209 | Top1: 0.5776 | Top5: 0.7091
  Train Batch [350/863] | Loss: 1.6022 | Top1: 0.5771 | Top5: 0.7077
  Train Batch [400/863] | Loss: 1.5954 | Top1: 0.5784 | Top5: 0.7077
  Train Batch [450/863] | Loss: 1.5784 | Top1: 0.5683 | Top5: 0.6937
  Train Batch [500/863] | Loss: 1.5865 | Top1: 0.5655 | Top5: 0.6933
  Train Batch [550/863] | Loss: 1.6004 | Top1: 0.5624 | Top5: 0.6943
  Train Batch [600/863] | Loss: 1.6011 | Top1: 0.5668 | Top5: 0.6976
  Train Batch [650/863] | Loss: 1.5934 | Top1: 0.5709 | Top5: 0.6988
  Train Batch [700/863] | Loss: 1.5882 | Top1: 0.5707 | Top5: 0.6975
  Train Batch [750/863] | Loss: 1.5855 | Top1: 0.5699 | Top5: 0.6955
  Train Batch [800/863] | Loss: 1.6066 | Top1: 0.5699 | Top5: 0.6989
  Train Batch [850/863] | Loss: 1.6053 | Top1: 0.5725 | Top5: 0.7019
  Train Batch [863/863] | Loss: 1.6035 | Top1: 0.5702 | Top5: 0.6996
  Train Epoch Time: 326.515s
  Val Batch [50/152] | Loss: 2.0701 | Top1: 0.6613 | Top5: 0.8466
  Val Batch [100/152] | Loss: 2.0666 | Top1: 0.6666 | Top5: 0.8456
  Val Batch [150/152] | Loss: 2.0515 | Top1: 0.6736 | Top5: 0.8471
  Val Batch [152/152] | Loss: 2.0518 | Top1: 0.6730 | Top5: 0.8472
  Val Epoch Time: 17.213s
Epoch [72/72] | Train Loss: 1.6035 | Train Top1: 0.5702 | Train Top5: 0.6996 | Val Loss: 2.0518 | Val Top1: 0.6730 | Val Top5: 0.8472 | LR: 4.13e-07 | Train Time: 326.515s | Val Time: 17.213s | Epoch Time: 343.728s
Saved last checkpoint to: /home/blue-lobster/PycharmProjects/Model_California_Birds/outputs/output_20260308_224501/checkpoints/vit_base_last.pth

Best Epoch: 66 | Best Val Top1: 0.6749 | Best Val Top5: 0.8475
Total Train Time: 24432.639s | Total Val Time: 1283.918s | Total Runtime: 25735.921s

Experiment result appended to: /home/blue-lobster/PycharmProjects/Model_California_Birds/outputs/output_20260308_224501/logs/experiment_results.csv
