Number of classes: 657
Train batches: 1726
Val batches: 304
model.safetensors:   0%|                                                   | 0.00/354M [00:00<?, ?B/s]model.safetensors:   0%|                                                   | 0.00/354M [00:00<?, ?B/s]model.safetensors:   0%|                                                   | 0.00/354M [00:00<?, ?B/s]model.safetensors:   0%|                                                   | 0.00/354M [00:00<?, ?B/s]model.safetensors:   0%|                                                   | 0.00/354M [00:00<?, ?B/s]model.safetensors:   0%|                                                   | 0.00/354M [00:01<?, ?B/s]model.safetensors:   0%|                                                   | 0.00/354M [00:01<?, ?B/s]model.safetensors:   0%|                                           | 67.5k/354M [00:01<17:59, 328kB/s]model.safetensors:   2%|7                                         | 5.97M/354M [00:01<00:19, 17.6MB/s]model.safetensors:   3%|#3                                        | 11.3M/354M [00:01<00:16, 21.1MB/s]model.safetensors:   4%|#5                                        | 13.4M/354M [00:02<00:19, 17.1MB/s]model.safetensors:   6%|##6                                       | 22.7M/354M [00:02<00:11, 28.1MB/s]model.safetensors:   8%|###5                                      | 30.0M/354M [00:02<00:10, 30.9MB/s]model.safetensors:  12%|#####                                     | 42.7M/354M [00:02<00:07, 41.6MB/s]model.safetensors:  98%|#########################################9 | 346M/354M [00:06<00:00, 72.4MB/s]model.safetensors: 100%|###########################################| 354M/354M [00:06<00:00, 70.5MB/s]model.safetensors: 100%|###########################################| 354M/354M [00:06<00:00, 52.0MB/s]
C:\Users\ljh20\miniconda3\Lib\site-packages\huggingface_hub\file_download.py:129: UserWarning: `huggingface_hub` cache-system uses symlinks by default to efficiently store duplicated files but your machine does not support them in C:\Users\ljh20\.cache\huggingface\hub\models--timm--convnext_base.fb_in22k_ft_in1k. Caching files will still work but in a degraded version that might require more space on your disk. This warning can be disabled by setting the `HF_HUB_DISABLE_SYMLINKS_WARNING` environment variable. For more details, see https://huggingface.co/docs/huggingface_hub/how-to-cache#limitations.
To support symlinks on Windows, you either need to activate Developer Mode or to run Python as an administrator. In order to activate developer mode, see this article: https://docs.microsoft.com/en-us/windows/apps/get-started/enable-your-device-for-development
  warnings.warn(message)

===== Epoch 1/60 (LR: 2.00e-05) =====
C:\Users\ljh20\MCS\CS273P\Model_California_Birds\src\train.py:106: UserWarning: Detected call of `lr_scheduler.step()` before `optimizer.step()`. In PyTorch 1.1.0 and later, you should call them in the opposite order: `optimizer.step()` before `lr_scheduler.step()`.  Failure to do this will result in PyTorch skipping the first value of the learning rate schedule. See more details at https://pytorch.org/docs/stable/optim.html#how-to-adjust-learning-rate
  scheduler.step()
  Train Batch [50/1726] | Loss: 6.6043 | Top1: 0.0013 | Top5: 0.0081
  Train Batch [100/1726] | Loss: 6.5672 | Top1: 0.0019 | Top5: 0.0112
  Train Batch [150/1726] | Loss: 6.5363 | Top1: 0.0027 | Top5: 0.0125
  Train Batch [200/1726] | Loss: 6.5126 | Top1: 0.0039 | Top5: 0.0155
  Train Batch [250/1726] | Loss: 6.4875 | Top1: 0.0041 | Top5: 0.0173
  Train Batch [300/1726] | Loss: 6.4604 | Top1: 0.0058 | Top5: 0.0218
  Train Batch [350/1726] | Loss: 6.4283 | Top1: 0.0071 | Top5: 0.0254
  Train Batch [400/1726] | Loss: 6.3874 | Top1: 0.0096 | Top5: 0.0319
  Train Batch [450/1726] | Loss: 6.3478 | Top1: 0.0123 | Top5: 0.0374
  Train Batch [500/1726] | Loss: 6.2909 | Top1: 0.0181 | Top5: 0.0497
  Train Batch [550/1726] | Loss: 6.2315 | Top1: 0.0227 | Top5: 0.0605
  Train Batch [600/1726] | Loss: 6.1712 | Top1: 0.0291 | Top5: 0.0749
  Train Batch [650/1726] | Loss: 6.1070 | Top1: 0.0360 | Top5: 0.0887
  Train Batch [700/1726] | Loss: 6.0482 | Top1: 0.0422 | Top5: 0.1009
  Train Batch [750/1726] | Loss: 5.9828 | Top1: 0.0475 | Top5: 0.1130
  Train Batch [800/1726] | Loss: 5.9187 | Top1: 0.0520 | Top5: 0.1220
  Train Batch [850/1726] | Loss: 5.8576 | Top1: 0.0581 | Top5: 0.1354
  Train Batch [900/1726] | Loss: 5.7859 | Top1: 0.0654 | Top5: 0.1487
  Train Batch [950/1726] | Loss: 5.7124 | Top1: 0.0742 | Top5: 0.1625
  Train Batch [1000/1726] | Loss: 5.6500 | Top1: 0.0813 | Top5: 0.1747
  Train Batch [1050/1726] | Loss: 5.5961 | Top1: 0.0863 | Top5: 0.1836
  Train Batch [1100/1726] | Loss: 5.5427 | Top1: 0.0922 | Top5: 0.1945
  Train Batch [1150/1726] | Loss: 5.4839 | Top1: 0.0971 | Top5: 0.2025
  Train Batch [1200/1726] | Loss: 5.4300 | Top1: 0.1018 | Top5: 0.2106
  Train Batch [1250/1726] | Loss: 5.3759 | Top1: 0.1074 | Top5: 0.2195
  Train Batch [1300/1726] | Loss: 5.3249 | Top1: 0.1137 | Top5: 0.2299
  Train Batch [1350/1726] | Loss: 5.2767 | Top1: 0.1183 | Top5: 0.2376
  Train Batch [1400/1726] | Loss: 5.2325 | Top1: 0.1237 | Top5: 0.2470
  Train Batch [1450/1726] | Loss: 5.1831 | Top1: 0.1296 | Top5: 0.2563
  Train Batch [1500/1726] | Loss: 5.1414 | Top1: 0.1322 | Top5: 0.2611
  Train Batch [1550/1726] | Loss: 5.1015 | Top1: 0.1386 | Top5: 0.2707
  Train Batch [1600/1726] | Loss: 5.0558 | Top1: 0.1432 | Top5: 0.2779
  Train Batch [1650/1726] | Loss: 5.0141 | Top1: 0.1483 | Top5: 0.2857
  Train Batch [1700/1726] | Loss: 4.9719 | Top1: 0.1526 | Top5: 0.2923
  Train Batch [1726/1726] | Loss: 4.9516 | Top1: 0.1547 | Top5: 0.2954
  Train Epoch Time: 458.952s
  Val Batch [50/304] | Loss: 2.5734 | Top1: 0.5787 | Top5: 0.8612
  Val Batch [100/304] | Loss: 2.5989 | Top1: 0.5778 | Top5: 0.8556
  Val Batch [150/304] | Loss: 2.5763 | Top1: 0.5840 | Top5: 0.8612
  Val Batch [200/304] | Loss: 2.5838 | Top1: 0.5844 | Top5: 0.8594
  Val Batch [250/304] | Loss: 2.5859 | Top1: 0.5840 | Top5: 0.8575
  Val Batch [300/304] | Loss: 2.5805 | Top1: 0.5851 | Top5: 0.8606
  Val Batch [304/304] | Loss: 2.5805 | Top1: 0.5853 | Top5: 0.8607
  Val Epoch Time: 37.566s
Epoch [1/60] | Train Loss: 4.9516 | Train Top1: 0.1547 | Train Top5: 0.2954 | Val Loss: 2.5805 | Val Top1: 0.5853 | Val Top5: 0.8607 | LR: 2.00e-05 | Train Time: 458.952s | Val Time: 37.566s | Epoch Time: 496.517s
Saved best checkpoint to: C:\Users\ljh20\MCS\CS273P\Model_California_Birds\outputs\output_20260308_135130\checkpoints\convnext_base.fb_in22k_ft_in1k_best.pth

===== Epoch 2/60 (LR: 5.22e-05) =====
  Train Batch [50/1726] | Loss: 3.6267 | Top1: 0.3344 | Top5: 0.5725
  Train Batch [100/1726] | Loss: 3.5874 | Top1: 0.3106 | Top5: 0.5216
  Train Batch [150/1726] | Loss: 3.6410 | Top1: 0.2971 | Top5: 0.5079
  Train Batch [200/1726] | Loss: 3.5595 | Top1: 0.3103 | Top5: 0.5180
  Train Batch [250/1726] | Loss: 3.5403 | Top1: 0.3302 | Top5: 0.5413
  Train Batch [300/1726] | Loss: 3.4838 | Top1: 0.3366 | Top5: 0.5469
  Train Batch [350/1726] | Loss: 3.4959 | Top1: 0.3342 | Top5: 0.5464
  Train Batch [400/1726] | Loss: 3.4646 | Top1: 0.3388 | Top5: 0.5510
  Train Batch [450/1726] | Loss: 3.4512 | Top1: 0.3433 | Top5: 0.5564
  Train Batch [500/1726] | Loss: 3.4330 | Top1: 0.3520 | Top5: 0.5679
  Train Batch [550/1726] | Loss: 3.4181 | Top1: 0.3480 | Top5: 0.5615
  Train Batch [600/1726] | Loss: 3.4066 | Top1: 0.3489 | Top5: 0.5612
  Train Batch [650/1726] | Loss: 3.4111 | Top1: 0.3456 | Top5: 0.5580
  Train Batch [700/1726] | Loss: 3.4170 | Top1: 0.3442 | Top5: 0.5572
  Train Batch [750/1726] | Loss: 3.4017 | Top1: 0.3458 | Top5: 0.5589
  Train Batch [800/1726] | Loss: 3.3921 | Top1: 0.3483 | Top5: 0.5623
  Train Batch [850/1726] | Loss: 3.3750 | Top1: 0.3523 | Top5: 0.5673
  Train Batch [900/1726] | Loss: 3.3625 | Top1: 0.3525 | Top5: 0.5664
  Train Batch [950/1726] | Loss: 3.3516 | Top1: 0.3550 | Top5: 0.5694
  Train Batch [1000/1726] | Loss: 3.3449 | Top1: 0.3562 | Top5: 0.5706
  Train Batch [1050/1726] | Loss: 3.3320 | Top1: 0.3587 | Top5: 0.5729
  Train Batch [1100/1726] | Loss: 3.3238 | Top1: 0.3584 | Top5: 0.5724
  Train Batch [1150/1726] | Loss: 3.3140 | Top1: 0.3601 | Top5: 0.5740
  Train Batch [1200/1726] | Loss: 3.3011 | Top1: 0.3614 | Top5: 0.5745
  Train Batch [1250/1726] | Loss: 3.2980 | Top1: 0.3604 | Top5: 0.5729
  Train Batch [1300/1726] | Loss: 3.2878 | Top1: 0.3608 | Top5: 0.5726
  Train Batch [1350/1726] | Loss: 3.2864 | Top1: 0.3617 | Top5: 0.5741
  Train Batch [1400/1726] | Loss: 3.2911 | Top1: 0.3622 | Top5: 0.5751
  Train Batch [1450/1726] | Loss: 3.2872 | Top1: 0.3603 | Top5: 0.5722
  Train Batch [1500/1726] | Loss: 3.2853 | Top1: 0.3617 | Top5: 0.5737
  Train Batch [1550/1726] | Loss: 3.2791 | Top1: 0.3620 | Top5: 0.5743
  Train Batch [1600/1726] | Loss: 3.2779 | Top1: 0.3611 | Top5: 0.5731
  Train Batch [1650/1726] | Loss: 3.2685 | Top1: 0.3603 | Top5: 0.5713
  Train Batch [1700/1726] | Loss: 3.2609 | Top1: 0.3624 | Top5: 0.5740
  Train Batch [1726/1726] | Loss: 3.2609 | Top1: 0.3626 | Top5: 0.5744
  Train Epoch Time: 427.863s
  Val Batch [50/304] | Loss: 2.0642 | Top1: 0.6881 | Top5: 0.9044
  Val Batch [100/304] | Loss: 2.0962 | Top1: 0.6731 | Top5: 0.8988
  Val Batch [150/304] | Loss: 2.0843 | Top1: 0.6783 | Top5: 0.9027
  Val Batch [200/304] | Loss: 2.0945 | Top1: 0.6741 | Top5: 0.9016
  Val Batch [250/304] | Loss: 2.1004 | Top1: 0.6766 | Top5: 0.9011
  Val Batch [300/304] | Loss: 2.0993 | Top1: 0.6782 | Top5: 0.9017
  Val Batch [304/304] | Loss: 2.1008 | Top1: 0.6778 | Top5: 0.9016
  Val Epoch Time: 22.985s
Epoch [2/60] | Train Loss: 3.2609 | Train Top1: 0.3626 | Train Top5: 0.5744 | Val Loss: 2.1008 | Val Top1: 0.6778 | Val Top5: 0.9016 | LR: 5.22e-05 | Train Time: 427.863s | Val Time: 22.985s | Epoch Time: 450.848s
Saved best checkpoint to: C:\Users\ljh20\MCS\CS273P\Model_California_Birds\outputs\output_20260308_135130\checkpoints\convnext_base.fb_in22k_ft_in1k_best.pth

===== Epoch 3/60 (LR: 1.40e-04) =====
  Train Batch [50/1726] | Loss: 2.8351 | Top1: 0.4419 | Top5: 0.6350
  Train Batch [100/1726] | Loss: 2.8855 | Top1: 0.4303 | Top5: 0.6219
  Train Batch [150/1726] | Loss: 2.8972 | Top1: 0.4019 | Top5: 0.5906
  Train Batch [200/1726] | Loss: 2.9386 | Top1: 0.4052 | Top5: 0.5995
  Train Batch [250/1726] | Loss: 2.9361 | Top1: 0.4026 | Top5: 0.5964
  Train Batch [300/1726] | Loss: 2.9544 | Top1: 0.3943 | Top5: 0.5879
  Train Batch [350/1726] | Loss: 2.9502 | Top1: 0.3841 | Top5: 0.5761
  Train Batch [400/1726] | Loss: 2.9493 | Top1: 0.3876 | Top5: 0.5790
  Train Batch [450/1726] | Loss: 2.9514 | Top1: 0.3835 | Top5: 0.5758
  Train Batch [500/1726] | Loss: 2.9457 | Top1: 0.3827 | Top5: 0.5754
  Train Batch [550/1726] | Loss: 2.9483 | Top1: 0.3825 | Top5: 0.5757
  Train Batch [600/1726] | Loss: 2.9440 | Top1: 0.3859 | Top5: 0.5800
  Train Batch [650/1726] | Loss: 2.9591 | Top1: 0.3866 | Top5: 0.5831
  Train Batch [700/1726] | Loss: 2.9668 | Top1: 0.3854 | Top5: 0.5829
  Train Batch [750/1726] | Loss: 2.9656 | Top1: 0.3844 | Top5: 0.5833
  Train Batch [800/1726] | Loss: 2.9686 | Top1: 0.3834 | Top5: 0.5819
  Train Batch [850/1726] | Loss: 2.9816 | Top1: 0.3798 | Top5: 0.5787
  Train Batch [900/1726] | Loss: 2.9760 | Top1: 0.3787 | Top5: 0.5763
  Train Batch [950/1726] | Loss: 2.9850 | Top1: 0.3767 | Top5: 0.5738
  Train Batch [1000/1726] | Loss: 2.9758 | Top1: 0.3762 | Top5: 0.5722
  Train Batch [1050/1726] | Loss: 2.9729 | Top1: 0.3758 | Top5: 0.5701
  Train Batch [1100/1726] | Loss: 2.9702 | Top1: 0.3754 | Top5: 0.5694
  Train Batch [1150/1726] | Loss: 2.9768 | Top1: 0.3758 | Top5: 0.5702
  Train Batch [1200/1726] | Loss: 2.9812 | Top1: 0.3773 | Top5: 0.5721
  Train Batch [1250/1726] | Loss: 2.9842 | Top1: 0.3790 | Top5: 0.5743
  Train Batch [1300/1726] | Loss: 2.9840 | Top1: 0.3803 | Top5: 0.5758
  Train Batch [1350/1726] | Loss: 2.9876 | Top1: 0.3805 | Top5: 0.5772
  Train Batch [1400/1726] | Loss: 2.9919 | Top1: 0.3795 | Top5: 0.5766
  Train Batch [1450/1726] | Loss: 2.9912 | Top1: 0.3798 | Top5: 0.5769
  Train Batch [1500/1726] | Loss: 2.9905 | Top1: 0.3790 | Top5: 0.5761
  Train Batch [1550/1726] | Loss: 2.9953 | Top1: 0.3794 | Top5: 0.5777
  Train Batch [1600/1726] | Loss: 2.9983 | Top1: 0.3811 | Top5: 0.5794
  Train Batch [1650/1726] | Loss: 2.9970 | Top1: 0.3804 | Top5: 0.5786
  Train Batch [1700/1726] | Loss: 2.9966 | Top1: 0.3807 | Top5: 0.5792
  Train Batch [1726/1726] | Loss: 2.9990 | Top1: 0.3796 | Top5: 0.5779
  Train Epoch Time: 418.095s
  Val Batch [50/304] | Loss: 2.0931 | Top1: 0.6781 | Top5: 0.9006
  Val Batch [100/304] | Loss: 2.0964 | Top1: 0.6697 | Top5: 0.9009
  Val Batch [150/304] | Loss: 2.0676 | Top1: 0.6835 | Top5: 0.9046
  Val Batch [200/304] | Loss: 2.0789 | Top1: 0.6820 | Top5: 0.9041
  Val Batch [250/304] | Loss: 2.0847 | Top1: 0.6839 | Top5: 0.9011
  Val Batch [300/304] | Loss: 2.0864 | Top1: 0.6824 | Top5: 0.9008
  Val Batch [304/304] | Loss: 2.0874 | Top1: 0.6822 | Top5: 0.9008
  Val Epoch Time: 22.977s
Epoch [3/60] | Train Loss: 2.9990 | Train Top1: 0.3796 | Train Top5: 0.5779 | Val Loss: 2.0874 | Val Top1: 0.6822 | Val Top5: 0.9008 | LR: 1.40e-04 | Train Time: 418.095s | Val Time: 22.977s | Epoch Time: 441.072s
Saved best checkpoint to: C:\Users\ljh20\MCS\CS273P\Model_California_Birds\outputs\output_20260308_135130\checkpoints\convnext_base.fb_in22k_ft_in1k_best.pth

===== Epoch 4/60 (LR: 2.60e-04) =====
  Train Batch [50/1726] | Loss: 2.9555 | Top1: 0.4150 | Top5: 0.6231
  Train Batch [100/1726] | Loss: 2.9164 | Top1: 0.3912 | Top5: 0.5894
  Train Batch [150/1726] | Loss: 2.9452 | Top1: 0.4050 | Top5: 0.6035
  Train Batch [200/1726] | Loss: 2.9649 | Top1: 0.3948 | Top5: 0.5947
  Train Batch [250/1726] | Loss: 2.9734 | Top1: 0.3796 | Top5: 0.5790
  Train Batch [300/1726] | Loss: 2.9671 | Top1: 0.3832 | Top5: 0.5818
  Train Batch [350/1726] | Loss: 2.9923 | Top1: 0.3790 | Top5: 0.5778
  Train Batch [400/1726] | Loss: 2.9686 | Top1: 0.3720 | Top5: 0.5661
  Train Batch [450/1726] | Loss: 2.9631 | Top1: 0.3690 | Top5: 0.5603
  Train Batch [500/1726] | Loss: 2.9617 | Top1: 0.3730 | Top5: 0.5647
  Train Batch [550/1726] | Loss: 2.9499 | Top1: 0.3764 | Top5: 0.5663
  Train Batch [600/1726] | Loss: 2.9630 | Top1: 0.3709 | Top5: 0.5593
  Train Batch [650/1726] | Loss: 2.9805 | Top1: 0.3715 | Top5: 0.5612
  Train Batch [700/1726] | Loss: 2.9904 | Top1: 0.3740 | Top5: 0.5660
  Train Batch [750/1726] | Loss: 2.9922 | Top1: 0.3763 | Top5: 0.5703
  Train Batch [800/1726] | Loss: 2.9931 | Top1: 0.3764 | Top5: 0.5699
  Train Batch [850/1726] | Loss: 2.9973 | Top1: 0.3772 | Top5: 0.5706
  Train Batch [900/1726] | Loss: 2.9948 | Top1: 0.3710 | Top5: 0.5630
  Train Batch [950/1726] | Loss: 2.9870 | Top1: 0.3684 | Top5: 0.5595
  Train Batch [1000/1726] | Loss: 2.9850 | Top1: 0.3700 | Top5: 0.5605
  Train Batch [1050/1726] | Loss: 2.9874 | Top1: 0.3709 | Top5: 0.5624
  Train Batch [1100/1726] | Loss: 2.9895 | Top1: 0.3722 | Top5: 0.5636
  Train Batch [1150/1726] | Loss: 2.9980 | Top1: 0.3712 | Top5: 0.5635
  Train Batch [1200/1726] | Loss: 3.0008 | Top1: 0.3715 | Top5: 0.5641
  Train Batch [1250/1726] | Loss: 2.9949 | Top1: 0.3699 | Top5: 0.5610
  Train Batch [1300/1726] | Loss: 2.9946 | Top1: 0.3675 | Top5: 0.5579
  Train Batch [1350/1726] | Loss: 2.9929 | Top1: 0.3663 | Top5: 0.5561
  Train Batch [1400/1726] | Loss: 2.9973 | Top1: 0.3677 | Top5: 0.5587
  Train Batch [1450/1726] | Loss: 2.9998 | Top1: 0.3682 | Top5: 0.5603
  Train Batch [1500/1726] | Loss: 3.0048 | Top1: 0.3669 | Top5: 0.5588
  Train Batch [1550/1726] | Loss: 3.0036 | Top1: 0.3677 | Top5: 0.5600
  Train Batch [1600/1726] | Loss: 3.0043 | Top1: 0.3696 | Top5: 0.5629
  Train Batch [1650/1726] | Loss: 3.0005 | Top1: 0.3681 | Top5: 0.5614
  Train Batch [1700/1726] | Loss: 3.0080 | Top1: 0.3673 | Top5: 0.5607
  Train Batch [1726/1726] | Loss: 3.0094 | Top1: 0.3680 | Top5: 0.5615
  Train Epoch Time: 418.238s
  Val Batch [50/304] | Loss: 2.1340 | Top1: 0.6763 | Top5: 0.9000
  Val Batch [100/304] | Loss: 2.1550 | Top1: 0.6713 | Top5: 0.8925
  Val Batch [150/304] | Loss: 2.1346 | Top1: 0.6785 | Top5: 0.8944
  Val Batch [200/304] | Loss: 2.1435 | Top1: 0.6747 | Top5: 0.8930
  Val Batch [250/304] | Loss: 2.1491 | Top1: 0.6735 | Top5: 0.8914
  Val Batch [300/304] | Loss: 2.1469 | Top1: 0.6757 | Top5: 0.8926
  Val Batch [304/304] | Loss: 2.1470 | Top1: 0.6754 | Top5: 0.8922
  Val Epoch Time: 23.014s
Epoch [4/60] | Train Loss: 3.0094 | Train Top1: 0.3680 | Train Top5: 0.5615 | Val Loss: 2.1470 | Val Top1: 0.6754 | Val Top5: 0.8922 | LR: 2.60e-04 | Train Time: 418.238s | Val Time: 23.014s | Epoch Time: 441.253s

===== Epoch 5/60 (LR: 3.80e-04) =====
  Train Batch [50/1726] | Loss: 2.8743 | Top1: 0.3556 | Top5: 0.5400
  Train Batch [100/1726] | Loss: 2.8639 | Top1: 0.3488 | Top5: 0.5259
  Train Batch [150/1726] | Loss: 2.8358 | Top1: 0.3858 | Top5: 0.5621
  Train Batch [200/1726] | Loss: 2.8501 | Top1: 0.3869 | Top5: 0.5664
  Train Batch [250/1726] | Loss: 2.9076 | Top1: 0.3984 | Top5: 0.5864
  Train Batch [300/1726] | Loss: 2.9130 | Top1: 0.3932 | Top5: 0.5825
  Train Batch [350/1726] | Loss: 2.9326 | Top1: 0.3914 | Top5: 0.5796
  Train Batch [400/1726] | Loss: 2.9368 | Top1: 0.3941 | Top5: 0.5873
  Train Batch [450/1726] | Loss: 2.9472 | Top1: 0.3877 | Top5: 0.5803
  Train Batch [500/1726] | Loss: 2.9385 | Top1: 0.3807 | Top5: 0.5709
  Train Batch [550/1726] | Loss: 2.9503 | Top1: 0.3832 | Top5: 0.5745
  Train Batch [600/1726] | Loss: 2.9606 | Top1: 0.3826 | Top5: 0.5749
  Train Batch [650/1726] | Loss: 2.9806 | Top1: 0.3822 | Top5: 0.5772
  Train Batch [700/1726] | Loss: 2.9818 | Top1: 0.3818 | Top5: 0.5775
  Train Batch [750/1726] | Loss: 2.9849 | Top1: 0.3840 | Top5: 0.5807
  Train Batch [800/1726] | Loss: 2.9824 | Top1: 0.3826 | Top5: 0.5780
  Train Batch [850/1726] | Loss: 2.9791 | Top1: 0.3837 | Top5: 0.5790
  Train Batch [900/1726] | Loss: 2.9889 | Top1: 0.3825 | Top5: 0.5781
  Train Batch [950/1726] | Loss: 2.9896 | Top1: 0.3818 | Top5: 0.5770
  Train Batch [1000/1726] | Loss: 2.9950 | Top1: 0.3814 | Top5: 0.5766
  Train Batch [1050/1726] | Loss: 2.9955 | Top1: 0.3820 | Top5: 0.5787
  Train Batch [1100/1726] | Loss: 2.9925 | Top1: 0.3806 | Top5: 0.5771
  Train Batch [1150/1726] | Loss: 2.9900 | Top1: 0.3796 | Top5: 0.5749
  Train Batch [1200/1726] | Loss: 2.9865 | Top1: 0.3795 | Top5: 0.5745
  Train Batch [1250/1726] | Loss: 2.9959 | Top1: 0.3763 | Top5: 0.5711
  Train Batch [1300/1726] | Loss: 2.9980 | Top1: 0.3756 | Top5: 0.5693
  Train Batch [1350/1726] | Loss: 3.0085 | Top1: 0.3738 | Top5: 0.5682
  Train Batch [1400/1726] | Loss: 3.0139 | Top1: 0.3761 | Top5: 0.5713
  Train Batch [1450/1726] | Loss: 3.0141 | Top1: 0.3762 | Top5: 0.5716
  Train Batch [1500/1726] | Loss: 3.0209 | Top1: 0.3751 | Top5: 0.5710
  Train Batch [1550/1726] | Loss: 3.0208 | Top1: 0.3778 | Top5: 0.5745
  Train Batch [1600/1726] | Loss: 3.0205 | Top1: 0.3773 | Top5: 0.5736
  Train Batch [1650/1726] | Loss: 3.0240 | Top1: 0.3764 | Top5: 0.5720
  Train Batch [1700/1726] | Loss: 3.0294 | Top1: 0.3742 | Top5: 0.5700
  Train Batch [1726/1726] | Loss: 3.0313 | Top1: 0.3749 | Top5: 0.5712
  Train Epoch Time: 418.078s
  Val Batch [50/304] | Loss: 2.1934 | Top1: 0.6613 | Top5: 0.8788
  Val Batch [100/304] | Loss: 2.2109 | Top1: 0.6597 | Top5: 0.8797
  Val Batch [150/304] | Loss: 2.2055 | Top1: 0.6571 | Top5: 0.8812
  Val Batch [200/304] | Loss: 2.2165 | Top1: 0.6528 | Top5: 0.8806
  Val Batch [250/304] | Loss: 2.2311 | Top1: 0.6495 | Top5: 0.8781
  Val Batch [300/304] | Loss: 2.2266 | Top1: 0.6510 | Top5: 0.8798
  Val Batch [304/304] | Loss: 2.2265 | Top1: 0.6513 | Top5: 0.8798
  Val Epoch Time: 22.981s
Epoch [5/60] | Train Loss: 3.0313 | Train Top1: 0.3749 | Train Top5: 0.5712 | Val Loss: 2.2265 | Val Top1: 0.6513 | Val Top5: 0.8798 | LR: 3.80e-04 | Train Time: 418.078s | Val Time: 22.981s | Epoch Time: 441.060s

===== Epoch 6/60 (LR: 4.68e-04) =====
  Train Batch [50/1726] | Loss: 2.9641 | Top1: 0.3781 | Top5: 0.5613
  Train Batch [100/1726] | Loss: 2.8925 | Top1: 0.3850 | Top5: 0.5650
  Train Batch [150/1726] | Loss: 2.9438 | Top1: 0.3769 | Top5: 0.5663
  Train Batch [200/1726] | Loss: 2.9135 | Top1: 0.3945 | Top5: 0.5806
  Train Batch [250/1726] | Loss: 2.9304 | Top1: 0.3977 | Top5: 0.5841
  Train Batch [300/1726] | Loss: 2.9148 | Top1: 0.3943 | Top5: 0.5810
  Train Batch [350/1726] | Loss: 2.9392 | Top1: 0.3880 | Top5: 0.5751
  Train Batch [400/1726] | Loss: 2.9383 | Top1: 0.3882 | Top5: 0.5745
  Train Batch [450/1726] | Loss: 2.9511 | Top1: 0.3903 | Top5: 0.5784
  Train Batch [500/1726] | Loss: 2.9464 | Top1: 0.3970 | Top5: 0.5857
  Train Batch [550/1726] | Loss: 2.9494 | Top1: 0.3989 | Top5: 0.5882
  Train Batch [600/1726] | Loss: 2.9607 | Top1: 0.3987 | Top5: 0.5886
  Train Batch [650/1726] | Loss: 2.9513 | Top1: 0.3971 | Top5: 0.5863
  Train Batch [700/1726] | Loss: 2.9676 | Top1: 0.3940 | Top5: 0.5843
  Train Batch [750/1726] | Loss: 2.9685 | Top1: 0.3945 | Top5: 0.5853
  Train Batch [800/1726] | Loss: 2.9765 | Top1: 0.3879 | Top5: 0.5786
  Train Batch [850/1726] | Loss: 2.9694 | Top1: 0.3849 | Top5: 0.5753
  Train Batch [900/1726] | Loss: 2.9704 | Top1: 0.3840 | Top5: 0.5745
  Train Batch [950/1726] | Loss: 2.9737 | Top1: 0.3845 | Top5: 0.5750
  Train Batch [1000/1726] | Loss: 2.9737 | Top1: 0.3869 | Top5: 0.5758
  Train Batch [1050/1726] | Loss: 2.9729 | Top1: 0.3865 | Top5: 0.5754
  Train Batch [1100/1726] | Loss: 2.9627 | Top1: 0.3853 | Top5: 0.5735
  Train Batch [1150/1726] | Loss: 2.9664 | Top1: 0.3817 | Top5: 0.5682
  Train Batch [1200/1726] | Loss: 2.9677 | Top1: 0.3833 | Top5: 0.5704
  Train Batch [1250/1726] | Loss: 2.9682 | Top1: 0.3833 | Top5: 0.5711
  Train Batch [1300/1726] | Loss: 2.9766 | Top1: 0.3827 | Top5: 0.5709
  Train Batch [1350/1726] | Loss: 2.9821 | Top1: 0.3820 | Top5: 0.5704
  Train Batch [1400/1726] | Loss: 2.9924 | Top1: 0.3832 | Top5: 0.5728
  Train Batch [1450/1726] | Loss: 2.9861 | Top1: 0.3828 | Top5: 0.5719
  Train Batch [1500/1726] | Loss: 2.9916 | Top1: 0.3847 | Top5: 0.5744
  Train Batch [1550/1726] | Loss: 2.9875 | Top1: 0.3864 | Top5: 0.5766
  Train Batch [1600/1726] | Loss: 2.9884 | Top1: 0.3869 | Top5: 0.5776
  Train Batch [1650/1726] | Loss: 2.9937 | Top1: 0.3852 | Top5: 0.5758
  Train Batch [1700/1726] | Loss: 2.9982 | Top1: 0.3842 | Top5: 0.5747
  Train Batch [1726/1726] | Loss: 2.9951 | Top1: 0.3835 | Top5: 0.5733
  Train Epoch Time: 417.961s
  Val Batch [50/304] | Loss: 2.1600 | Top1: 0.6644 | Top5: 0.8825
  Val Batch [100/304] | Loss: 2.1986 | Top1: 0.6562 | Top5: 0.8844
  Val Batch [150/304] | Loss: 2.1676 | Top1: 0.6681 | Top5: 0.8881
  Val Batch [200/304] | Loss: 2.1719 | Top1: 0.6692 | Top5: 0.8850
  Val Batch [250/304] | Loss: 2.1858 | Top1: 0.6681 | Top5: 0.8816
  Val Batch [300/304] | Loss: 2.1749 | Top1: 0.6724 | Top5: 0.8844
  Val Batch [304/304] | Loss: 2.1754 | Top1: 0.6725 | Top5: 0.8843
  Val Epoch Time: 22.969s
Epoch [6/60] | Train Loss: 2.9951 | Train Top1: 0.3835 | Train Top5: 0.5733 | Val Loss: 2.1754 | Val Top1: 0.6725 | Val Top5: 0.8843 | LR: 4.68e-04 | Train Time: 417.961s | Val Time: 22.969s | Epoch Time: 440.930s

===== Epoch 7/60 (LR: 5.00e-04) =====
  Train Batch [50/1726] | Loss: 2.8527 | Top1: 0.4637 | Top5: 0.6481
  Train Batch [100/1726] | Loss: 2.9113 | Top1: 0.4500 | Top5: 0.6416
  Train Batch [150/1726] | Loss: 2.8342 | Top1: 0.4610 | Top5: 0.6490
  Train Batch [200/1726] | Loss: 2.8242 | Top1: 0.4430 | Top5: 0.6273
  Train Batch [250/1726] | Loss: 2.8245 | Top1: 0.4449 | Top5: 0.6294
  Train Batch [300/1726] | Loss: 2.8631 | Top1: 0.4316 | Top5: 0.6183
  Train Batch [350/1726] | Loss: 2.8581 | Top1: 0.4246 | Top5: 0.6112
  Train Batch [400/1726] | Loss: 2.8526 | Top1: 0.4191 | Top5: 0.6067
  Train Batch [450/1726] | Loss: 2.8446 | Top1: 0.4130 | Top5: 0.5999
  Train Batch [500/1726] | Loss: 2.8532 | Top1: 0.4159 | Top5: 0.6043
  Train Batch [550/1726] | Loss: 2.8680 | Top1: 0.4139 | Top5: 0.6019
  Train Batch [600/1726] | Loss: 2.8608 | Top1: 0.4111 | Top5: 0.5986
  Train Batch [650/1726] | Loss: 2.8553 | Top1: 0.4053 | Top5: 0.5910
  Train Batch [700/1726] | Loss: 2.8584 | Top1: 0.4068 | Top5: 0.5924
  Train Batch [750/1726] | Loss: 2.8636 | Top1: 0.4079 | Top5: 0.5948
  Train Batch [800/1726] | Loss: 2.8630 | Top1: 0.4077 | Top5: 0.5943
  Train Batch [850/1726] | Loss: 2.8732 | Top1: 0.4046 | Top5: 0.5926
  Train Batch [900/1726] | Loss: 2.8753 | Top1: 0.4047 | Top5: 0.5933
  Train Batch [950/1726] | Loss: 2.8794 | Top1: 0.4037 | Top5: 0.5916
  Train Batch [1000/1726] | Loss: 2.9002 | Top1: 0.4000 | Top5: 0.5883
  Train Batch [1050/1726] | Loss: 2.9039 | Top1: 0.4012 | Top5: 0.5897
  Train Batch [1100/1726] | Loss: 2.8945 | Top1: 0.3980 | Top5: 0.5845
  Train Batch [1150/1726] | Loss: 2.8980 | Top1: 0.3980 | Top5: 0.5852
  Train Batch [1200/1726] | Loss: 2.8996 | Top1: 0.3982 | Top5: 0.5845
  Train Batch [1250/1726] | Loss: 2.8946 | Top1: 0.3970 | Top5: 0.5826
  Train Batch [1300/1726] | Loss: 2.8960 | Top1: 0.3992 | Top5: 0.5851
  Train Batch [1350/1726] | Loss: 2.9023 | Top1: 0.3973 | Top5: 0.5837
  Train Batch [1400/1726] | Loss: 2.9021 | Top1: 0.3977 | Top5: 0.5834
  Train Batch [1450/1726] | Loss: 2.9076 | Top1: 0.3960 | Top5: 0.5819
  Train Batch [1500/1726] | Loss: 2.9128 | Top1: 0.3927 | Top5: 0.5784
  Train Batch [1550/1726] | Loss: 2.9129 | Top1: 0.3936 | Top5: 0.5794
  Train Batch [1600/1726] | Loss: 2.9121 | Top1: 0.3934 | Top5: 0.5792
  Train Batch [1650/1726] | Loss: 2.9133 | Top1: 0.3932 | Top5: 0.5790
  Train Batch [1700/1726] | Loss: 2.9172 | Top1: 0.3944 | Top5: 0.5810
  Train Batch [1726/1726] | Loss: 2.9159 | Top1: 0.3961 | Top5: 0.5823
  Train Epoch Time: 418.221s
  Val Batch [50/304] | Loss: 2.1627 | Top1: 0.6625 | Top5: 0.8881
  Val Batch [100/304] | Loss: 2.1939 | Top1: 0.6528 | Top5: 0.8831
  Val Batch [150/304] | Loss: 2.1894 | Top1: 0.6621 | Top5: 0.8827
  Val Batch [200/304] | Loss: 2.2025 | Top1: 0.6625 | Top5: 0.8825
  Val Batch [250/304] | Loss: 2.2220 | Top1: 0.6609 | Top5: 0.8778
  Val Batch [300/304] | Loss: 2.2160 | Top1: 0.6616 | Top5: 0.8783
  Val Batch [304/304] | Loss: 2.2142 | Top1: 0.6626 | Top5: 0.8787
  Val Epoch Time: 22.983s
Epoch [7/60] | Train Loss: 2.9159 | Train Top1: 0.3961 | Train Top5: 0.5823 | Val Loss: 2.2142 | Val Top1: 0.6626 | Val Top5: 0.8787 | LR: 5.00e-04 | Train Time: 418.221s | Val Time: 22.983s | Epoch Time: 441.203s

===== Epoch 8/60 (LR: 5.00e-04) =====
  Train Batch [50/1726] | Loss: 2.6744 | Top1: 0.4381 | Top5: 0.6362
  Train Batch [100/1726] | Loss: 2.7300 | Top1: 0.4231 | Top5: 0.6153
  Train Batch [150/1726] | Loss: 2.7555 | Top1: 0.4437 | Top5: 0.6340
  Train Batch [200/1726] | Loss: 2.7704 | Top1: 0.4248 | Top5: 0.6138
  Train Batch [250/1726] | Loss: 2.7778 | Top1: 0.4324 | Top5: 0.6225
  Train Batch [300/1726] | Loss: 2.7656 | Top1: 0.4427 | Top5: 0.6302
  Train Batch [350/1726] | Loss: 2.7593 | Top1: 0.4404 | Top5: 0.6303
  Train Batch [400/1726] | Loss: 2.7816 | Top1: 0.4395 | Top5: 0.6304
  Train Batch [450/1726] | Loss: 2.7800 | Top1: 0.4335 | Top5: 0.6231
  Train Batch [500/1726] | Loss: 2.7940 | Top1: 0.4330 | Top5: 0.6224
  Train Batch [550/1726] | Loss: 2.8107 | Top1: 0.4326 | Top5: 0.6233
  Train Batch [600/1726] | Loss: 2.7961 | Top1: 0.4392 | Top5: 0.6286
  Train Batch [650/1726] | Loss: 2.8033 | Top1: 0.4383 | Top5: 0.6282
  Train Batch [700/1726] | Loss: 2.8048 | Top1: 0.4379 | Top5: 0.6275
  Train Batch [750/1726] | Loss: 2.8055 | Top1: 0.4397 | Top5: 0.6305
  Train Batch [800/1726] | Loss: 2.8045 | Top1: 0.4361 | Top5: 0.6265
  Train Batch [850/1726] | Loss: 2.8179 | Top1: 0.4363 | Top5: 0.6266
  Train Batch [900/1726] | Loss: 2.8174 | Top1: 0.4337 | Top5: 0.6226
  Train Batch [950/1726] | Loss: 2.8251 | Top1: 0.4336 | Top5: 0.6227
  Train Batch [1000/1726] | Loss: 2.8270 | Top1: 0.4309 | Top5: 0.6198
  Train Batch [1050/1726] | Loss: 2.8290 | Top1: 0.4277 | Top5: 0.6162
  Train Batch [1100/1726] | Loss: 2.8348 | Top1: 0.4247 | Top5: 0.6126
  Train Batch [1150/1726] | Loss: 2.8465 | Top1: 0.4236 | Top5: 0.6121
  Train Batch [1200/1726] | Loss: 2.8442 | Top1: 0.4256 | Top5: 0.6148
  Train Batch [1250/1726] | Loss: 2.8459 | Top1: 0.4240 | Top5: 0.6121
  Train Batch [1300/1726] | Loss: 2.8465 | Top1: 0.4203 | Top5: 0.6073
  Train Batch [1350/1726] | Loss: 2.8514 | Top1: 0.4220 | Top5: 0.6095
  Train Batch [1400/1726] | Loss: 2.8526 | Top1: 0.4218 | Top5: 0.6088
  Train Batch [1450/1726] | Loss: 2.8596 | Top1: 0.4218 | Top5: 0.6097
  Train Batch [1500/1726] | Loss: 2.8627 | Top1: 0.4223 | Top5: 0.6109
  Train Batch [1550/1726] | Loss: 2.8621 | Top1: 0.4213 | Top5: 0.6098
  Train Batch [1600/1726] | Loss: 2.8603 | Top1: 0.4202 | Top5: 0.6084
  Train Batch [1650/1726] | Loss: 2.8562 | Top1: 0.4198 | Top5: 0.6072
  Train Batch [1700/1726] | Loss: 2.8593 | Top1: 0.4186 | Top5: 0.6059
  Train Batch [1726/1726] | Loss: 2.8589 | Top1: 0.4190 | Top5: 0.6060
  Train Epoch Time: 418.693s
  Val Batch [50/304] | Loss: 2.0722 | Top1: 0.7031 | Top5: 0.9000
  Val Batch [100/304] | Loss: 2.1014 | Top1: 0.6897 | Top5: 0.8972
  Val Batch [150/304] | Loss: 2.0916 | Top1: 0.6921 | Top5: 0.8971
  Val Batch [200/304] | Loss: 2.0909 | Top1: 0.6964 | Top5: 0.8961
  Val Batch [250/304] | Loss: 2.1066 | Top1: 0.6947 | Top5: 0.8934
  Val Batch [300/304] | Loss: 2.1088 | Top1: 0.6964 | Top5: 0.8926
  Val Batch [304/304] | Loss: 2.1095 | Top1: 0.6963 | Top5: 0.8923
  Val Epoch Time: 22.992s
Epoch [8/60] | Train Loss: 2.8589 | Train Top1: 0.4190 | Train Top5: 0.6060 | Val Loss: 2.1095 | Val Top1: 0.6963 | Val Top5: 0.8923 | LR: 5.00e-04 | Train Time: 418.693s | Val Time: 22.992s | Epoch Time: 441.685s
Saved best checkpoint to: C:\Users\ljh20\MCS\CS273P\Model_California_Birds\outputs\output_20260308_135130\checkpoints\convnext_base.fb_in22k_ft_in1k_best.pth

===== Epoch 9/60 (LR: 4.98e-04) =====
  Train Batch [50/1726] | Loss: 2.9162 | Top1: 0.5038 | Top5: 0.7056
  Train Batch [100/1726] | Loss: 2.8119 | Top1: 0.4481 | Top5: 0.6375
  Train Batch [150/1726] | Loss: 2.7576 | Top1: 0.4669 | Top5: 0.6535
  Train Batch [200/1726] | Loss: 2.7073 | Top1: 0.4587 | Top5: 0.6372
  Train Batch [250/1726] | Loss: 2.6945 | Top1: 0.4719 | Top5: 0.6521
  Train Batch [300/1726] | Loss: 2.6851 | Top1: 0.4802 | Top5: 0.6595
  Train Batch [350/1726] | Loss: 2.6715 | Top1: 0.4827 | Top5: 0.6603
  Train Batch [400/1726] | Loss: 2.7049 | Top1: 0.4817 | Top5: 0.6602
  Train Batch [450/1726] | Loss: 2.7173 | Top1: 0.4699 | Top5: 0.6475
  Train Batch [500/1726] | Loss: 2.7333 | Top1: 0.4645 | Top5: 0.6458
  Train Batch [550/1726] | Loss: 2.7451 | Top1: 0.4558 | Top5: 0.6383
  Train Batch [600/1726] | Loss: 2.7449 | Top1: 0.4512 | Top5: 0.6331
  Train Batch [650/1726] | Loss: 2.7475 | Top1: 0.4516 | Top5: 0.6319
  Train Batch [700/1726] | Loss: 2.7409 | Top1: 0.4491 | Top5: 0.6306
  Train Batch [750/1726] | Loss: 2.7423 | Top1: 0.4515 | Top5: 0.6321
  Train Batch [800/1726] | Loss: 2.7498 | Top1: 0.4466 | Top5: 0.6271
  Train Batch [850/1726] | Loss: 2.7420 | Top1: 0.4435 | Top5: 0.6216
  Train Batch [900/1726] | Loss: 2.7410 | Top1: 0.4421 | Top5: 0.6199
  Train Batch [950/1726] | Loss: 2.7379 | Top1: 0.4386 | Top5: 0.6162
  Train Batch [1000/1726] | Loss: 2.7413 | Top1: 0.4323 | Top5: 0.6090
  Train Batch [1050/1726] | Loss: 2.7458 | Top1: 0.4327 | Top5: 0.6103
  Train Batch [1100/1726] | Loss: 2.7519 | Top1: 0.4320 | Top5: 0.6092
  Train Batch [1150/1726] | Loss: 2.7524 | Top1: 0.4286 | Top5: 0.6057
  Train Batch [1200/1726] | Loss: 2.7616 | Top1: 0.4285 | Top5: 0.6061
  Train Batch [1250/1726] | Loss: 2.7701 | Top1: 0.4298 | Top5: 0.6086
  Train Batch [1300/1726] | Loss: 2.7788 | Top1: 0.4275 | Top5: 0.6071
  Train Batch [1350/1726] | Loss: 2.7817 | Top1: 0.4274 | Top5: 0.6061
  Train Batch [1400/1726] | Loss: 2.7759 | Top1: 0.4244 | Top5: 0.6018
  Train Batch [1450/1726] | Loss: 2.7704 | Top1: 0.4234 | Top5: 0.6003
  Train Batch [1500/1726] | Loss: 2.7705 | Top1: 0.4220 | Top5: 0.5992
  Train Batch [1550/1726] | Loss: 2.7717 | Top1: 0.4238 | Top5: 0.6015
  Train Batch [1600/1726] | Loss: 2.7784 | Top1: 0.4238 | Top5: 0.6022
  Train Batch [1650/1726] | Loss: 2.7786 | Top1: 0.4230 | Top5: 0.6009
  Train Batch [1700/1726] | Loss: 2.7863 | Top1: 0.4213 | Top5: 0.5999
  Train Batch [1726/1726] | Loss: 2.7870 | Top1: 0.4210 | Top5: 0.5996
  Train Epoch Time: 417.948s
  Val Batch [50/304] | Loss: 2.1640 | Top1: 0.6837 | Top5: 0.8775
  Val Batch [100/304] | Loss: 2.1729 | Top1: 0.6728 | Top5: 0.8822
  Val Batch [150/304] | Loss: 2.1625 | Top1: 0.6823 | Top5: 0.8846
  Val Batch [200/304] | Loss: 2.1672 | Top1: 0.6820 | Top5: 0.8842
  Val Batch [250/304] | Loss: 2.1840 | Top1: 0.6783 | Top5: 0.8810
  Val Batch [300/304] | Loss: 2.1878 | Top1: 0.6768 | Top5: 0.8799
  Val Batch [304/304] | Loss: 2.1874 | Top1: 0.6770 | Top5: 0.8798
  Val Epoch Time: 22.961s
Epoch [9/60] | Train Loss: 2.7870 | Train Top1: 0.4210 | Train Top5: 0.5996 | Val Loss: 2.1874 | Val Top1: 0.6770 | Val Top5: 0.8798 | LR: 4.98e-04 | Train Time: 417.948s | Val Time: 22.961s | Epoch Time: 440.908s

===== Epoch 10/60 (LR: 4.96e-04) =====
  Train Batch [50/1726] | Loss: 2.7346 | Top1: 0.3588 | Top5: 0.5194
  Train Batch [100/1726] | Loss: 2.6516 | Top1: 0.4041 | Top5: 0.5628
  Train Batch [150/1726] | Loss: 2.7122 | Top1: 0.3967 | Top5: 0.5563
  Train Batch [200/1726] | Loss: 2.7133 | Top1: 0.4219 | Top5: 0.5870
  Train Batch [250/1726] | Loss: 2.6943 | Top1: 0.4194 | Top5: 0.5824
  Train Batch [300/1726] | Loss: 2.6718 | Top1: 0.4254 | Top5: 0.5874
  Train Batch [350/1726] | Loss: 2.6855 | Top1: 0.4315 | Top5: 0.5974
  Train Batch [400/1726] | Loss: 2.6879 | Top1: 0.4361 | Top5: 0.6032
  Train Batch [450/1726] | Loss: 2.6929 | Top1: 0.4378 | Top5: 0.6058
  Train Batch [500/1726] | Loss: 2.6686 | Top1: 0.4343 | Top5: 0.6001
  Train Batch [550/1726] | Loss: 2.6963 | Top1: 0.4312 | Top5: 0.6002
  Train Batch [600/1726] | Loss: 2.6983 | Top1: 0.4321 | Top5: 0.6015
  Train Batch [650/1726] | Loss: 2.7000 | Top1: 0.4328 | Top5: 0.6010
  Train Batch [700/1726] | Loss: 2.7117 | Top1: 0.4274 | Top5: 0.5958
  Train Batch [750/1726] | Loss: 2.7186 | Top1: 0.4318 | Top5: 0.6013
  Train Batch [800/1726] | Loss: 2.7201 | Top1: 0.4324 | Top5: 0.6014
  Train Batch [850/1726] | Loss: 2.7191 | Top1: 0.4389 | Top5: 0.6094
  Train Batch [900/1726] | Loss: 2.7335 | Top1: 0.4364 | Top5: 0.6084
  Train Batch [950/1726] | Loss: 2.7215 | Top1: 0.4365 | Top5: 0.6078
  Train Batch [1000/1726] | Loss: 2.7214 | Top1: 0.4348 | Top5: 0.6066
  Train Batch [1050/1726] | Loss: 2.7245 | Top1: 0.4363 | Top5: 0.6090
  Train Batch [1100/1726] | Loss: 2.7199 | Top1: 0.4319 | Top5: 0.6032
  Train Batch [1150/1726] | Loss: 2.7224 | Top1: 0.4312 | Top5: 0.6036
  Train Batch [1200/1726] | Loss: 2.7296 | Top1: 0.4294 | Top5: 0.6028
  Train Batch [1250/1726] | Loss: 2.7337 | Top1: 0.4291 | Top5: 0.6037
  Train Batch [1300/1726] | Loss: 2.7317 | Top1: 0.4296 | Top5: 0.6045
  Train Batch [1350/1726] | Loss: 2.7317 | Top1: 0.4297 | Top5: 0.6049
  Train Batch [1400/1726] | Loss: 2.7307 | Top1: 0.4283 | Top5: 0.6029
  Train Batch [1450/1726] | Loss: 2.7346 | Top1: 0.4291 | Top5: 0.6036
  Train Batch [1500/1726] | Loss: 2.7358 | Top1: 0.4287 | Top5: 0.6028
  Train Batch [1550/1726] | Loss: 2.7391 | Top1: 0.4258 | Top5: 0.6005
  Train Batch [1600/1726] | Loss: 2.7428 | Top1: 0.4255 | Top5: 0.6006
  Train Batch [1650/1726] | Loss: 2.7452 | Top1: 0.4243 | Top5: 0.5998
  Train Batch [1700/1726] | Loss: 2.7512 | Top1: 0.4254 | Top5: 0.6017
  Train Batch [1726/1726] | Loss: 2.7520 | Top1: 0.4244 | Top5: 0.6007
  Train Epoch Time: 418.341s
  Val Batch [50/304] | Loss: 2.0741 | Top1: 0.7031 | Top5: 0.8894
  Val Batch [100/304] | Loss: 2.0653 | Top1: 0.7044 | Top5: 0.8922
  Val Batch [150/304] | Loss: 2.0683 | Top1: 0.7090 | Top5: 0.8933
  Val Batch [200/304] | Loss: 2.0681 | Top1: 0.7094 | Top5: 0.8944
  Val Batch [250/304] | Loss: 2.0870 | Top1: 0.7039 | Top5: 0.8919
  Val Batch [300/304] | Loss: 2.0866 | Top1: 0.7033 | Top5: 0.8926
  Val Batch [304/304] | Loss: 2.0865 | Top1: 0.7036 | Top5: 0.8926
  Val Epoch Time: 22.980s
Epoch [10/60] | Train Loss: 2.7520 | Train Top1: 0.4244 | Train Top5: 0.6007 | Val Loss: 2.0865 | Val Top1: 0.7036 | Val Top5: 0.8926 | LR: 4.96e-04 | Train Time: 418.341s | Val Time: 22.980s | Epoch Time: 441.321s
Saved best checkpoint to: C:\Users\ljh20\MCS\CS273P\Model_California_Birds\outputs\output_20260308_135130\checkpoints\convnext_base.fb_in22k_ft_in1k_best.pth

===== Epoch 11/60 (LR: 4.93e-04) =====
  Train Batch [50/1726] | Loss: 2.6132 | Top1: 0.4106 | Top5: 0.5850
  Train Batch [100/1726] | Loss: 2.5549 | Top1: 0.4550 | Top5: 0.6309
  Train Batch [150/1726] | Loss: 2.6453 | Top1: 0.4498 | Top5: 0.6262
  Train Batch [200/1726] | Loss: 2.6324 | Top1: 0.4573 | Top5: 0.6283
  Train Batch [250/1726] | Loss: 2.6528 | Top1: 0.4592 | Top5: 0.6326
  Train Batch [300/1726] | Loss: 2.6837 | Top1: 0.4386 | Top5: 0.6123
  Train Batch [350/1726] | Loss: 2.6996 | Top1: 0.4452 | Top5: 0.6206
  Train Batch [400/1726] | Loss: 2.6961 | Top1: 0.4456 | Top5: 0.6228
  Train Batch [450/1726] | Loss: 2.6841 | Top1: 0.4535 | Top5: 0.6312
  Train Batch [500/1726] | Loss: 2.7051 | Top1: 0.4488 | Top5: 0.6275
  Train Batch [550/1726] | Loss: 2.7042 | Top1: 0.4493 | Top5: 0.6270
  Train Batch [600/1726] | Loss: 2.7171 | Top1: 0.4461 | Top5: 0.6249
  Train Batch [650/1726] | Loss: 2.7102 | Top1: 0.4426 | Top5: 0.6201
  Train Batch [700/1726] | Loss: 2.7087 | Top1: 0.4464 | Top5: 0.6255
  Train Batch [750/1726] | Loss: 2.6935 | Top1: 0.4493 | Top5: 0.6272
  Train Batch [800/1726] | Loss: 2.6872 | Top1: 0.4518 | Top5: 0.6296
  Train Batch [850/1726] | Loss: 2.6883 | Top1: 0.4496 | Top5: 0.6275
  Train Batch [900/1726] | Loss: 2.6871 | Top1: 0.4457 | Top5: 0.6229
  Train Batch [950/1726] | Loss: 2.6935 | Top1: 0.4460 | Top5: 0.6245
  Train Batch [1000/1726] | Loss: 2.6926 | Top1: 0.4474 | Top5: 0.6260
  Train Batch [1050/1726] | Loss: 2.6983 | Top1: 0.4492 | Top5: 0.6285
  Train Batch [1100/1726] | Loss: 2.6980 | Top1: 0.4469 | Top5: 0.6247
  Train Batch [1150/1726] | Loss: 2.6970 | Top1: 0.4479 | Top5: 0.6257
  Train Batch [1200/1726] | Loss: 2.6970 | Top1: 0.4458 | Top5: 0.6222
  Train Batch [1250/1726] | Loss: 2.6985 | Top1: 0.4460 | Top5: 0.6226
  Train Batch [1300/1726] | Loss: 2.7020 | Top1: 0.4454 | Top5: 0.6219
  Train Batch [1350/1726] | Loss: 2.7143 | Top1: 0.4458 | Top5: 0.6240
  Train Batch [1400/1726] | Loss: 2.7183 | Top1: 0.4449 | Top5: 0.6228
  Train Batch [1450/1726] | Loss: 2.7182 | Top1: 0.4429 | Top5: 0.6207
  Train Batch [1500/1726] | Loss: 2.7177 | Top1: 0.4406 | Top5: 0.6184
  Train Batch [1550/1726] | Loss: 2.7173 | Top1: 0.4392 | Top5: 0.6170
  Train Batch [1600/1726] | Loss: 2.7182 | Top1: 0.4401 | Top5: 0.6181
  Train Batch [1650/1726] | Loss: 2.7203 | Top1: 0.4399 | Top5: 0.6181
  Train Batch [1700/1726] | Loss: 2.7222 | Top1: 0.4395 | Top5: 0.6180
  Train Batch [1726/1726] | Loss: 2.7203 | Top1: 0.4381 | Top5: 0.6162
  Train Epoch Time: 417.900s
  Val Batch [50/304] | Loss: 2.1314 | Top1: 0.6975 | Top5: 0.8869
  Val Batch [100/304] | Loss: 2.1396 | Top1: 0.6872 | Top5: 0.8872
  Val Batch [150/304] | Loss: 2.1252 | Top1: 0.6927 | Top5: 0.8881
  Val Batch [200/304] | Loss: 2.1175 | Top1: 0.6972 | Top5: 0.8909
  Val Batch [250/304] | Loss: 2.1347 | Top1: 0.6937 | Top5: 0.8881
  Val Batch [300/304] | Loss: 2.1311 | Top1: 0.6925 | Top5: 0.8892
  Val Batch [304/304] | Loss: 2.1319 | Top1: 0.6926 | Top5: 0.8891
  Val Epoch Time: 22.989s
Epoch [11/60] | Train Loss: 2.7203 | Train Top1: 0.4381 | Train Top5: 0.6162 | Val Loss: 2.1319 | Val Top1: 0.6926 | Val Top5: 0.8891 | LR: 4.93e-04 | Train Time: 417.900s | Val Time: 22.989s | Epoch Time: 440.889s

===== Epoch 12/60 (LR: 4.89e-04) =====
  Train Batch [50/1726] | Loss: 2.6775 | Top1: 0.4338 | Top5: 0.6056
  Train Batch [100/1726] | Loss: 2.6550 | Top1: 0.4322 | Top5: 0.6022
  Train Batch [150/1726] | Loss: 2.6887 | Top1: 0.4119 | Top5: 0.5817
  Train Batch [200/1726] | Loss: 2.6440 | Top1: 0.4363 | Top5: 0.6008
  Train Batch [250/1726] | Loss: 2.6615 | Top1: 0.4477 | Top5: 0.6150
  Train Batch [300/1726] | Loss: 2.6661 | Top1: 0.4422 | Top5: 0.6145
  Train Batch [350/1726] | Loss: 2.6614 | Top1: 0.4404 | Top5: 0.6112
  Train Batch [400/1726] | Loss: 2.6501 | Top1: 0.4416 | Top5: 0.6131
  Train Batch [450/1726] | Loss: 2.6616 | Top1: 0.4432 | Top5: 0.6158
  Train Batch [500/1726] | Loss: 2.6416 | Top1: 0.4459 | Top5: 0.6187
  Train Batch [550/1726] | Loss: 2.6450 | Top1: 0.4470 | Top5: 0.6186
  Train Batch [600/1726] | Loss: 2.6334 | Top1: 0.4503 | Top5: 0.6221
  Train Batch [650/1726] | Loss: 2.6471 | Top1: 0.4464 | Top5: 0.6191
  Train Batch [700/1726] | Loss: 2.6546 | Top1: 0.4439 | Top5: 0.6181
  Train Batch [750/1726] | Loss: 2.6610 | Top1: 0.4498 | Top5: 0.6244
  Train Batch [800/1726] | Loss: 2.6704 | Top1: 0.4491 | Top5: 0.6248
  Train Batch [850/1726] | Loss: 2.6674 | Top1: 0.4484 | Top5: 0.6238
  Train Batch [900/1726] | Loss: 2.6792 | Top1: 0.4480 | Top5: 0.6251
  Train Batch [950/1726] | Loss: 2.6847 | Top1: 0.4485 | Top5: 0.6271
  Train Batch [1000/1726] | Loss: 2.6900 | Top1: 0.4519 | Top5: 0.6311
  Train Batch [1050/1726] | Loss: 2.6864 | Top1: 0.4546 | Top5: 0.6336
  Train Batch [1100/1726] | Loss: 2.6736 | Top1: 0.4549 | Top5: 0.6327
  Train Batch [1150/1726] | Loss: 2.6705 | Top1: 0.4530 | Top5: 0.6301
  Train Batch [1200/1726] | Loss: 2.6711 | Top1: 0.4556 | Top5: 0.6327
  Train Batch [1250/1726] | Loss: 2.6613 | Top1: 0.4550 | Top5: 0.6309
  Train Batch [1300/1726] | Loss: 2.6604 | Top1: 0.4542 | Top5: 0.6295
  Train Batch [1350/1726] | Loss: 2.6638 | Top1: 0.4508 | Top5: 0.6257
  Train Batch [1400/1726] | Loss: 2.6668 | Top1: 0.4493 | Top5: 0.6249
  Train Batch [1450/1726] | Loss: 2.6631 | Top1: 0.4529 | Top5: 0.6291
  Train Batch [1500/1726] | Loss: 2.6585 | Top1: 0.4503 | Top5: 0.6258
  Train Batch [1550/1726] | Loss: 2.6562 | Top1: 0.4508 | Top5: 0.6262
  Train Batch [1600/1726] | Loss: 2.6623 | Top1: 0.4499 | Top5: 0.6256
  Train Batch [1650/1726] | Loss: 2.6609 | Top1: 0.4518 | Top5: 0.6269
  Train Batch [1700/1726] | Loss: 2.6687 | Top1: 0.4502 | Top5: 0.6261
  Train Batch [1726/1726] | Loss: 2.6709 | Top1: 0.4504 | Top5: 0.6267
  Train Epoch Time: 418.007s
  Val Batch [50/304] | Loss: 2.1160 | Top1: 0.6931 | Top5: 0.8950
  Val Batch [100/304] | Loss: 2.1063 | Top1: 0.6947 | Top5: 0.8956
  Val Batch [150/304] | Loss: 2.0964 | Top1: 0.7021 | Top5: 0.8962
  Val Batch [200/304] | Loss: 2.1128 | Top1: 0.6994 | Top5: 0.8914
  Val Batch [250/304] | Loss: 2.1248 | Top1: 0.6964 | Top5: 0.8898
  Val Batch [300/304] | Loss: 2.1209 | Top1: 0.6963 | Top5: 0.8898
  Val Batch [304/304] | Loss: 2.1199 | Top1: 0.6963 | Top5: 0.8901
  Val Epoch Time: 22.940s
Epoch [12/60] | Train Loss: 2.6709 | Train Top1: 0.4504 | Train Top5: 0.6267 | Val Loss: 2.1199 | Val Top1: 0.6963 | Val Top5: 0.8901 | LR: 4.89e-04 | Train Time: 418.007s | Val Time: 22.940s | Epoch Time: 440.946s

===== Epoch 13/60 (LR: 4.85e-04) =====
  Train Batch [50/1726] | Loss: 2.5296 | Top1: 0.3600 | Top5: 0.5312
  Train Batch [100/1726] | Loss: 2.6020 | Top1: 0.4172 | Top5: 0.5938
  Train Batch [150/1726] | Loss: 2.6160 | Top1: 0.4496 | Top5: 0.6258
  Train Batch [200/1726] | Loss: 2.6232 | Top1: 0.4467 | Top5: 0.6288
  Train Batch [250/1726] | Loss: 2.6422 | Top1: 0.4469 | Top5: 0.6284
  Train Batch [300/1726] | Loss: 2.6523 | Top1: 0.4429 | Top5: 0.6242
  Train Batch [350/1726] | Loss: 2.6280 | Top1: 0.4408 | Top5: 0.6177
  Train Batch [400/1726] | Loss: 2.6266 | Top1: 0.4388 | Top5: 0.6141
  Train Batch [450/1726] | Loss: 2.6446 | Top1: 0.4392 | Top5: 0.6166
  Train Batch [500/1726] | Loss: 2.6374 | Top1: 0.4409 | Top5: 0.6190
  Train Batch [550/1726] | Loss: 2.6320 | Top1: 0.4465 | Top5: 0.6248
  Train Batch [600/1726] | Loss: 2.6298 | Top1: 0.4425 | Top5: 0.6195
  Train Batch [650/1726] | Loss: 2.6311 | Top1: 0.4419 | Top5: 0.6208
  Train Batch [700/1726] | Loss: 2.6200 | Top1: 0.4403 | Top5: 0.6182
  Train Batch [750/1726] | Loss: 2.6226 | Top1: 0.4363 | Top5: 0.6125
  Train Batch [800/1726] | Loss: 2.6126 | Top1: 0.4361 | Top5: 0.6100
  Train Batch [850/1726] | Loss: 2.6070 | Top1: 0.4418 | Top5: 0.6158
  Train Batch [900/1726] | Loss: 2.6026 | Top1: 0.4414 | Top5: 0.6140
  Train Batch [950/1726] | Loss: 2.5972 | Top1: 0.4441 | Top5: 0.6164
  Train Batch [1000/1726] | Loss: 2.5983 | Top1: 0.4445 | Top5: 0.6168
  Train Batch [1050/1726] | Loss: 2.5997 | Top1: 0.4451 | Top5: 0.6162
  Train Batch [1100/1726] | Loss: 2.6001 | Top1: 0.4437 | Top5: 0.6140
  Train Batch [1150/1726] | Loss: 2.6049 | Top1: 0.4463 | Top5: 0.6168
  Train Batch [1200/1726] | Loss: 2.6066 | Top1: 0.4473 | Top5: 0.6177
  Train Batch [1250/1726] | Loss: 2.6098 | Top1: 0.4483 | Top5: 0.6182
  Train Batch [1300/1726] | Loss: 2.6132 | Top1: 0.4496 | Top5: 0.6204
  Train Batch [1350/1726] | Loss: 2.6199 | Top1: 0.4525 | Top5: 0.6244
  Train Batch [1400/1726] | Loss: 2.6183 | Top1: 0.4503 | Top5: 0.6217
  Train Batch [1450/1726] | Loss: 2.6182 | Top1: 0.4492 | Top5: 0.6205
  Train Batch [1500/1726] | Loss: 2.6180 | Top1: 0.4494 | Top5: 0.6204
  Train Batch [1550/1726] | Loss: 2.6155 | Top1: 0.4518 | Top5: 0.6230
  Train Batch [1600/1726] | Loss: 2.6143 | Top1: 0.4509 | Top5: 0.6217
  Train Batch [1650/1726] | Loss: 2.6153 | Top1: 0.4511 | Top5: 0.6223
  Train Batch [1700/1726] | Loss: 2.6121 | Top1: 0.4519 | Top5: 0.6226
  Train Batch [1726/1726] | Loss: 2.6146 | Top1: 0.4513 | Top5: 0.6223
  Train Epoch Time: 418.446s
  Val Batch [50/304] | Loss: 2.0679 | Top1: 0.7056 | Top5: 0.8931
  Val Batch [100/304] | Loss: 2.0704 | Top1: 0.7044 | Top5: 0.8978
  Val Batch [150/304] | Loss: 2.0493 | Top1: 0.7113 | Top5: 0.8996
  Val Batch [200/304] | Loss: 2.0610 | Top1: 0.7120 | Top5: 0.8992
  Val Batch [250/304] | Loss: 2.0750 | Top1: 0.7087 | Top5: 0.8962
  Val Batch [300/304] | Loss: 2.0768 | Top1: 0.7078 | Top5: 0.8978
  Val Batch [304/304] | Loss: 2.0777 | Top1: 0.7081 | Top5: 0.8977
  Val Epoch Time: 22.986s
Epoch [13/60] | Train Loss: 2.6146 | Train Top1: 0.4513 | Train Top5: 0.6223 | Val Loss: 2.0777 | Val Top1: 0.7081 | Val Top5: 0.8977 | LR: 4.85e-04 | Train Time: 418.446s | Val Time: 22.986s | Epoch Time: 441.432s
Saved best checkpoint to: C:\Users\ljh20\MCS\CS273P\Model_California_Birds\outputs\output_20260308_135130\checkpoints\convnext_base.fb_in22k_ft_in1k_best.pth

===== Epoch 14/60 (LR: 4.80e-04) =====
  Train Batch [50/1726] | Loss: 2.6539 | Top1: 0.5006 | Top5: 0.6725
  Train Batch [100/1726] | Loss: 2.6059 | Top1: 0.5106 | Top5: 0.6800
  Train Batch [150/1726] | Loss: 2.5748 | Top1: 0.5096 | Top5: 0.6740
  Train Batch [200/1726] | Loss: 2.5997 | Top1: 0.4806 | Top5: 0.6508
  Train Batch [250/1726] | Loss: 2.5990 | Top1: 0.4669 | Top5: 0.6325
  Train Batch [300/1726] | Loss: 2.5787 | Top1: 0.4511 | Top5: 0.6175
  Train Batch [350/1726] | Loss: 2.5705 | Top1: 0.4622 | Top5: 0.6289
  Train Batch [400/1726] | Loss: 2.5428 | Top1: 0.4629 | Top5: 0.6292
  Train Batch [450/1726] | Loss: 2.5604 | Top1: 0.4647 | Top5: 0.6338
  Train Batch [500/1726] | Loss: 2.5635 | Top1: 0.4671 | Top5: 0.6375
  Train Batch [550/1726] | Loss: 2.5583 | Top1: 0.4757 | Top5: 0.6454
  Train Batch [600/1726] | Loss: 2.5683 | Top1: 0.4764 | Top5: 0.6481
  Train Batch [650/1726] | Loss: 2.5600 | Top1: 0.4763 | Top5: 0.6462
  Train Batch [700/1726] | Loss: 2.5686 | Top1: 0.4735 | Top5: 0.6448
  Train Batch [750/1726] | Loss: 2.5739 | Top1: 0.4707 | Top5: 0.6425
  Train Batch [800/1726] | Loss: 2.5733 | Top1: 0.4705 | Top5: 0.6423
  Train Batch [850/1726] | Loss: 2.5791 | Top1: 0.4694 | Top5: 0.6426
  Train Batch [900/1726] | Loss: 2.5884 | Top1: 0.4712 | Top5: 0.6446
  Train Batch [950/1726] | Loss: 2.5855 | Top1: 0.4728 | Top5: 0.6453
  Train Batch [1000/1726] | Loss: 2.5930 | Top1: 0.4729 | Top5: 0.6468
  Train Batch [1050/1726] | Loss: 2.5974 | Top1: 0.4715 | Top5: 0.6462
  Train Batch [1100/1726] | Loss: 2.6081 | Top1: 0.4718 | Top5: 0.6486
  Train Batch [1150/1726] | Loss: 2.6128 | Top1: 0.4679 | Top5: 0.6448
  Train Batch [1200/1726] | Loss: 2.6074 | Top1: 0.4675 | Top5: 0.6438
  Train Batch [1250/1726] | Loss: 2.6024 | Top1: 0.4652 | Top5: 0.6404
  Train Batch [1300/1726] | Loss: 2.5988 | Top1: 0.4612 | Top5: 0.6346
  Train Batch [1350/1726] | Loss: 2.5983 | Top1: 0.4600 | Top5: 0.6330
  Train Batch [1400/1726] | Loss: 2.5925 | Top1: 0.4600 | Top5: 0.6325
  Train Batch [1450/1726] | Loss: 2.5886 | Top1: 0.4595 | Top5: 0.6312
  Train Batch [1500/1726] | Loss: 2.5933 | Top1: 0.4589 | Top5: 0.6312
  Train Batch [1550/1726] | Loss: 2.5938 | Top1: 0.4584 | Top5: 0.6317
  Train Batch [1600/1726] | Loss: 2.5904 | Top1: 0.4583 | Top5: 0.6309
  Train Batch [1650/1726] | Loss: 2.5869 | Top1: 0.4591 | Top5: 0.6315
  Train Batch [1700/1726] | Loss: 2.5853 | Top1: 0.4573 | Top5: 0.6294
  Train Batch [1726/1726] | Loss: 2.5878 | Top1: 0.4576 | Top5: 0.6297
  Train Epoch Time: 420.144s
  Val Batch [50/304] | Loss: 2.1428 | Top1: 0.7069 | Top5: 0.8825
  Val Batch [100/304] | Loss: 2.1334 | Top1: 0.7063 | Top5: 0.8853
  Val Batch [150/304] | Loss: 2.1189 | Top1: 0.7104 | Top5: 0.8879
  Val Batch [200/304] | Loss: 2.1251 | Top1: 0.7094 | Top5: 0.8881
  Val Batch [250/304] | Loss: 2.1301 | Top1: 0.7086 | Top5: 0.8871
  Val Batch [300/304] | Loss: 2.1247 | Top1: 0.7085 | Top5: 0.8873
  Val Batch [304/304] | Loss: 2.1255 | Top1: 0.7082 | Top5: 0.8873
  Val Epoch Time: 23.167s
Epoch [14/60] | Train Loss: 2.5878 | Train Top1: 0.4576 | Train Top5: 0.6297 | Val Loss: 2.1255 | Val Top1: 0.7082 | Val Top5: 0.8873 | LR: 4.80e-04 | Train Time: 420.144s | Val Time: 23.167s | Epoch Time: 443.311s
Saved best checkpoint to: C:\Users\ljh20\MCS\CS273P\Model_California_Birds\outputs\output_20260308_135130\checkpoints\convnext_base.fb_in22k_ft_in1k_best.pth

===== Epoch 15/60 (LR: 4.73e-04) =====
  Train Batch [50/1726] | Loss: 2.5791 | Top1: 0.5581 | Top5: 0.7294
  Train Batch [100/1726] | Loss: 2.4730 | Top1: 0.4666 | Top5: 0.6288
  Train Batch [150/1726] | Loss: 2.4733 | Top1: 0.4754 | Top5: 0.6404
  Train Batch [200/1726] | Loss: 2.4296 | Top1: 0.4855 | Top5: 0.6450
  Train Batch [250/1726] | Loss: 2.4625 | Top1: 0.4809 | Top5: 0.6448
  Train Batch [300/1726] | Loss: 2.4385 | Top1: 0.4980 | Top5: 0.6625
  Train Batch [350/1726] | Loss: 2.4411 | Top1: 0.4905 | Top5: 0.6565
  Train Batch [400/1726] | Loss: 2.4509 | Top1: 0.4904 | Top5: 0.6562
  Train Batch [450/1726] | Loss: 2.4496 | Top1: 0.4820 | Top5: 0.6494
  Train Batch [500/1726] | Loss: 2.4416 | Top1: 0.4738 | Top5: 0.6391
  Train Batch [550/1726] | Loss: 2.4548 | Top1: 0.4855 | Top5: 0.6515
  Train Batch [600/1726] | Loss: 2.4723 | Top1: 0.4873 | Top5: 0.6549
  Train Batch [650/1726] | Loss: 2.4824 | Top1: 0.4866 | Top5: 0.6550
  Train Batch [700/1726] | Loss: 2.4845 | Top1: 0.4881 | Top5: 0.6558
  Train Batch [750/1726] | Loss: 2.4985 | Top1: 0.4878 | Top5: 0.6567
  Train Batch [800/1726] | Loss: 2.4994 | Top1: 0.4818 | Top5: 0.6499
  Train Batch [850/1726] | Loss: 2.4972 | Top1: 0.4803 | Top5: 0.6466
  Train Batch [900/1726] | Loss: 2.5017 | Top1: 0.4778 | Top5: 0.6444
  Train Batch [950/1726] | Loss: 2.4982 | Top1: 0.4773 | Top5: 0.6444
  Train Batch [1000/1726] | Loss: 2.4907 | Top1: 0.4793 | Top5: 0.6456
  Train Batch [1050/1726] | Loss: 2.5001 | Top1: 0.4760 | Top5: 0.6437
  Train Batch [1100/1726] | Loss: 2.5001 | Top1: 0.4767 | Top5: 0.6436
  Train Batch [1150/1726] | Loss: 2.5074 | Top1: 0.4767 | Top5: 0.6428
  Train Batch [1200/1726] | Loss: 2.5150 | Top1: 0.4753 | Top5: 0.6424
  Train Batch [1250/1726] | Loss: 2.5061 | Top1: 0.4760 | Top5: 0.6414
  Train Batch [1300/1726] | Loss: 2.5113 | Top1: 0.4731 | Top5: 0.6387
  Train Batch [1350/1726] | Loss: 2.5086 | Top1: 0.4767 | Top5: 0.6420
  Train Batch [1400/1726] | Loss: 2.5120 | Top1: 0.4767 | Top5: 0.6424
  Train Batch [1450/1726] | Loss: 2.5181 | Top1: 0.4739 | Top5: 0.6396
  Train Batch [1500/1726] | Loss: 2.5189 | Top1: 0.4753 | Top5: 0.6403
  Train Batch [1550/1726] | Loss: 2.5265 | Top1: 0.4770 | Top5: 0.6431
  Train Batch [1600/1726] | Loss: 2.5270 | Top1: 0.4774 | Top5: 0.6437
  Train Batch [1650/1726] | Loss: 2.5208 | Top1: 0.4770 | Top5: 0.6429
  Train Batch [1700/1726] | Loss: 2.5230 | Top1: 0.4752 | Top5: 0.6410
  Train Batch [1726/1726] | Loss: 2.5236 | Top1: 0.4759 | Top5: 0.6419
  Train Epoch Time: 422.808s
  Val Batch [50/304] | Loss: 2.1405 | Top1: 0.6881 | Top5: 0.8831
  Val Batch [100/304] | Loss: 2.1397 | Top1: 0.6894 | Top5: 0.8866
  Val Batch [150/304] | Loss: 2.1273 | Top1: 0.6969 | Top5: 0.8871
  Val Batch [200/304] | Loss: 2.1339 | Top1: 0.6955 | Top5: 0.8862
  Val Batch [250/304] | Loss: 2.1489 | Top1: 0.6913 | Top5: 0.8834
  Val Batch [300/304] | Loss: 2.1427 | Top1: 0.6932 | Top5: 0.8845
  Val Batch [304/304] | Loss: 2.1415 | Top1: 0.6936 | Top5: 0.8845
  Val Epoch Time: 23.266s
Epoch [15/60] | Train Loss: 2.5236 | Train Top1: 0.4759 | Train Top5: 0.6419 | Val Loss: 2.1415 | Val Top1: 0.6936 | Val Top5: 0.8845 | LR: 4.73e-04 | Train Time: 422.808s | Val Time: 23.266s | Epoch Time: 446.074s

===== Epoch 16/60 (LR: 4.67e-04) =====
  Train Batch [50/1726] | Loss: 2.3757 | Top1: 0.4119 | Top5: 0.5669
  Train Batch [100/1726] | Loss: 2.4109 | Top1: 0.4656 | Top5: 0.6181
  Train Batch [150/1726] | Loss: 2.4088 | Top1: 0.4635 | Top5: 0.6148
  Train Batch [200/1726] | Loss: 2.4171 | Top1: 0.4830 | Top5: 0.6359
  Train Batch [250/1726] | Loss: 2.4450 | Top1: 0.4956 | Top5: 0.6511
  Train Batch [300/1726] | Loss: 2.4265 | Top1: 0.4956 | Top5: 0.6527
  Train Batch [350/1726] | Loss: 2.4322 | Top1: 0.4912 | Top5: 0.6510
  Train Batch [400/1726] | Loss: 2.4491 | Top1: 0.4974 | Top5: 0.6602
  Train Batch [450/1726] | Loss: 2.4627 | Top1: 0.4948 | Top5: 0.6567
  Train Batch [500/1726] | Loss: 2.4636 | Top1: 0.4941 | Top5: 0.6573
  Train Batch [550/1726] | Loss: 2.4764 | Top1: 0.4826 | Top5: 0.6480
  Train Batch [600/1726] | Loss: 2.4727 | Top1: 0.4772 | Top5: 0.6408
  Train Batch [650/1726] | Loss: 2.4670 | Top1: 0.4806 | Top5: 0.6439
  Train Batch [700/1726] | Loss: 2.4710 | Top1: 0.4858 | Top5: 0.6491
  Train Batch [750/1726] | Loss: 2.4845 | Top1: 0.4809 | Top5: 0.6459
  Train Batch [800/1726] | Loss: 2.4892 | Top1: 0.4821 | Top5: 0.6484
  Train Batch [850/1726] | Loss: 2.4934 | Top1: 0.4796 | Top5: 0.6461
  Train Batch [900/1726] | Loss: 2.4938 | Top1: 0.4834 | Top5: 0.6508
  Train Batch [950/1726] | Loss: 2.4999 | Top1: 0.4803 | Top5: 0.6488
  Train Batch [1000/1726] | Loss: 2.4958 | Top1: 0.4824 | Top5: 0.6502
  Train Batch [1050/1726] | Loss: 2.4955 | Top1: 0.4824 | Top5: 0.6493
  Train Batch [1100/1726] | Loss: 2.5051 | Top1: 0.4807 | Top5: 0.6481
  Train Batch [1150/1726] | Loss: 2.5083 | Top1: 0.4796 | Top5: 0.6471
  Train Batch [1200/1726] | Loss: 2.5041 | Top1: 0.4810 | Top5: 0.6482
  Train Batch [1250/1726] | Loss: 2.5064 | Top1: 0.4824 | Top5: 0.6496
  Train Batch [1300/1726] | Loss: 2.5081 | Top1: 0.4812 | Top5: 0.6485
  Train Batch [1350/1726] | Loss: 2.5014 | Top1: 0.4819 | Top5: 0.6479
  Train Batch [1400/1726] | Loss: 2.5058 | Top1: 0.4815 | Top5: 0.6479
  Train Batch [1450/1726] | Loss: 2.5083 | Top1: 0.4823 | Top5: 0.6490
  Train Batch [1500/1726] | Loss: 2.5036 | Top1: 0.4816 | Top5: 0.6478
  Train Batch [1550/1726] | Loss: 2.5032 | Top1: 0.4790 | Top5: 0.6452
  Train Batch [1600/1726] | Loss: 2.5073 | Top1: 0.4756 | Top5: 0.6424
  Train Batch [1650/1726] | Loss: 2.5106 | Top1: 0.4716 | Top5: 0.6388
  Train Batch [1700/1726] | Loss: 2.5113 | Top1: 0.4716 | Top5: 0.6384
  Train Batch [1726/1726] | Loss: 2.5103 | Top1: 0.4710 | Top5: 0.6377
  Train Epoch Time: 418.292s
  Val Batch [50/304] | Loss: 2.0829 | Top1: 0.7212 | Top5: 0.8944
  Val Batch [100/304] | Loss: 2.1188 | Top1: 0.7059 | Top5: 0.8894
  Val Batch [150/304] | Loss: 2.0996 | Top1: 0.7131 | Top5: 0.8927
  Val Batch [200/304] | Loss: 2.1242 | Top1: 0.7072 | Top5: 0.8897
  Val Batch [250/304] | Loss: 2.1405 | Top1: 0.7040 | Top5: 0.8875
  Val Batch [300/304] | Loss: 2.1380 | Top1: 0.7030 | Top5: 0.8880
  Val Batch [304/304] | Loss: 2.1365 | Top1: 0.7029 | Top5: 0.8882
  Val Epoch Time: 23.005s
Epoch [16/60] | Train Loss: 2.5103 | Train Top1: 0.4710 | Train Top5: 0.6377 | Val Loss: 2.1365 | Val Top1: 0.7029 | Val Top5: 0.8882 | LR: 4.67e-04 | Train Time: 418.292s | Val Time: 23.005s | Epoch Time: 441.297s

===== Epoch 17/60 (LR: 4.59e-04) =====
  Train Batch [50/1726] | Loss: 2.3114 | Top1: 0.3681 | Top5: 0.5169
  Train Batch [100/1726] | Loss: 2.3917 | Top1: 0.4169 | Top5: 0.5816
  Train Batch [150/1726] | Loss: 2.4453 | Top1: 0.4537 | Top5: 0.6256
  Train Batch [200/1726] | Loss: 2.4615 | Top1: 0.4491 | Top5: 0.6203
  Train Batch [250/1726] | Loss: 2.4076 | Top1: 0.4645 | Top5: 0.6274
  Train Batch [300/1726] | Loss: 2.4075 | Top1: 0.4785 | Top5: 0.6398
  Train Batch [350/1726] | Loss: 2.4297 | Top1: 0.4824 | Top5: 0.6436
  Train Batch [400/1726] | Loss: 2.4109 | Top1: 0.4996 | Top5: 0.6601
  Train Batch [450/1726] | Loss: 2.4258 | Top1: 0.5057 | Top5: 0.6677
  Train Batch [500/1726] | Loss: 2.4233 | Top1: 0.4931 | Top5: 0.6550
  Train Batch [550/1726] | Loss: 2.4400 | Top1: 0.4870 | Top5: 0.6506
  Train Batch [600/1726] | Loss: 2.4496 | Top1: 0.4829 | Top5: 0.6468
  Train Batch [650/1726] | Loss: 2.4613 | Top1: 0.4863 | Top5: 0.6528
  Train Batch [700/1726] | Loss: 2.4570 | Top1: 0.4828 | Top5: 0.6493
  Train Batch [750/1726] | Loss: 2.4774 | Top1: 0.4782 | Top5: 0.6468
  Train Batch [800/1726] | Loss: 2.4753 | Top1: 0.4784 | Top5: 0.6464
  Train Batch [850/1726] | Loss: 2.4923 | Top1: 0.4775 | Top5: 0.6477
  Train Batch [900/1726] | Loss: 2.4953 | Top1: 0.4799 | Top5: 0.6505
  Train Batch [950/1726] | Loss: 2.4852 | Top1: 0.4805 | Top5: 0.6504
  Train Batch [1000/1726] | Loss: 2.4949 | Top1: 0.4791 | Top5: 0.6501
  Train Batch [1050/1726] | Loss: 2.4898 | Top1: 0.4815 | Top5: 0.6514
  Train Batch [1100/1726] | Loss: 2.4916 | Top1: 0.4792 | Top5: 0.6498
  Train Batch [1150/1726] | Loss: 2.4949 | Top1: 0.4786 | Top5: 0.6498
  Train Batch [1200/1726] | Loss: 2.4929 | Top1: 0.4783 | Top5: 0.6494
  Train Batch [1250/1726] | Loss: 2.4847 | Top1: 0.4813 | Top5: 0.6513
  Train Batch [1300/1726] | Loss: 2.4928 | Top1: 0.4781 | Top5: 0.6491
  Train Batch [1350/1726] | Loss: 2.4944 | Top1: 0.4801 | Top5: 0.6515
  Train Batch [1400/1726] | Loss: 2.4966 | Top1: 0.4809 | Top5: 0.6525
  Train Batch [1450/1726] | Loss: 2.4917 | Top1: 0.4808 | Top5: 0.6509
  Train Batch [1500/1726] | Loss: 2.4968 | Top1: 0.4816 | Top5: 0.6523
  Train Batch [1550/1726] | Loss: 2.4934 | Top1: 0.4845 | Top5: 0.6552
  Train Batch [1600/1726] | Loss: 2.4894 | Top1: 0.4869 | Top5: 0.6571
  Train Batch [1650/1726] | Loss: 2.4879 | Top1: 0.4860 | Top5: 0.6559
  Train Batch [1700/1726] | Loss: 2.4904 | Top1: 0.4867 | Top5: 0.6572
  Train Batch [1726/1726] | Loss: 2.4946 | Top1: 0.4863 | Top5: 0.6577
  Train Epoch Time: 417.953s
  Val Batch [50/304] | Loss: 2.0926 | Top1: 0.7087 | Top5: 0.8894
  Val Batch [100/304] | Loss: 2.1115 | Top1: 0.7022 | Top5: 0.8909
  Val Batch [150/304] | Loss: 2.0929 | Top1: 0.7119 | Top5: 0.8933
  Val Batch [200/304] | Loss: 2.0956 | Top1: 0.7127 | Top5: 0.8934
  Val Batch [250/304] | Loss: 2.1008 | Top1: 0.7126 | Top5: 0.8924
  Val Batch [300/304] | Loss: 2.0957 | Top1: 0.7140 | Top5: 0.8929
  Val Batch [304/304] | Loss: 2.0955 | Top1: 0.7141 | Top5: 0.8928
  Val Epoch Time: 22.966s
Epoch [17/60] | Train Loss: 2.4946 | Train Top1: 0.4863 | Train Top5: 0.6577 | Val Loss: 2.0955 | Val Top1: 0.7141 | Val Top5: 0.8928 | LR: 4.59e-04 | Train Time: 417.953s | Val Time: 22.966s | Epoch Time: 440.920s
Saved best checkpoint to: C:\Users\ljh20\MCS\CS273P\Model_California_Birds\outputs\output_20260308_135130\checkpoints\convnext_base.fb_in22k_ft_in1k_best.pth

===== Epoch 18/60 (LR: 4.51e-04) =====
  Train Batch [50/1726] | Loss: 2.3036 | Top1: 0.4788 | Top5: 0.6281
  Train Batch [100/1726] | Loss: 2.2837 | Top1: 0.4969 | Top5: 0.6422
  Train Batch [150/1726] | Loss: 2.2797 | Top1: 0.4771 | Top5: 0.6240
  Train Batch [200/1726] | Loss: 2.3147 | Top1: 0.4738 | Top5: 0.6234
  Train Batch [250/1726] | Loss: 2.3396 | Top1: 0.4690 | Top5: 0.6242
  Train Batch [300/1726] | Loss: 2.3624 | Top1: 0.4733 | Top5: 0.6302
  Train Batch [350/1726] | Loss: 2.3475 | Top1: 0.4800 | Top5: 0.6349
  Train Batch [400/1726] | Loss: 2.3487 | Top1: 0.4885 | Top5: 0.6470
  Train Batch [450/1726] | Loss: 2.3706 | Top1: 0.4872 | Top5: 0.6487
  Train Batch [500/1726] | Loss: 2.3725 | Top1: 0.4829 | Top5: 0.6442
  Train Batch [550/1726] | Loss: 2.3760 | Top1: 0.4881 | Top5: 0.6490
  Train Batch [600/1726] | Loss: 2.3834 | Top1: 0.4836 | Top5: 0.6456
  Train Batch [650/1726] | Loss: 2.3830 | Top1: 0.4861 | Top5: 0.6469
  Train Batch [700/1726] | Loss: 2.3825 | Top1: 0.4844 | Top5: 0.6444
  Train Batch [750/1726] | Loss: 2.3772 | Top1: 0.4874 | Top5: 0.6478
  Train Batch [800/1726] | Loss: 2.3879 | Top1: 0.4868 | Top5: 0.6490
  Train Batch [850/1726] | Loss: 2.3856 | Top1: 0.4867 | Top5: 0.6483
  Train Batch [900/1726] | Loss: 2.3842 | Top1: 0.4876 | Top5: 0.6486
  Train Batch [950/1726] | Loss: 2.3830 | Top1: 0.4857 | Top5: 0.6457
  Train Batch [1000/1726] | Loss: 2.3862 | Top1: 0.4887 | Top5: 0.6487
  Train Batch [1050/1726] | Loss: 2.3959 | Top1: 0.4934 | Top5: 0.6548
  Train Batch [1100/1726] | Loss: 2.3980 | Top1: 0.4938 | Top5: 0.6550
  Train Batch [1150/1726] | Loss: 2.4050 | Top1: 0.4969 | Top5: 0.6597
  Train Batch [1200/1726] | Loss: 2.4090 | Top1: 0.4922 | Top5: 0.6557
  Train Batch [1250/1726] | Loss: 2.4053 | Top1: 0.4914 | Top5: 0.6549
  Train Batch [1300/1726] | Loss: 2.4046 | Top1: 0.4918 | Top5: 0.6552
  Train Batch [1350/1726] | Loss: 2.4093 | Top1: 0.4903 | Top5: 0.6544
  Train Batch [1400/1726] | Loss: 2.4153 | Top1: 0.4880 | Top5: 0.6527
  Train Batch [1450/1726] | Loss: 2.4179 | Top1: 0.4884 | Top5: 0.6531
  Train Batch [1500/1726] | Loss: 2.4221 | Top1: 0.4869 | Top5: 0.6523
  Train Batch [1550/1726] | Loss: 2.4175 | Top1: 0.4894 | Top5: 0.6547
  Train Batch [1600/1726] | Loss: 2.4250 | Top1: 0.4893 | Top5: 0.6552
  Train Batch [1650/1726] | Loss: 2.4220 | Top1: 0.4907 | Top5: 0.6561
  Train Batch [1700/1726] | Loss: 2.4237 | Top1: 0.4884 | Top5: 0.6538
  Train Batch [1726/1726] | Loss: 2.4280 | Top1: 0.4885 | Top5: 0.6540
  Train Epoch Time: 418.084s
  Val Batch [50/304] | Loss: 2.0754 | Top1: 0.7144 | Top5: 0.8944
  Val Batch [100/304] | Loss: 2.0898 | Top1: 0.7091 | Top5: 0.8928
  Val Batch [150/304] | Loss: 2.0718 | Top1: 0.7185 | Top5: 0.8948
  Val Batch [200/304] | Loss: 2.0737 | Top1: 0.7172 | Top5: 0.8958
  Val Batch [250/304] | Loss: 2.0808 | Top1: 0.7156 | Top5: 0.8958
  Val Batch [300/304] | Loss: 2.0772 | Top1: 0.7160 | Top5: 0.8959
  Val Batch [304/304] | Loss: 2.0767 | Top1: 0.7161 | Top5: 0.8958
  Val Epoch Time: 22.961s
Epoch [18/60] | Train Loss: 2.4280 | Train Top1: 0.4885 | Train Top5: 0.6540 | Val Loss: 2.0767 | Val Top1: 0.7161 | Val Top5: 0.8958 | LR: 4.51e-04 | Train Time: 418.084s | Val Time: 22.961s | Epoch Time: 441.045s
Saved best checkpoint to: C:\Users\ljh20\MCS\CS273P\Model_California_Birds\outputs\output_20260308_135130\checkpoints\convnext_base.fb_in22k_ft_in1k_best.pth

===== Epoch 19/60 (LR: 4.42e-04) =====
  Train Batch [50/1726] | Loss: 2.4078 | Top1: 0.5069 | Top5: 0.6719
  Train Batch [100/1726] | Loss: 2.4684 | Top1: 0.5328 | Top5: 0.7056
  Train Batch [150/1726] | Loss: 2.4619 | Top1: 0.5244 | Top5: 0.6990
  Train Batch [200/1726] | Loss: 2.3968 | Top1: 0.5272 | Top5: 0.6941
  Train Batch [250/1726] | Loss: 2.4376 | Top1: 0.5115 | Top5: 0.6783
  Train Batch [300/1726] | Loss: 2.4438 | Top1: 0.5106 | Top5: 0.6791
  Train Batch [350/1726] | Loss: 2.4591 | Top1: 0.5011 | Top5: 0.6730
  Train Batch [400/1726] | Loss: 2.4470 | Top1: 0.4923 | Top5: 0.6614
  Train Batch [450/1726] | Loss: 2.4269 | Top1: 0.4969 | Top5: 0.6622
  Train Batch [500/1726] | Loss: 2.4104 | Top1: 0.4943 | Top5: 0.6580
  Train Batch [550/1726] | Loss: 2.4123 | Top1: 0.4850 | Top5: 0.6485
  Train Batch [600/1726] | Loss: 2.4015 | Top1: 0.4818 | Top5: 0.6439
  Train Batch [650/1726] | Loss: 2.4008 | Top1: 0.4788 | Top5: 0.6410
  Train Batch [700/1726] | Loss: 2.4104 | Top1: 0.4843 | Top5: 0.6471
  Train Batch [750/1726] | Loss: 2.3934 | Top1: 0.4832 | Top5: 0.6444
  Train Batch [800/1726] | Loss: 2.4062 | Top1: 0.4830 | Top5: 0.6448
  Train Batch [850/1726] | Loss: 2.4127 | Top1: 0.4801 | Top5: 0.6419
  Train Batch [900/1726] | Loss: 2.4090 | Top1: 0.4824 | Top5: 0.6433
  Train Batch [950/1726] | Loss: 2.4038 | Top1: 0.4787 | Top5: 0.6381
  Train Batch [1000/1726] | Loss: 2.4045 | Top1: 0.4769 | Top5: 0.6376
  Train Batch [1050/1726] | Loss: 2.4090 | Top1: 0.4776 | Top5: 0.6394
  Train Batch [1100/1726] | Loss: 2.4096 | Top1: 0.4784 | Top5: 0.6408
  Train Batch [1150/1726] | Loss: 2.4160 | Top1: 0.4800 | Top5: 0.6439
  Train Batch [1200/1726] | Loss: 2.4236 | Top1: 0.4793 | Top5: 0.6461
  Train Batch [1250/1726] | Loss: 2.4249 | Top1: 0.4807 | Top5: 0.6476
  Train Batch [1300/1726] | Loss: 2.4314 | Top1: 0.4832 | Top5: 0.6505
  Train Batch [1350/1726] | Loss: 2.4394 | Top1: 0.4796 | Top5: 0.6471
  Train Batch [1400/1726] | Loss: 2.4340 | Top1: 0.4768 | Top5: 0.6429
  Train Batch [1450/1726] | Loss: 2.4374 | Top1: 0.4784 | Top5: 0.6447
  Train Batch [1500/1726] | Loss: 2.4484 | Top1: 0.4770 | Top5: 0.6448
  Train Batch [1550/1726] | Loss: 2.4444 | Top1: 0.4774 | Top5: 0.6447
  Train Batch [1600/1726] | Loss: 2.4371 | Top1: 0.4789 | Top5: 0.6462
  Train Batch [1650/1726] | Loss: 2.4431 | Top1: 0.4790 | Top5: 0.6468
  Train Batch [1700/1726] | Loss: 2.4459 | Top1: 0.4777 | Top5: 0.6461
  Train Batch [1726/1726] | Loss: 2.4444 | Top1: 0.4790 | Top5: 0.6473
  Train Epoch Time: 417.839s
  Val Batch [50/304] | Loss: 2.0995 | Top1: 0.7169 | Top5: 0.8919
  Val Batch [100/304] | Loss: 2.1044 | Top1: 0.7109 | Top5: 0.8947
  Val Batch [150/304] | Loss: 2.1001 | Top1: 0.7142 | Top5: 0.8933
  Val Batch [200/304] | Loss: 2.0967 | Top1: 0.7152 | Top5: 0.8930
  Val Batch [250/304] | Loss: 2.1029 | Top1: 0.7145 | Top5: 0.8932
  Val Batch [300/304] | Loss: 2.0990 | Top1: 0.7152 | Top5: 0.8936
  Val Batch [304/304] | Loss: 2.0994 | Top1: 0.7149 | Top5: 0.8936
  Val Epoch Time: 22.967s
Epoch [19/60] | Train Loss: 2.4444 | Train Top1: 0.4790 | Train Top5: 0.6473 | Val Loss: 2.0994 | Val Top1: 0.7149 | Val Top5: 0.8936 | LR: 4.42e-04 | Train Time: 417.839s | Val Time: 22.967s | Epoch Time: 440.806s

===== Epoch 20/60 (LR: 4.32e-04) =====
  Train Batch [50/1726] | Loss: 2.4791 | Top1: 0.5094 | Top5: 0.6694
  Train Batch [100/1726] | Loss: 2.4786 | Top1: 0.4878 | Top5: 0.6559
  Train Batch [150/1726] | Loss: 2.4079 | Top1: 0.5148 | Top5: 0.6785
  Train Batch [200/1726] | Loss: 2.3407 | Top1: 0.5147 | Top5: 0.6756
  Train Batch [250/1726] | Loss: 2.3587 | Top1: 0.5041 | Top5: 0.6699
  Train Batch [300/1726] | Loss: 2.3442 | Top1: 0.5093 | Top5: 0.6706
  Train Batch [350/1726] | Loss: 2.3356 | Top1: 0.5008 | Top5: 0.6600
  Train Batch [400/1726] | Loss: 2.3474 | Top1: 0.5045 | Top5: 0.6668
  Train Batch [450/1726] | Loss: 2.3504 | Top1: 0.5138 | Top5: 0.6743
  Train Batch [500/1726] | Loss: 2.3506 | Top1: 0.5014 | Top5: 0.6614
  Train Batch [550/1726] | Loss: 2.3391 | Top1: 0.5018 | Top5: 0.6605
  Train Batch [600/1726] | Loss: 2.3410 | Top1: 0.4975 | Top5: 0.6561
  Train Batch [650/1726] | Loss: 2.3434 | Top1: 0.4963 | Top5: 0.6553
  Train Batch [700/1726] | Loss: 2.3455 | Top1: 0.4953 | Top5: 0.6533
  Train Batch [750/1726] | Loss: 2.3520 | Top1: 0.4983 | Top5: 0.6568
  Train Batch [800/1726] | Loss: 2.3474 | Top1: 0.4955 | Top5: 0.6533
  Train Batch [850/1726] | Loss: 2.3572 | Top1: 0.4935 | Top5: 0.6536
  Train Batch [900/1726] | Loss: 2.3698 | Top1: 0.4957 | Top5: 0.6577
  Train Batch [950/1726] | Loss: 2.3744 | Top1: 0.4962 | Top5: 0.6590
  Train Batch [1000/1726] | Loss: 2.3805 | Top1: 0.4931 | Top5: 0.6554
  Train Batch [1050/1726] | Loss: 2.3842 | Top1: 0.4919 | Top5: 0.6552
  Train Batch [1100/1726] | Loss: 2.3707 | Top1: 0.4917 | Top5: 0.6532
  Train Batch [1150/1726] | Loss: 2.3685 | Top1: 0.4910 | Top5: 0.6521
  Train Batch [1200/1726] | Loss: 2.3702 | Top1: 0.4909 | Top5: 0.6521
  Train Batch [1250/1726] | Loss: 2.3718 | Top1: 0.4898 | Top5: 0.6507
  Train Batch [1300/1726] | Loss: 2.3713 | Top1: 0.4954 | Top5: 0.6569
  Train Batch [1350/1726] | Loss: 2.3740 | Top1: 0.4926 | Top5: 0.6545
  Train Batch [1400/1726] | Loss: 2.3735 | Top1: 0.4945 | Top5: 0.6565
  Train Batch [1450/1726] | Loss: 2.3752 | Top1: 0.4945 | Top5: 0.6566
  Train Batch [1500/1726] | Loss: 2.3771 | Top1: 0.4939 | Top5: 0.6558
  Train Batch [1550/1726] | Loss: 2.3767 | Top1: 0.4945 | Top5: 0.6564
  Train Batch [1600/1726] | Loss: 2.3749 | Top1: 0.4956 | Top5: 0.6571
  Train Batch [1650/1726] | Loss: 2.3764 | Top1: 0.4938 | Top5: 0.6555
  Train Batch [1700/1726] | Loss: 2.3727 | Top1: 0.4949 | Top5: 0.6564
  Train Batch [1726/1726] | Loss: 2.3733 | Top1: 0.4925 | Top5: 0.6541
  Train Epoch Time: 418.012s
  Val Batch [50/304] | Loss: 2.0489 | Top1: 0.7244 | Top5: 0.8962
  Val Batch [100/304] | Loss: 2.0718 | Top1: 0.7194 | Top5: 0.8944
  Val Batch [150/304] | Loss: 2.0613 | Top1: 0.7265 | Top5: 0.8950
  Val Batch [200/304] | Loss: 2.0698 | Top1: 0.7231 | Top5: 0.8945
  Val Batch [250/304] | Loss: 2.0859 | Top1: 0.7192 | Top5: 0.8921
  Val Batch [300/304] | Loss: 2.0822 | Top1: 0.7209 | Top5: 0.8929
  Val Batch [304/304] | Loss: 2.0826 | Top1: 0.7210 | Top5: 0.8928
  Val Epoch Time: 22.980s
Epoch [20/60] | Train Loss: 2.3733 | Train Top1: 0.4925 | Train Top5: 0.6541 | Val Loss: 2.0826 | Val Top1: 0.7210 | Val Top5: 0.8928 | LR: 4.32e-04 | Train Time: 418.012s | Val Time: 22.980s | Epoch Time: 440.992s
Saved best checkpoint to: C:\Users\ljh20\MCS\CS273P\Model_California_Birds\outputs\output_20260308_135130\checkpoints\convnext_base.fb_in22k_ft_in1k_best.pth

===== Epoch 21/60 (LR: 4.22e-04) =====
  Train Batch [50/1726] | Loss: 2.1232 | Top1: 0.5631 | Top5: 0.6831
  Train Batch [100/1726] | Loss: 2.3188 | Top1: 0.5275 | Top5: 0.6756
  Train Batch [150/1726] | Loss: 2.2669 | Top1: 0.5315 | Top5: 0.6696
  Train Batch [200/1726] | Loss: 2.2702 | Top1: 0.5227 | Top5: 0.6689
  Train Batch [250/1726] | Loss: 2.2667 | Top1: 0.5174 | Top5: 0.6635
  Train Batch [300/1726] | Loss: 2.2874 | Top1: 0.5127 | Top5: 0.6621
  Train Batch [350/1726] | Loss: 2.2825 | Top1: 0.5072 | Top5: 0.6571
  Train Batch [400/1726] | Loss: 2.3086 | Top1: 0.4987 | Top5: 0.6516
  Train Batch [450/1726] | Loss: 2.3133 | Top1: 0.5013 | Top5: 0.6549
  Train Batch [500/1726] | Loss: 2.3129 | Top1: 0.4979 | Top5: 0.6534
  Train Batch [550/1726] | Loss: 2.3261 | Top1: 0.5022 | Top5: 0.6595
  Train Batch [600/1726] | Loss: 2.3209 | Top1: 0.5073 | Top5: 0.6648
  Train Batch [650/1726] | Loss: 2.3343 | Top1: 0.5079 | Top5: 0.6666
  Train Batch [700/1726] | Loss: 2.3318 | Top1: 0.5060 | Top5: 0.6656
  Train Batch [750/1726] | Loss: 2.3306 | Top1: 0.5067 | Top5: 0.6667
  Train Batch [800/1726] | Loss: 2.3398 | Top1: 0.5044 | Top5: 0.6660
  Train Batch [850/1726] | Loss: 2.3399 | Top1: 0.5006 | Top5: 0.6619
  Train Batch [900/1726] | Loss: 2.3318 | Top1: 0.5054 | Top5: 0.6652
  Train Batch [950/1726] | Loss: 2.3439 | Top1: 0.5056 | Top5: 0.6671
  Train Batch [1000/1726] | Loss: 2.3537 | Top1: 0.5055 | Top5: 0.6683
  Train Batch [1050/1726] | Loss: 2.3548 | Top1: 0.5009 | Top5: 0.6625
  Train Batch [1100/1726] | Loss: 2.3558 | Top1: 0.4977 | Top5: 0.6595
  Train Batch [1150/1726] | Loss: 2.3595 | Top1: 0.4992 | Top5: 0.6606
  Train Batch [1200/1726] | Loss: 2.3626 | Top1: 0.5004 | Top5: 0.6621
  Train Batch [1250/1726] | Loss: 2.3591 | Top1: 0.5014 | Top5: 0.6627
  Train Batch [1300/1726] | Loss: 2.3580 | Top1: 0.5014 | Top5: 0.6632
  Train Batch [1350/1726] | Loss: 2.3507 | Top1: 0.5016 | Top5: 0.6622
  Train Batch [1400/1726] | Loss: 2.3547 | Top1: 0.5014 | Top5: 0.6629
  Train Batch [1450/1726] | Loss: 2.3595 | Top1: 0.5005 | Top5: 0.6628
  Train Batch [1500/1726] | Loss: 2.3598 | Top1: 0.4978 | Top5: 0.6595
  Train Batch [1550/1726] | Loss: 2.3635 | Top1: 0.4983 | Top5: 0.6603
  Train Batch [1600/1726] | Loss: 2.3653 | Top1: 0.5007 | Top5: 0.6626
  Train Batch [1650/1726] | Loss: 2.3650 | Top1: 0.5008 | Top5: 0.6624
  Train Batch [1700/1726] | Loss: 2.3665 | Top1: 0.4992 | Top5: 0.6607
  Train Batch [1726/1726] | Loss: 2.3645 | Top1: 0.4998 | Top5: 0.6609
  Train Epoch Time: 418.267s
  Val Batch [50/304] | Loss: 2.0912 | Top1: 0.7206 | Top5: 0.8900
  Val Batch [100/304] | Loss: 2.1259 | Top1: 0.7069 | Top5: 0.8897
  Val Batch [150/304] | Loss: 2.0984 | Top1: 0.7148 | Top5: 0.8940
  Val Batch [200/304] | Loss: 2.0987 | Top1: 0.7177 | Top5: 0.8927
  Val Batch [250/304] | Loss: 2.1073 | Top1: 0.7173 | Top5: 0.8908
  Val Batch [300/304] | Loss: 2.0901 | Top1: 0.7197 | Top5: 0.8932
  Val Batch [304/304] | Loss: 2.0920 | Top1: 0.7197 | Top5: 0.8927
  Val Epoch Time: 22.986s
Epoch [21/60] | Train Loss: 2.3645 | Train Top1: 0.4998 | Train Top5: 0.6609 | Val Loss: 2.0920 | Val Top1: 0.7197 | Val Top5: 0.8927 | LR: 4.22e-04 | Train Time: 418.267s | Val Time: 22.986s | Epoch Time: 441.253s

===== Epoch 22/60 (LR: 4.11e-04) =====
  Train Batch [50/1726] | Loss: 2.2464 | Top1: 0.5437 | Top5: 0.6831
  Train Batch [100/1726] | Loss: 2.2283 | Top1: 0.5553 | Top5: 0.6969
  Train Batch [150/1726] | Loss: 2.2160 | Top1: 0.5410 | Top5: 0.6815
  Train Batch [200/1726] | Loss: 2.2428 | Top1: 0.5284 | Top5: 0.6727
  Train Batch [250/1726] | Loss: 2.2396 | Top1: 0.5240 | Top5: 0.6696
  Train Batch [300/1726] | Loss: 2.2697 | Top1: 0.5202 | Top5: 0.6704
  Train Batch [350/1726] | Loss: 2.2605 | Top1: 0.5217 | Top5: 0.6716
  Train Batch [400/1726] | Loss: 2.2536 | Top1: 0.5230 | Top5: 0.6726
  Train Batch [450/1726] | Loss: 2.2682 | Top1: 0.5236 | Top5: 0.6755
  Train Batch [500/1726] | Loss: 2.2798 | Top1: 0.5179 | Top5: 0.6712
  Train Batch [550/1726] | Loss: 2.2957 | Top1: 0.5073 | Top5: 0.6657
  Train Batch [600/1726] | Loss: 2.2789 | Top1: 0.5024 | Top5: 0.6587
  Train Batch [650/1726] | Loss: 2.2702 | Top1: 0.5025 | Top5: 0.6572
  Train Batch [700/1726] | Loss: 2.2694 | Top1: 0.4984 | Top5: 0.6530
  Train Batch [750/1726] | Loss: 2.2680 | Top1: 0.4981 | Top5: 0.6514
  Train Batch [800/1726] | Loss: 2.2747 | Top1: 0.4967 | Top5: 0.6515
  Train Batch [850/1726] | Loss: 2.2824 | Top1: 0.4993 | Top5: 0.6544
  Train Batch [900/1726] | Loss: 2.2800 | Top1: 0.5035 | Top5: 0.6578
  Train Batch [950/1726] | Loss: 2.2815 | Top1: 0.5034 | Top5: 0.6585
  Train Batch [1000/1726] | Loss: 2.2884 | Top1: 0.5017 | Top5: 0.6566
  Train Batch [1050/1726] | Loss: 2.2904 | Top1: 0.5040 | Top5: 0.6596
  Train Batch [1100/1726] | Loss: 2.2923 | Top1: 0.5010 | Top5: 0.6553
  Train Batch [1150/1726] | Loss: 2.2923 | Top1: 0.5002 | Top5: 0.6545
  Train Batch [1200/1726] | Loss: 2.2888 | Top1: 0.4974 | Top5: 0.6511
  Train Batch [1250/1726] | Loss: 2.2844 | Top1: 0.5007 | Top5: 0.6541
  Train Batch [1300/1726] | Loss: 2.2896 | Top1: 0.4973 | Top5: 0.6519
  Train Batch [1350/1726] | Loss: 2.2908 | Top1: 0.5006 | Top5: 0.6557
  Train Batch [1400/1726] | Loss: 2.2931 | Top1: 0.4997 | Top5: 0.6551
  Train Batch [1450/1726] | Loss: 2.2919 | Top1: 0.5017 | Top5: 0.6572
  Train Batch [1500/1726] | Loss: 2.2860 | Top1: 0.4980 | Top5: 0.6521
  Train Batch [1550/1726] | Loss: 2.2870 | Top1: 0.5002 | Top5: 0.6542
  Train Batch [1600/1726] | Loss: 2.2823 | Top1: 0.5034 | Top5: 0.6566
  Train Batch [1650/1726] | Loss: 2.2865 | Top1: 0.5024 | Top5: 0.6569
  Train Batch [1700/1726] | Loss: 2.2876 | Top1: 0.5017 | Top5: 0.6569
  Train Batch [1726/1726] | Loss: 2.2893 | Top1: 0.5027 | Top5: 0.6584
  Train Epoch Time: 418.027s
  Val Batch [50/304] | Loss: 2.1024 | Top1: 0.7125 | Top5: 0.8881
  Val Batch [100/304] | Loss: 2.1009 | Top1: 0.7153 | Top5: 0.8900
  Val Batch [150/304] | Loss: 2.0879 | Top1: 0.7210 | Top5: 0.8912
  Val Batch [200/304] | Loss: 2.0915 | Top1: 0.7197 | Top5: 0.8917
  Val Batch [250/304] | Loss: 2.0888 | Top1: 0.7199 | Top5: 0.8924
  Val Batch [300/304] | Loss: 2.0846 | Top1: 0.7210 | Top5: 0.8932
  Val Batch [304/304] | Loss: 2.0849 | Top1: 0.7210 | Top5: 0.8933
  Val Epoch Time: 22.978s
Epoch [22/60] | Train Loss: 2.2893 | Train Top1: 0.5027 | Train Top5: 0.6584 | Val Loss: 2.0849 | Val Top1: 0.7210 | Val Top5: 0.8933 | LR: 4.11e-04 | Train Time: 418.027s | Val Time: 22.978s | Epoch Time: 441.005s

===== Epoch 23/60 (LR: 3.99e-04) =====
  Train Batch [50/1726] | Loss: 2.2244 | Top1: 0.6450 | Top5: 0.7956
  Train Batch [100/1726] | Loss: 2.2290 | Top1: 0.6153 | Top5: 0.7681
  Train Batch [150/1726] | Loss: 2.2363 | Top1: 0.5967 | Top5: 0.7490
  Train Batch [200/1726] | Loss: 2.2121 | Top1: 0.5794 | Top5: 0.7225
  Train Batch [250/1726] | Loss: 2.2010 | Top1: 0.5809 | Top5: 0.7221
  Train Batch [300/1726] | Loss: 2.2057 | Top1: 0.5567 | Top5: 0.7004
  Train Batch [350/1726] | Loss: 2.2035 | Top1: 0.5529 | Top5: 0.6985
  Train Batch [400/1726] | Loss: 2.1952 | Top1: 0.5475 | Top5: 0.6913
  Train Batch [450/1726] | Loss: 2.1877 | Top1: 0.5402 | Top5: 0.6830
  Train Batch [500/1726] | Loss: 2.1894 | Top1: 0.5490 | Top5: 0.6924
  Train Batch [550/1726] | Loss: 2.1846 | Top1: 0.5478 | Top5: 0.6903
  Train Batch [600/1726] | Loss: 2.1884 | Top1: 0.5435 | Top5: 0.6892
  Train Batch [650/1726] | Loss: 2.1897 | Top1: 0.5381 | Top5: 0.6850
  Train Batch [700/1726] | Loss: 2.1991 | Top1: 0.5418 | Top5: 0.6885
  Train Batch [750/1726] | Loss: 2.2154 | Top1: 0.5376 | Top5: 0.6852
  Train Batch [800/1726] | Loss: 2.2239 | Top1: 0.5313 | Top5: 0.6807
  Train Batch [850/1726] | Loss: 2.2254 | Top1: 0.5286 | Top5: 0.6783
  Train Batch [900/1726] | Loss: 2.2272 | Top1: 0.5309 | Top5: 0.6817
  Train Batch [950/1726] | Loss: 2.2306 | Top1: 0.5326 | Top5: 0.6839
  Train Batch [1000/1726] | Loss: 2.2350 | Top1: 0.5345 | Top5: 0.6857
  Train Batch [1050/1726] | Loss: 2.2441 | Top1: 0.5306 | Top5: 0.6827
  Train Batch [1100/1726] | Loss: 2.2493 | Top1: 0.5284 | Top5: 0.6810
  Train Batch [1150/1726] | Loss: 2.2499 | Top1: 0.5320 | Top5: 0.6845
  Train Batch [1200/1726] | Loss: 2.2538 | Top1: 0.5280 | Top5: 0.6804
  Train Batch [1250/1726] | Loss: 2.2514 | Top1: 0.5265 | Top5: 0.6791
  Train Batch [1300/1726] | Loss: 2.2642 | Top1: 0.5234 | Top5: 0.6775
  Train Batch [1350/1726] | Loss: 2.2604 | Top1: 0.5241 | Top5: 0.6772
  Train Batch [1400/1726] | Loss: 2.2598 | Top1: 0.5180 | Top5: 0.6703
  Train Batch [1450/1726] | Loss: 2.2572 | Top1: 0.5189 | Top5: 0.6717
  Train Batch [1500/1726] | Loss: 2.2576 | Top1: 0.5189 | Top5: 0.6721
  Train Batch [1550/1726] | Loss: 2.2644 | Top1: 0.5168 | Top5: 0.6706
  Train Batch [1600/1726] | Loss: 2.2618 | Top1: 0.5131 | Top5: 0.6671
  Train Batch [1650/1726] | Loss: 2.2584 | Top1: 0.5135 | Top5: 0.6666
  Train Batch [1700/1726] | Loss: 2.2622 | Top1: 0.5116 | Top5: 0.6647
  Train Batch [1726/1726] | Loss: 2.2630 | Top1: 0.5131 | Top5: 0.6662
  Train Epoch Time: 417.971s
  Val Batch [50/304] | Loss: 2.0408 | Top1: 0.7275 | Top5: 0.8994
  Val Batch [100/304] | Loss: 2.0696 | Top1: 0.7188 | Top5: 0.8994
  Val Batch [150/304] | Loss: 2.0863 | Top1: 0.7183 | Top5: 0.8958
  Val Batch [200/304] | Loss: 2.0886 | Top1: 0.7186 | Top5: 0.8952
  Val Batch [250/304] | Loss: 2.0997 | Top1: 0.7144 | Top5: 0.8936
  Val Batch [300/304] | Loss: 2.1041 | Top1: 0.7139 | Top5: 0.8931
  Val Batch [304/304] | Loss: 2.1069 | Top1: 0.7136 | Top5: 0.8924
  Val Epoch Time: 23.143s
Epoch [23/60] | Train Loss: 2.2630 | Train Top1: 0.5131 | Train Top5: 0.6662 | Val Loss: 2.1069 | Val Top1: 0.7136 | Val Top5: 0.8924 | LR: 3.99e-04 | Train Time: 417.971s | Val Time: 23.143s | Epoch Time: 441.114s

===== Epoch 24/60 (LR: 3.87e-04) =====
  Train Batch [50/1726] | Loss: 2.3205 | Top1: 0.6131 | Top5: 0.7644
  Train Batch [100/1726] | Loss: 2.2524 | Top1: 0.5891 | Top5: 0.7375
  Train Batch [150/1726] | Loss: 2.1998 | Top1: 0.6048 | Top5: 0.7492
  Train Batch [200/1726] | Loss: 2.1936 | Top1: 0.5864 | Top5: 0.7317
  Train Batch [250/1726] | Loss: 2.1967 | Top1: 0.5751 | Top5: 0.7241
  Train Batch [300/1726] | Loss: 2.2243 | Top1: 0.5816 | Top5: 0.7332
  Train Batch [350/1726] | Loss: 2.1917 | Top1: 0.5632 | Top5: 0.7102
  Train Batch [400/1726] | Loss: 2.2165 | Top1: 0.5652 | Top5: 0.7148
  Train Batch [450/1726] | Loss: 2.2244 | Top1: 0.5566 | Top5: 0.7073
  Train Batch [500/1726] | Loss: 2.2232 | Top1: 0.5516 | Top5: 0.7017
  Train Batch [550/1726] | Loss: 2.2275 | Top1: 0.5512 | Top5: 0.7018
  Train Batch [600/1726] | Loss: 2.2299 | Top1: 0.5457 | Top5: 0.6958
  Train Batch [650/1726] | Loss: 2.2362 | Top1: 0.5479 | Top5: 0.6986
  Train Batch [700/1726] | Loss: 2.2436 | Top1: 0.5458 | Top5: 0.6985
  Train Batch [750/1726] | Loss: 2.2548 | Top1: 0.5440 | Top5: 0.6966
  Train Batch [800/1726] | Loss: 2.2551 | Top1: 0.5441 | Top5: 0.6968
  Train Batch [850/1726] | Loss: 2.2614 | Top1: 0.5417 | Top5: 0.6951
  Train Batch [900/1726] | Loss: 2.2631 | Top1: 0.5436 | Top5: 0.6970
  Train Batch [950/1726] | Loss: 2.2646 | Top1: 0.5481 | Top5: 0.7011
  Train Batch [1000/1726] | Loss: 2.2720 | Top1: 0.5458 | Top5: 0.6997
  Train Batch [1050/1726] | Loss: 2.2666 | Top1: 0.5451 | Top5: 0.6987
  Train Batch [1100/1726] | Loss: 2.2651 | Top1: 0.5457 | Top5: 0.6989
  Train Batch [1150/1726] | Loss: 2.2620 | Top1: 0.5471 | Top5: 0.6993
  Train Batch [1200/1726] | Loss: 2.2563 | Top1: 0.5509 | Top5: 0.7020
  Train Batch [1250/1726] | Loss: 2.2642 | Top1: 0.5500 | Top5: 0.7017
  Train Batch [1300/1726] | Loss: 2.2646 | Top1: 0.5488 | Top5: 0.7006
  Train Batch [1350/1726] | Loss: 2.2657 | Top1: 0.5491 | Top5: 0.7013
  Train Batch [1400/1726] | Loss: 2.2637 | Top1: 0.5468 | Top5: 0.6996
  Train Batch [1450/1726] | Loss: 2.2686 | Top1: 0.5463 | Top5: 0.6998
  Train Batch [1500/1726] | Loss: 2.2759 | Top1: 0.5470 | Top5: 0.7018
  Train Batch [1550/1726] | Loss: 2.2780 | Top1: 0.5467 | Top5: 0.7020
  Train Batch [1600/1726] | Loss: 2.2748 | Top1: 0.5450 | Top5: 0.6996
  Train Batch [1650/1726] | Loss: 2.2722 | Top1: 0.5431 | Top5: 0.6978
  Train Batch [1700/1726] | Loss: 2.2693 | Top1: 0.5417 | Top5: 0.6964
  Train Batch [1726/1726] | Loss: 2.2647 | Top1: 0.5418 | Top5: 0.6962
  Train Epoch Time: 417.990s
  Val Batch [50/304] | Loss: 2.0566 | Top1: 0.7238 | Top5: 0.8925
  Val Batch [100/304] | Loss: 2.0720 | Top1: 0.7178 | Top5: 0.8928
  Val Batch [150/304] | Loss: 2.0586 | Top1: 0.7242 | Top5: 0.8946
  Val Batch [200/304] | Loss: 2.0702 | Top1: 0.7227 | Top5: 0.8919
  Val Batch [250/304] | Loss: 2.0833 | Top1: 0.7200 | Top5: 0.8899
  Val Batch [300/304] | Loss: 2.0736 | Top1: 0.7228 | Top5: 0.8906
  Val Batch [304/304] | Loss: 2.0742 | Top1: 0.7228 | Top5: 0.8907
  Val Epoch Time: 22.982s
Epoch [24/60] | Train Loss: 2.2647 | Train Top1: 0.5418 | Train Top5: 0.6962 | Val Loss: 2.0742 | Val Top1: 0.7228 | Val Top5: 0.8907 | LR: 3.87e-04 | Train Time: 417.990s | Val Time: 22.982s | Epoch Time: 440.972s
Saved best checkpoint to: C:\Users\ljh20\MCS\CS273P\Model_California_Birds\outputs\output_20260308_135130\checkpoints\convnext_base.fb_in22k_ft_in1k_best.pth

===== Epoch 25/60 (LR: 3.75e-04) =====
  Train Batch [50/1726] | Loss: 2.1420 | Top1: 0.5288 | Top5: 0.6669
  Train Batch [100/1726] | Loss: 2.1664 | Top1: 0.5100 | Top5: 0.6491
  Train Batch [150/1726] | Loss: 2.2171 | Top1: 0.5073 | Top5: 0.6658
  Train Batch [200/1726] | Loss: 2.2443 | Top1: 0.4947 | Top5: 0.6556
  Train Batch [250/1726] | Loss: 2.2267 | Top1: 0.5030 | Top5: 0.6655
  Train Batch [300/1726] | Loss: 2.2358 | Top1: 0.5073 | Top5: 0.6701
  Train Batch [350/1726] | Loss: 2.2317 | Top1: 0.5009 | Top5: 0.6615
  Train Batch [400/1726] | Loss: 2.2508 | Top1: 0.5137 | Top5: 0.6757
  Train Batch [450/1726] | Loss: 2.2734 | Top1: 0.5101 | Top5: 0.6765
  Train Batch [500/1726] | Loss: 2.2620 | Top1: 0.5134 | Top5: 0.6773
  Train Batch [550/1726] | Loss: 2.2618 | Top1: 0.5101 | Top5: 0.6735
  Train Batch [600/1726] | Loss: 2.2634 | Top1: 0.5138 | Top5: 0.6774
  Train Batch [650/1726] | Loss: 2.2646 | Top1: 0.5093 | Top5: 0.6739
  Train Batch [700/1726] | Loss: 2.2554 | Top1: 0.5090 | Top5: 0.6726
  Train Batch [750/1726] | Loss: 2.2442 | Top1: 0.5095 | Top5: 0.6697
  Train Batch [800/1726] | Loss: 2.2557 | Top1: 0.5054 | Top5: 0.6677
  Train Batch [850/1726] | Loss: 2.2521 | Top1: 0.5047 | Top5: 0.6665
  Train Batch [900/1726] | Loss: 2.2467 | Top1: 0.5049 | Top5: 0.6654
  Train Batch [950/1726] | Loss: 2.2600 | Top1: 0.5065 | Top5: 0.6682
  Train Batch [1000/1726] | Loss: 2.2560 | Top1: 0.5035 | Top5: 0.6650
  Train Batch [1050/1726] | Loss: 2.2596 | Top1: 0.5048 | Top5: 0.6670
  Train Batch [1100/1726] | Loss: 2.2591 | Top1: 0.5018 | Top5: 0.6637
  Train Batch [1150/1726] | Loss: 2.2541 | Top1: 0.5003 | Top5: 0.6621
  Train Batch [1200/1726] | Loss: 2.2539 | Top1: 0.4980 | Top5: 0.6602
  Train Batch [1250/1726] | Loss: 2.2604 | Top1: 0.4986 | Top5: 0.6620
  Train Batch [1300/1726] | Loss: 2.2565 | Top1: 0.5035 | Top5: 0.6660
  Train Batch [1350/1726] | Loss: 2.2472 | Top1: 0.5034 | Top5: 0.6636
  Train Batch [1400/1726] | Loss: 2.2433 | Top1: 0.5037 | Top5: 0.6634
  Train Batch [1450/1726] | Loss: 2.2461 | Top1: 0.5052 | Top5: 0.6655
  Train Batch [1500/1726] | Loss: 2.2468 | Top1: 0.5064 | Top5: 0.6668
  Train Batch [1550/1726] | Loss: 2.2441 | Top1: 0.5100 | Top5: 0.6703
  Train Batch [1600/1726] | Loss: 2.2434 | Top1: 0.5081 | Top5: 0.6684
  Train Batch [1650/1726] | Loss: 2.2336 | Top1: 0.5100 | Top5: 0.6684
  Train Batch [1700/1726] | Loss: 2.2390 | Top1: 0.5103 | Top5: 0.6697
  Train Batch [1726/1726] | Loss: 2.2405 | Top1: 0.5118 | Top5: 0.6712
  Train Epoch Time: 417.894s
  Val Batch [50/304] | Loss: 2.0744 | Top1: 0.7181 | Top5: 0.8906
  Val Batch [100/304] | Loss: 2.0911 | Top1: 0.7131 | Top5: 0.8925
  Val Batch [150/304] | Loss: 2.0725 | Top1: 0.7219 | Top5: 0.8967
  Val Batch [200/304] | Loss: 2.0804 | Top1: 0.7219 | Top5: 0.8955
  Val Batch [250/304] | Loss: 2.0966 | Top1: 0.7185 | Top5: 0.8931
  Val Batch [300/304] | Loss: 2.0923 | Top1: 0.7204 | Top5: 0.8936
  Val Batch [304/304] | Loss: 2.0914 | Top1: 0.7213 | Top5: 0.8937
  Val Epoch Time: 22.965s
Epoch [25/60] | Train Loss: 2.2405 | Train Top1: 0.5118 | Train Top5: 0.6712 | Val Loss: 2.0914 | Val Top1: 0.7213 | Val Top5: 0.8937 | LR: 3.75e-04 | Train Time: 417.894s | Val Time: 22.965s | Epoch Time: 440.859s

===== Epoch 26/60 (LR: 3.62e-04) =====
  Train Batch [50/1726] | Loss: 2.0401 | Top1: 0.5288 | Top5: 0.6581
  Train Batch [100/1726] | Loss: 2.1496 | Top1: 0.4791 | Top5: 0.6309
  Train Batch [150/1726] | Loss: 2.0948 | Top1: 0.5071 | Top5: 0.6569
  Train Batch [200/1726] | Loss: 2.1207 | Top1: 0.5134 | Top5: 0.6670
  Train Batch [250/1726] | Loss: 2.1178 | Top1: 0.5387 | Top5: 0.6859
  Train Batch [300/1726] | Loss: 2.1341 | Top1: 0.5340 | Top5: 0.6853
  Train Batch [350/1726] | Loss: 2.1378 | Top1: 0.5397 | Top5: 0.6912
  Train Batch [400/1726] | Loss: 2.1328 | Top1: 0.5437 | Top5: 0.6957
  Train Batch [450/1726] | Loss: 2.1496 | Top1: 0.5323 | Top5: 0.6851
  Train Batch [500/1726] | Loss: 2.1533 | Top1: 0.5267 | Top5: 0.6800
  Train Batch [550/1726] | Loss: 2.1431 | Top1: 0.5278 | Top5: 0.6770
  Train Batch [600/1726] | Loss: 2.1448 | Top1: 0.5309 | Top5: 0.6793
  Train Batch [650/1726] | Loss: 2.1335 | Top1: 0.5334 | Top5: 0.6807
  Train Batch [700/1726] | Loss: 2.1389 | Top1: 0.5270 | Top5: 0.6751
  Train Batch [750/1726] | Loss: 2.1600 | Top1: 0.5308 | Top5: 0.6803
  Train Batch [800/1726] | Loss: 2.1639 | Top1: 0.5281 | Top5: 0.6785
  Train Batch [850/1726] | Loss: 2.1646 | Top1: 0.5267 | Top5: 0.6770
  Train Batch [900/1726] | Loss: 2.1694 | Top1: 0.5300 | Top5: 0.6796
  Train Batch [950/1726] | Loss: 2.1737 | Top1: 0.5315 | Top5: 0.6819
  Train Batch [1000/1726] | Loss: 2.1763 | Top1: 0.5340 | Top5: 0.6845
  Train Batch [1050/1726] | Loss: 2.1802 | Top1: 0.5326 | Top5: 0.6826
  Train Batch [1100/1726] | Loss: 2.1876 | Top1: 0.5341 | Top5: 0.6846
  Train Batch [1150/1726] | Loss: 2.1830 | Top1: 0.5393 | Top5: 0.6889
  Train Batch [1200/1726] | Loss: 2.1828 | Top1: 0.5349 | Top5: 0.6844
  Train Batch [1250/1726] | Loss: 2.1891 | Top1: 0.5344 | Top5: 0.6846
  Train Batch [1300/1726] | Loss: 2.1986 | Top1: 0.5370 | Top5: 0.6884
  Train Batch [1350/1726] | Loss: 2.2006 | Top1: 0.5375 | Top5: 0.6891
  Train Batch [1400/1726] | Loss: 2.2042 | Top1: 0.5343 | Top5: 0.6857
  Train Batch [1450/1726] | Loss: 2.2077 | Top1: 0.5330 | Top5: 0.6845
  Train Batch [1500/1726] | Loss: 2.2126 | Top1: 0.5310 | Top5: 0.6834
  Train Batch [1550/1726] | Loss: 2.2110 | Top1: 0.5325 | Top5: 0.6849
  Train Batch [1600/1726] | Loss: 2.2134 | Top1: 0.5340 | Top5: 0.6871
  Train Batch [1650/1726] | Loss: 2.2122 | Top1: 0.5328 | Top5: 0.6856
  Train Batch [1700/1726] | Loss: 2.2109 | Top1: 0.5319 | Top5: 0.6847
  Train Batch [1726/1726] | Loss: 2.2064 | Top1: 0.5320 | Top5: 0.6843
  Train Epoch Time: 419.238s
  Val Batch [50/304] | Loss: 2.0458 | Top1: 0.7356 | Top5: 0.8950
  Val Batch [100/304] | Loss: 2.0540 | Top1: 0.7312 | Top5: 0.8969
  Val Batch [150/304] | Loss: 2.0475 | Top1: 0.7352 | Top5: 0.8985
  Val Batch [200/304] | Loss: 2.0451 | Top1: 0.7366 | Top5: 0.8995
  Val Batch [250/304] | Loss: 2.0598 | Top1: 0.7325 | Top5: 0.8976
  Val Batch [300/304] | Loss: 2.0471 | Top1: 0.7354 | Top5: 0.8994
  Val Batch [304/304] | Loss: 2.0475 | Top1: 0.7353 | Top5: 0.8992
  Val Epoch Time: 22.953s
Epoch [26/60] | Train Loss: 2.2064 | Train Top1: 0.5320 | Train Top5: 0.6843 | Val Loss: 2.0475 | Val Top1: 0.7353 | Val Top5: 0.8992 | LR: 3.62e-04 | Train Time: 419.238s | Val Time: 22.953s | Epoch Time: 442.191s
Saved best checkpoint to: C:\Users\ljh20\MCS\CS273P\Model_California_Birds\outputs\output_20260308_135130\checkpoints\convnext_base.fb_in22k_ft_in1k_best.pth

===== Epoch 27/60 (LR: 3.49e-04) =====
  Train Batch [50/1726] | Loss: 2.1585 | Top1: 0.5681 | Top5: 0.7013
  Train Batch [100/1726] | Loss: 2.2585 | Top1: 0.5347 | Top5: 0.6881
  Train Batch [150/1726] | Loss: 2.2200 | Top1: 0.5002 | Top5: 0.6600
  Train Batch [200/1726] | Loss: 2.2117 | Top1: 0.5202 | Top5: 0.6831
  Train Batch [250/1726] | Loss: 2.1886 | Top1: 0.5165 | Top5: 0.6741
  Train Batch [300/1726] | Loss: 2.1326 | Top1: 0.5184 | Top5: 0.6675
  Train Batch [350/1726] | Loss: 2.1426 | Top1: 0.5315 | Top5: 0.6820
  Train Batch [400/1726] | Loss: 2.1588 | Top1: 0.5346 | Top5: 0.6865
  Train Batch [450/1726] | Loss: 2.1467 | Top1: 0.5283 | Top5: 0.6802
  Train Batch [500/1726] | Loss: 2.1473 | Top1: 0.5243 | Top5: 0.6772
  Train Batch [550/1726] | Loss: 2.1480 | Top1: 0.5183 | Top5: 0.6718
  Train Batch [600/1726] | Loss: 2.1586 | Top1: 0.5142 | Top5: 0.6687
  Train Batch [650/1726] | Loss: 2.1600 | Top1: 0.5130 | Top5: 0.6686
  Train Batch [700/1726] | Loss: 2.1563 | Top1: 0.5130 | Top5: 0.6680
  Train Batch [750/1726] | Loss: 2.1595 | Top1: 0.5162 | Top5: 0.6720
  Train Batch [800/1726] | Loss: 2.1630 | Top1: 0.5162 | Top5: 0.6720
  Train Batch [850/1726] | Loss: 2.1627 | Top1: 0.5148 | Top5: 0.6709
  Train Batch [900/1726] | Loss: 2.1614 | Top1: 0.5187 | Top5: 0.6745
  Train Batch [950/1726] | Loss: 2.1701 | Top1: 0.5154 | Top5: 0.6720
  Train Batch [1000/1726] | Loss: 2.1800 | Top1: 0.5094 | Top5: 0.6686
  Train Batch [1050/1726] | Loss: 2.1888 | Top1: 0.5071 | Top5: 0.6679
  Train Batch [1100/1726] | Loss: 2.1889 | Top1: 0.5063 | Top5: 0.6663
  Train Batch [1150/1726] | Loss: 2.1878 | Top1: 0.5068 | Top5: 0.6660
  Train Batch [1200/1726] | Loss: 2.1953 | Top1: 0.5076 | Top5: 0.6681
  Train Batch [1250/1726] | Loss: 2.2015 | Top1: 0.5125 | Top5: 0.6732
  Train Batch [1300/1726] | Loss: 2.1982 | Top1: 0.5125 | Top5: 0.6722
  Train Batch [1350/1726] | Loss: 2.1947 | Top1: 0.5130 | Top5: 0.6716
  Train Batch [1400/1726] | Loss: 2.1926 | Top1: 0.5138 | Top5: 0.6727
  Train Batch [1450/1726] | Loss: 2.1903 | Top1: 0.5128 | Top5: 0.6711
  Train Batch [1500/1726] | Loss: 2.1963 | Top1: 0.5114 | Top5: 0.6702
  Train Batch [1550/1726] | Loss: 2.1961 | Top1: 0.5141 | Top5: 0.6729
  Train Batch [1600/1726] | Loss: 2.1897 | Top1: 0.5168 | Top5: 0.6747
  Train Batch [1650/1726] | Loss: 2.1885 | Top1: 0.5156 | Top5: 0.6731
  Train Batch [1700/1726] | Loss: 2.1843 | Top1: 0.5167 | Top5: 0.6736
  Train Batch [1726/1726] | Loss: 2.1851 | Top1: 0.5180 | Top5: 0.6747
  Train Epoch Time: 418.281s
  Val Batch [50/304] | Loss: 2.0683 | Top1: 0.7344 | Top5: 0.8912
  Val Batch [100/304] | Loss: 2.0527 | Top1: 0.7338 | Top5: 0.8956
  Val Batch [150/304] | Loss: 2.0620 | Top1: 0.7340 | Top5: 0.8946
  Val Batch [200/304] | Loss: 2.0667 | Top1: 0.7289 | Top5: 0.8936
  Val Batch [250/304] | Loss: 2.0753 | Top1: 0.7288 | Top5: 0.8914
  Val Batch [300/304] | Loss: 2.0691 | Top1: 0.7304 | Top5: 0.8932
  Val Batch [304/304] | Loss: 2.0696 | Top1: 0.7304 | Top5: 0.8931
  Val Epoch Time: 23.005s
Epoch [27/60] | Train Loss: 2.1851 | Train Top1: 0.5180 | Train Top5: 0.6747 | Val Loss: 2.0696 | Val Top1: 0.7304 | Val Top5: 0.8931 | LR: 3.49e-04 | Train Time: 418.281s | Val Time: 23.005s | Epoch Time: 441.286s

===== Epoch 28/60 (LR: 3.35e-04) =====
  Train Batch [50/1726] | Loss: 1.9959 | Top1: 0.4587 | Top5: 0.5925
  Train Batch [100/1726] | Loss: 2.0353 | Top1: 0.5741 | Top5: 0.7072
  Train Batch [150/1726] | Loss: 2.1081 | Top1: 0.5742 | Top5: 0.7165
  Train Batch [200/1726] | Loss: 2.1370 | Top1: 0.5587 | Top5: 0.7055
  Train Batch [250/1726] | Loss: 2.0973 | Top1: 0.5610 | Top5: 0.7026
  Train Batch [300/1726] | Loss: 2.1052 | Top1: 0.5648 | Top5: 0.7042
  Train Batch [350/1726] | Loss: 2.1242 | Top1: 0.5677 | Top5: 0.7080
  Train Batch [400/1726] | Loss: 2.1172 | Top1: 0.5748 | Top5: 0.7148
  Train Batch [450/1726] | Loss: 2.1418 | Top1: 0.5642 | Top5: 0.7106
  Train Batch [500/1726] | Loss: 2.1572 | Top1: 0.5641 | Top5: 0.7133
  Train Batch [550/1726] | Loss: 2.1615 | Top1: 0.5580 | Top5: 0.7075
  Train Batch [600/1726] | Loss: 2.1587 | Top1: 0.5597 | Top5: 0.7072
  Train Batch [650/1726] | Loss: 2.1605 | Top1: 0.5611 | Top5: 0.7083
  Train Batch [700/1726] | Loss: 2.1524 | Top1: 0.5489 | Top5: 0.6960
  Train Batch [750/1726] | Loss: 2.1618 | Top1: 0.5507 | Top5: 0.7002
  Train Batch [800/1726] | Loss: 2.1653 | Top1: 0.5486 | Top5: 0.6985
  Train Batch [850/1726] | Loss: 2.1828 | Top1: 0.5450 | Top5: 0.6974
  Train Batch [900/1726] | Loss: 2.1769 | Top1: 0.5392 | Top5: 0.6912
  Train Batch [950/1726] | Loss: 2.1746 | Top1: 0.5330 | Top5: 0.6854
  Train Batch [1000/1726] | Loss: 2.1706 | Top1: 0.5336 | Top5: 0.6855
  Train Batch [1050/1726] | Loss: 2.1722 | Top1: 0.5328 | Top5: 0.6860
  Train Batch [1100/1726] | Loss: 2.1789 | Top1: 0.5334 | Top5: 0.6879
  Train Batch [1150/1726] | Loss: 2.1783 | Top1: 0.5317 | Top5: 0.6859
  Train Batch [1200/1726] | Loss: 2.1694 | Top1: 0.5364 | Top5: 0.6890
  Train Batch [1250/1726] | Loss: 2.1683 | Top1: 0.5352 | Top5: 0.6874
  Train Batch [1300/1726] | Loss: 2.1678 | Top1: 0.5330 | Top5: 0.6864
  Train Batch [1350/1726] | Loss: 2.1629 | Top1: 0.5349 | Top5: 0.6875
  Train Batch [1400/1726] | Loss: 2.1690 | Top1: 0.5337 | Top5: 0.6878
  Train Batch [1450/1726] | Loss: 2.1721 | Top1: 0.5355 | Top5: 0.6904
  Train Batch [1500/1726] | Loss: 2.1802 | Top1: 0.5321 | Top5: 0.6885
  Train Batch [1550/1726] | Loss: 2.1843 | Top1: 0.5306 | Top5: 0.6873
  Train Batch [1600/1726] | Loss: 2.1890 | Top1: 0.5290 | Top5: 0.6865
  Train Batch [1650/1726] | Loss: 2.1877 | Top1: 0.5283 | Top5: 0.6855
  Train Batch [1700/1726] | Loss: 2.1884 | Top1: 0.5265 | Top5: 0.6837
  Train Batch [1726/1726] | Loss: 2.1907 | Top1: 0.5261 | Top5: 0.6836
  Train Epoch Time: 419.730s
  Val Batch [50/304] | Loss: 2.0228 | Top1: 0.7300 | Top5: 0.8981
  Val Batch [100/304] | Loss: 2.0450 | Top1: 0.7259 | Top5: 0.8972
  Val Batch [150/304] | Loss: 2.0446 | Top1: 0.7354 | Top5: 0.8960
  Val Batch [200/304] | Loss: 2.0513 | Top1: 0.7344 | Top5: 0.8955
  Val Batch [250/304] | Loss: 2.0581 | Top1: 0.7325 | Top5: 0.8940
  Val Batch [300/304] | Loss: 2.0547 | Top1: 0.7330 | Top5: 0.8946
  Val Batch [304/304] | Loss: 2.0551 | Top1: 0.7329 | Top5: 0.8945
  Val Epoch Time: 22.964s
Epoch [28/60] | Train Loss: 2.1907 | Train Top1: 0.5261 | Train Top5: 0.6836 | Val Loss: 2.0551 | Val Top1: 0.7329 | Val Top5: 0.8945 | LR: 3.35e-04 | Train Time: 419.730s | Val Time: 22.964s | Epoch Time: 442.694s

===== Epoch 29/60 (LR: 3.22e-04) =====
  Train Batch [50/1726] | Loss: 2.1301 | Top1: 0.5519 | Top5: 0.7250
  Train Batch [100/1726] | Loss: 2.1155 | Top1: 0.5578 | Top5: 0.7250
  Train Batch [150/1726] | Loss: 2.1268 | Top1: 0.5379 | Top5: 0.7052
  Train Batch [200/1726] | Loss: 2.1704 | Top1: 0.5139 | Top5: 0.6927
  Train Batch [250/1726] | Loss: 2.1796 | Top1: 0.5080 | Top5: 0.6816
  Train Batch [300/1726] | Loss: 2.1647 | Top1: 0.5241 | Top5: 0.6915
  Train Batch [350/1726] | Loss: 2.1371 | Top1: 0.5364 | Top5: 0.6985
  Train Batch [400/1726] | Loss: 2.1453 | Top1: 0.5439 | Top5: 0.7055
  Train Batch [450/1726] | Loss: 2.1484 | Top1: 0.5498 | Top5: 0.7101
  Train Batch [500/1726] | Loss: 2.1505 | Top1: 0.5592 | Top5: 0.7211
  Train Batch [550/1726] | Loss: 2.1493 | Top1: 0.5576 | Top5: 0.7195
  Train Batch [600/1726] | Loss: 2.1407 | Top1: 0.5545 | Top5: 0.7147
  Train Batch [650/1726] | Loss: 2.1458 | Top1: 0.5552 | Top5: 0.7140
  Train Batch [700/1726] | Loss: 2.1511 | Top1: 0.5538 | Top5: 0.7140
  Train Batch [750/1726] | Loss: 2.1548 | Top1: 0.5487 | Top5: 0.7099
  Train Batch [800/1726] | Loss: 2.1588 | Top1: 0.5500 | Top5: 0.7107
  Train Batch [850/1726] | Loss: 2.1531 | Top1: 0.5464 | Top5: 0.7079
  Train Batch [900/1726] | Loss: 2.1523 | Top1: 0.5476 | Top5: 0.7093
  Train Batch [950/1726] | Loss: 2.1542 | Top1: 0.5450 | Top5: 0.7059
  Train Batch [1000/1726] | Loss: 2.1556 | Top1: 0.5467 | Top5: 0.7074
  Train Batch [1050/1726] | Loss: 2.1532 | Top1: 0.5425 | Top5: 0.7025
  Train Batch [1100/1726] | Loss: 2.1560 | Top1: 0.5398 | Top5: 0.7004
  Train Batch [1150/1726] | Loss: 2.1589 | Top1: 0.5368 | Top5: 0.6974
  Train Batch [1200/1726] | Loss: 2.1524 | Top1: 0.5402 | Top5: 0.6996
  Train Batch [1250/1726] | Loss: 2.1558 | Top1: 0.5382 | Top5: 0.6979
  Train Batch [1300/1726] | Loss: 2.1523 | Top1: 0.5374 | Top5: 0.6968
  Train Batch [1350/1726] | Loss: 2.1509 | Top1: 0.5406 | Top5: 0.6997
  Train Batch [1400/1726] | Loss: 2.1477 | Top1: 0.5409 | Top5: 0.6993
  Train Batch [1450/1726] | Loss: 2.1538 | Top1: 0.5413 | Top5: 0.7005
  Train Batch [1500/1726] | Loss: 2.1509 | Top1: 0.5406 | Top5: 0.6989
  Train Batch [1550/1726] | Loss: 2.1514 | Top1: 0.5408 | Top5: 0.6993
  Train Batch [1600/1726] | Loss: 2.1520 | Top1: 0.5402 | Top5: 0.6988
  Train Batch [1650/1726] | Loss: 2.1508 | Top1: 0.5385 | Top5: 0.6971
  Train Batch [1700/1726] | Loss: 2.1509 | Top1: 0.5394 | Top5: 0.6976
  Train Batch [1726/1726] | Loss: 2.1523 | Top1: 0.5391 | Top5: 0.6973
  Train Epoch Time: 418.358s
  Val Batch [50/304] | Loss: 2.1074 | Top1: 0.7188 | Top5: 0.8825
  Val Batch [100/304] | Loss: 2.0859 | Top1: 0.7247 | Top5: 0.8894
  Val Batch [150/304] | Loss: 2.0735 | Top1: 0.7298 | Top5: 0.8908
  Val Batch [200/304] | Loss: 2.0894 | Top1: 0.7284 | Top5: 0.8897
  Val Batch [250/304] | Loss: 2.0881 | Top1: 0.7296 | Top5: 0.8902
  Val Batch [300/304] | Loss: 2.0802 | Top1: 0.7316 | Top5: 0.8911
  Val Batch [304/304] | Loss: 2.0812 | Top1: 0.7317 | Top5: 0.8909
  Val Epoch Time: 22.974s
Epoch [29/60] | Train Loss: 2.1523 | Train Top1: 0.5391 | Train Top5: 0.6973 | Val Loss: 2.0812 | Val Top1: 0.7317 | Val Top5: 0.8909 | LR: 3.22e-04 | Train Time: 418.358s | Val Time: 22.974s | Epoch Time: 441.331s

===== Epoch 30/60 (LR: 3.08e-04) =====
  Train Batch [50/1726] | Loss: 2.2706 | Top1: 0.4863 | Top5: 0.6644
  Train Batch [100/1726] | Loss: 2.1535 | Top1: 0.4444 | Top5: 0.6259
  Train Batch [150/1726] | Loss: 2.1713 | Top1: 0.4437 | Top5: 0.6260
  Train Batch [200/1726] | Loss: 2.1307 | Top1: 0.4527 | Top5: 0.6275
  Train Batch [250/1726] | Loss: 2.1276 | Top1: 0.4699 | Top5: 0.6395
  Train Batch [300/1726] | Loss: 2.1313 | Top1: 0.4933 | Top5: 0.6605
  Train Batch [350/1726] | Loss: 2.1276 | Top1: 0.4970 | Top5: 0.6597
  Train Batch [400/1726] | Loss: 2.1203 | Top1: 0.5065 | Top5: 0.6664
  Train Batch [450/1726] | Loss: 2.1281 | Top1: 0.5094 | Top5: 0.6721
  Train Batch [500/1726] | Loss: 2.1210 | Top1: 0.5073 | Top5: 0.6677
  Train Batch [550/1726] | Loss: 2.1127 | Top1: 0.5011 | Top5: 0.6611
  Train Batch [600/1726] | Loss: 2.0996 | Top1: 0.5069 | Top5: 0.6653
  Train Batch [650/1726] | Loss: 2.1166 | Top1: 0.5031 | Top5: 0.6658
  Train Batch [700/1726] | Loss: 2.1262 | Top1: 0.5024 | Top5: 0.6662
  Train Batch [750/1726] | Loss: 2.1131 | Top1: 0.5021 | Top5: 0.6625
  Train Batch [800/1726] | Loss: 2.1060 | Top1: 0.5011 | Top5: 0.6588
  Train Batch [850/1726] | Loss: 2.1008 | Top1: 0.5007 | Top5: 0.6574
  Train Batch [900/1726] | Loss: 2.1031 | Top1: 0.5052 | Top5: 0.6609
  Train Batch [950/1726] | Loss: 2.1058 | Top1: 0.5090 | Top5: 0.6655
  Train Batch [1000/1726] | Loss: 2.1029 | Top1: 0.5121 | Top5: 0.6680
  Train Batch [1050/1726] | Loss: 2.1015 | Top1: 0.5162 | Top5: 0.6712
  Train Batch [1100/1726] | Loss: 2.1037 | Top1: 0.5114 | Top5: 0.6669
  Train Batch [1150/1726] | Loss: 2.1114 | Top1: 0.5105 | Top5: 0.6671
  Train Batch [1200/1726] | Loss: 2.1181 | Top1: 0.5088 | Top5: 0.6659
  Train Batch [1250/1726] | Loss: 2.1210 | Top1: 0.5090 | Top5: 0.6666
  Train Batch [1300/1726] | Loss: 2.1205 | Top1: 0.5056 | Top5: 0.6636
  Train Batch [1350/1726] | Loss: 2.1177 | Top1: 0.5073 | Top5: 0.6640
  Train Batch [1400/1726] | Loss: 2.1153 | Top1: 0.5079 | Top5: 0.6643
  Train Batch [1450/1726] | Loss: 2.1128 | Top1: 0.5106 | Top5: 0.6666
  Train Batch [1500/1726] | Loss: 2.1124 | Top1: 0.5089 | Top5: 0.6647
  Train Batch [1550/1726] | Loss: 2.1173 | Top1: 0.5075 | Top5: 0.6652
  Train Batch [1600/1726] | Loss: 2.1182 | Top1: 0.5089 | Top5: 0.6665
  Train Batch [1650/1726] | Loss: 2.1174 | Top1: 0.5108 | Top5: 0.6683
  Train Batch [1700/1726] | Loss: 2.1162 | Top1: 0.5123 | Top5: 0.6690
  Train Batch [1726/1726] | Loss: 2.1154 | Top1: 0.5119 | Top5: 0.6684
  Train Epoch Time: 418.261s
  Val Batch [50/304] | Loss: 2.0758 | Top1: 0.7412 | Top5: 0.8862
  Val Batch [100/304] | Loss: 2.0808 | Top1: 0.7303 | Top5: 0.8928
  Val Batch [150/304] | Loss: 2.0829 | Top1: 0.7340 | Top5: 0.8923
  Val Batch [200/304] | Loss: 2.0936 | Top1: 0.7341 | Top5: 0.8905
  Val Batch [250/304] | Loss: 2.0992 | Top1: 0.7334 | Top5: 0.8901
  Val Batch [300/304] | Loss: 2.0865 | Top1: 0.7355 | Top5: 0.8917
  Val Batch [304/304] | Loss: 2.0868 | Top1: 0.7356 | Top5: 0.8918
  Val Epoch Time: 22.984s
Epoch [30/60] | Train Loss: 2.1154 | Train Top1: 0.5119 | Train Top5: 0.6684 | Val Loss: 2.0868 | Val Top1: 0.7356 | Val Top5: 0.8918 | LR: 3.08e-04 | Train Time: 418.261s | Val Time: 22.984s | Epoch Time: 441.245s
Saved best checkpoint to: C:\Users\ljh20\MCS\CS273P\Model_California_Birds\outputs\output_20260308_135130\checkpoints\convnext_base.fb_in22k_ft_in1k_best.pth

===== Epoch 31/60 (LR: 2.93e-04) =====
  Train Batch [50/1726] | Loss: 1.9554 | Top1: 0.6106 | Top5: 0.7356
  Train Batch [100/1726] | Loss: 2.0138 | Top1: 0.5559 | Top5: 0.6959
  Train Batch [150/1726] | Loss: 2.0801 | Top1: 0.5371 | Top5: 0.7004
  Train Batch [200/1726] | Loss: 2.0789 | Top1: 0.5311 | Top5: 0.6967
  Train Batch [250/1726] | Loss: 2.0852 | Top1: 0.5401 | Top5: 0.7073
  Train Batch [300/1726] | Loss: 2.0748 | Top1: 0.5541 | Top5: 0.7164
  Train Batch [350/1726] | Loss: 2.0712 | Top1: 0.5437 | Top5: 0.7062
  Train Batch [400/1726] | Loss: 2.0710 | Top1: 0.5445 | Top5: 0.7075
  Train Batch [450/1726] | Loss: 2.0888 | Top1: 0.5496 | Top5: 0.7135
  Train Batch [500/1726] | Loss: 2.0898 | Top1: 0.5442 | Top5: 0.7074
  Train Batch [550/1726] | Loss: 2.0969 | Top1: 0.5502 | Top5: 0.7137
  Train Batch [600/1726] | Loss: 2.0852 | Top1: 0.5570 | Top5: 0.7176
  Train Batch [650/1726] | Loss: 2.0895 | Top1: 0.5481 | Top5: 0.7106
  Train Batch [700/1726] | Loss: 2.0835 | Top1: 0.5495 | Top5: 0.7109
  Train Batch [750/1726] | Loss: 2.0802 | Top1: 0.5473 | Top5: 0.7087
  Train Batch [800/1726] | Loss: 2.0874 | Top1: 0.5460 | Top5: 0.7097
  Train Batch [850/1726] | Loss: 2.0769 | Top1: 0.5478 | Top5: 0.7096
  Train Batch [900/1726] | Loss: 2.0796 | Top1: 0.5476 | Top5: 0.7094
  Train Batch [950/1726] | Loss: 2.0888 | Top1: 0.5437 | Top5: 0.7081
  Train Batch [1000/1726] | Loss: 2.0999 | Top1: 0.5404 | Top5: 0.7064
  Train Batch [1050/1726] | Loss: 2.1045 | Top1: 0.5439 | Top5: 0.7107
  Train Batch [1100/1726] | Loss: 2.1031 | Top1: 0.5444 | Top5: 0.7102
  Train Batch [1150/1726] | Loss: 2.0976 | Top1: 0.5466 | Top5: 0.7114
  Train Batch [1200/1726] | Loss: 2.0957 | Top1: 0.5440 | Top5: 0.7080
  Train Batch [1250/1726] | Loss: 2.0950 | Top1: 0.5421 | Top5: 0.7054
  Train Batch [1300/1726] | Loss: 2.1026 | Top1: 0.5450 | Top5: 0.7083
  Train Batch [1350/1726] | Loss: 2.0990 | Top1: 0.5428 | Top5: 0.7059
  Train Batch [1400/1726] | Loss: 2.1042 | Top1: 0.5400 | Top5: 0.7042
  Train Batch [1450/1726] | Loss: 2.0984 | Top1: 0.5423 | Top5: 0.7056
  Train Batch [1500/1726] | Loss: 2.1041 | Top1: 0.5423 | Top5: 0.7057
  Train Batch [1550/1726] | Loss: 2.1024 | Top1: 0.5438 | Top5: 0.7061
  Train Batch [1600/1726] | Loss: 2.1020 | Top1: 0.5454 | Top5: 0.7074
  Train Batch [1650/1726] | Loss: 2.1074 | Top1: 0.5465 | Top5: 0.7093
  Train Batch [1700/1726] | Loss: 2.1099 | Top1: 0.5445 | Top5: 0.7073
  Train Batch [1726/1726] | Loss: 2.1071 | Top1: 0.5460 | Top5: 0.7085
  Train Epoch Time: 418.233s
  Val Batch [50/304] | Loss: 1.9808 | Top1: 0.7562 | Top5: 0.9044
  Val Batch [100/304] | Loss: 2.0065 | Top1: 0.7541 | Top5: 0.9028
  Val Batch [150/304] | Loss: 2.0043 | Top1: 0.7552 | Top5: 0.9029
  Val Batch [200/304] | Loss: 2.0124 | Top1: 0.7505 | Top5: 0.9030
  Val Batch [250/304] | Loss: 2.0297 | Top1: 0.7466 | Top5: 0.9014
  Val Batch [300/304] | Loss: 2.0187 | Top1: 0.7479 | Top5: 0.9036
  Val Batch [304/304] | Loss: 2.0201 | Top1: 0.7477 | Top5: 0.9032
  Val Epoch Time: 23.210s
Epoch [31/60] | Train Loss: 2.1071 | Train Top1: 0.5460 | Train Top5: 0.7085 | Val Loss: 2.0201 | Val Top1: 0.7477 | Val Top5: 0.9032 | LR: 2.93e-04 | Train Time: 418.233s | Val Time: 23.210s | Epoch Time: 441.444s
Saved best checkpoint to: C:\Users\ljh20\MCS\CS273P\Model_California_Birds\outputs\output_20260308_135130\checkpoints\convnext_base.fb_in22k_ft_in1k_best.pth

===== Epoch 32/60 (LR: 2.79e-04) =====
  Train Batch [50/1726] | Loss: 2.1568 | Top1: 0.5225 | Top5: 0.7025
  Train Batch [100/1726] | Loss: 2.0877 | Top1: 0.5550 | Top5: 0.7125
  Train Batch [150/1726] | Loss: 2.0784 | Top1: 0.5375 | Top5: 0.6946
  Train Batch [200/1726] | Loss: 2.0599 | Top1: 0.5402 | Top5: 0.6994
  Train Batch [250/1726] | Loss: 2.1071 | Top1: 0.5366 | Top5: 0.7074
  Train Batch [300/1726] | Loss: 2.0916 | Top1: 0.5485 | Top5: 0.7151
  Train Batch [350/1726] | Loss: 2.0828 | Top1: 0.5554 | Top5: 0.7171
  Train Batch [400/1726] | Loss: 2.0662 | Top1: 0.5605 | Top5: 0.7164
  Train Batch [450/1726] | Loss: 2.0741 | Top1: 0.5725 | Top5: 0.7290
  Train Batch [500/1726] | Loss: 2.0642 | Top1: 0.5687 | Top5: 0.7238
  Train Batch [550/1726] | Loss: 2.0626 | Top1: 0.5627 | Top5: 0.7179
  Train Batch [600/1726] | Loss: 2.0586 | Top1: 0.5552 | Top5: 0.7099
  Train Batch [650/1726] | Loss: 2.0609 | Top1: 0.5564 | Top5: 0.7112
  Train Batch [700/1726] | Loss: 2.0600 | Top1: 0.5483 | Top5: 0.7029
  Train Batch [750/1726] | Loss: 2.0599 | Top1: 0.5473 | Top5: 0.7017
  Train Batch [800/1726] | Loss: 2.0549 | Top1: 0.5459 | Top5: 0.7002
  Train Batch [850/1726] | Loss: 2.0458 | Top1: 0.5476 | Top5: 0.7005
  Train Batch [900/1726] | Loss: 2.0545 | Top1: 0.5446 | Top5: 0.6993
  Train Batch [950/1726] | Loss: 2.0517 | Top1: 0.5488 | Top5: 0.7023
  Train Batch [1000/1726] | Loss: 2.0507 | Top1: 0.5493 | Top5: 0.7027
  Train Batch [1050/1726] | Loss: 2.0584 | Top1: 0.5459 | Top5: 0.7000
  Train Batch [1100/1726] | Loss: 2.0542 | Top1: 0.5480 | Top5: 0.7009
  Train Batch [1150/1726] | Loss: 2.0543 | Top1: 0.5501 | Top5: 0.7027
  Train Batch [1200/1726] | Loss: 2.0580 | Top1: 0.5509 | Top5: 0.7040
  Train Batch [1250/1726] | Loss: 2.0566 | Top1: 0.5508 | Top5: 0.7040
  Train Batch [1300/1726] | Loss: 2.0545 | Top1: 0.5534 | Top5: 0.7061
  Train Batch [1350/1726] | Loss: 2.0619 | Top1: 0.5509 | Top5: 0.7049
  Train Batch [1400/1726] | Loss: 2.0612 | Top1: 0.5517 | Top5: 0.7049
  Train Batch [1450/1726] | Loss: 2.0595 | Top1: 0.5498 | Top5: 0.7029
  Train Batch [1500/1726] | Loss: 2.0578 | Top1: 0.5473 | Top5: 0.7005
  Train Batch [1550/1726] | Loss: 2.0667 | Top1: 0.5466 | Top5: 0.7012
  Train Batch [1600/1726] | Loss: 2.0706 | Top1: 0.5463 | Top5: 0.7011
  Train Batch [1650/1726] | Loss: 2.0730 | Top1: 0.5482 | Top5: 0.7026
  Train Batch [1700/1726] | Loss: 2.0722 | Top1: 0.5474 | Top5: 0.7011
  Train Batch [1726/1726] | Loss: 2.0728 | Top1: 0.5473 | Top5: 0.7011
  Train Epoch Time: 418.605s
  Val Batch [50/304] | Loss: 2.0653 | Top1: 0.7419 | Top5: 0.8906
  Val Batch [100/304] | Loss: 2.0625 | Top1: 0.7419 | Top5: 0.8966
  Val Batch [150/304] | Loss: 2.0510 | Top1: 0.7469 | Top5: 0.8985
  Val Batch [200/304] | Loss: 2.0746 | Top1: 0.7389 | Top5: 0.8962
  Val Batch [250/304] | Loss: 2.0835 | Top1: 0.7380 | Top5: 0.8946
  Val Batch [300/304] | Loss: 2.0720 | Top1: 0.7394 | Top5: 0.8968
  Val Batch [304/304] | Loss: 2.0716 | Top1: 0.7392 | Top5: 0.8969
  Val Epoch Time: 22.967s
Epoch [32/60] | Train Loss: 2.0728 | Train Top1: 0.5473 | Train Top5: 0.7011 | Val Loss: 2.0716 | Val Top1: 0.7392 | Val Top5: 0.8969 | LR: 2.79e-04 | Train Time: 418.605s | Val Time: 22.967s | Epoch Time: 441.573s

===== Epoch 33/60 (LR: 2.65e-04) =====
  Train Batch [50/1726] | Loss: 2.0066 | Top1: 0.4681 | Top5: 0.6350
  Train Batch [100/1726] | Loss: 2.0346 | Top1: 0.5284 | Top5: 0.6947
  Train Batch [150/1726] | Loss: 2.0209 | Top1: 0.5517 | Top5: 0.7098
  Train Batch [200/1726] | Loss: 1.9859 | Top1: 0.5580 | Top5: 0.7091
  Train Batch [250/1726] | Loss: 1.9944 | Top1: 0.5541 | Top5: 0.7061
  Train Batch [300/1726] | Loss: 1.9917 | Top1: 0.5510 | Top5: 0.7028
  Train Batch [350/1726] | Loss: 1.9943 | Top1: 0.5491 | Top5: 0.7043
  Train Batch [400/1726] | Loss: 2.0170 | Top1: 0.5511 | Top5: 0.7091
  Train Batch [450/1726] | Loss: 2.0040 | Top1: 0.5672 | Top5: 0.7201
  Train Batch [500/1726] | Loss: 2.0034 | Top1: 0.5681 | Top5: 0.7194
  Train Batch [550/1726] | Loss: 2.0097 | Top1: 0.5751 | Top5: 0.7256
  Train Batch [600/1726] | Loss: 2.0076 | Top1: 0.5678 | Top5: 0.7179
  Train Batch [650/1726] | Loss: 2.0110 | Top1: 0.5660 | Top5: 0.7174
  Train Batch [700/1726] | Loss: 2.0230 | Top1: 0.5654 | Top5: 0.7208
  Train Batch [750/1726] | Loss: 2.0122 | Top1: 0.5672 | Top5: 0.7195
  Train Batch [800/1726] | Loss: 2.0177 | Top1: 0.5666 | Top5: 0.7196
  Train Batch [850/1726] | Loss: 2.0139 | Top1: 0.5672 | Top5: 0.7199
  Train Batch [900/1726] | Loss: 2.0086 | Top1: 0.5627 | Top5: 0.7152
  Train Batch [950/1726] | Loss: 2.0058 | Top1: 0.5617 | Top5: 0.7140
  Train Batch [1000/1726] | Loss: 2.0085 | Top1: 0.5614 | Top5: 0.7140
  Train Batch [1050/1726] | Loss: 2.0021 | Top1: 0.5613 | Top5: 0.7127
  Train Batch [1100/1726] | Loss: 1.9993 | Top1: 0.5588 | Top5: 0.7098
  Train Batch [1150/1726] | Loss: 1.9993 | Top1: 0.5587 | Top5: 0.7095
  Train Batch [1200/1726] | Loss: 1.9915 | Top1: 0.5583 | Top5: 0.7078
  Train Batch [1250/1726] | Loss: 1.9866 | Top1: 0.5549 | Top5: 0.7033
  Train Batch [1300/1726] | Loss: 1.9937 | Top1: 0.5528 | Top5: 0.7026
  Train Batch [1350/1726] | Loss: 1.9947 | Top1: 0.5539 | Top5: 0.7032
  Train Batch [1400/1726] | Loss: 1.9973 | Top1: 0.5547 | Top5: 0.7039
  Train Batch [1450/1726] | Loss: 1.9906 | Top1: 0.5562 | Top5: 0.7037
  Train Batch [1500/1726] | Loss: 1.9891 | Top1: 0.5584 | Top5: 0.7055
  Train Batch [1550/1726] | Loss: 1.9923 | Top1: 0.5563 | Top5: 0.7047
  Train Batch [1600/1726] | Loss: 1.9972 | Top1: 0.5580 | Top5: 0.7066
  Train Batch [1650/1726] | Loss: 1.9961 | Top1: 0.5554 | Top5: 0.7035
  Train Batch [1700/1726] | Loss: 1.9998 | Top1: 0.5551 | Top5: 0.7037
  Train Batch [1726/1726] | Loss: 1.9981 | Top1: 0.5544 | Top5: 0.7029
  Train Epoch Time: 418.002s
  Val Batch [50/304] | Loss: 2.0238 | Top1: 0.7400 | Top5: 0.8994
  Val Batch [100/304] | Loss: 2.0134 | Top1: 0.7434 | Top5: 0.9022
  Val Batch [150/304] | Loss: 2.0136 | Top1: 0.7496 | Top5: 0.9035
  Val Batch [200/304] | Loss: 2.0230 | Top1: 0.7484 | Top5: 0.9019
  Val Batch [250/304] | Loss: 2.0398 | Top1: 0.7451 | Top5: 0.8994
  Val Batch [300/304] | Loss: 2.0336 | Top1: 0.7462 | Top5: 0.9005
  Val Batch [304/304] | Loss: 2.0336 | Top1: 0.7459 | Top5: 0.9006
  Val Epoch Time: 22.968s
Epoch [33/60] | Train Loss: 1.9981 | Train Top1: 0.5544 | Train Top5: 0.7029 | Val Loss: 2.0336 | Val Top1: 0.7459 | Val Top5: 0.9006 | LR: 2.65e-04 | Train Time: 418.002s | Val Time: 22.968s | Epoch Time: 440.970s

===== Epoch 34/60 (LR: 2.50e-04) =====
  Train Batch [50/1726] | Loss: 1.9529 | Top1: 0.5444 | Top5: 0.6794
  Train Batch [100/1726] | Loss: 1.9946 | Top1: 0.5322 | Top5: 0.6831
  Train Batch [150/1726] | Loss: 1.9929 | Top1: 0.5502 | Top5: 0.7006
  Train Batch [200/1726] | Loss: 1.9950 | Top1: 0.5630 | Top5: 0.7127
  Train Batch [250/1726] | Loss: 1.9914 | Top1: 0.5753 | Top5: 0.7255
  Train Batch [300/1726] | Loss: 1.9772 | Top1: 0.5675 | Top5: 0.7174
  Train Batch [350/1726] | Loss: 2.0044 | Top1: 0.5565 | Top5: 0.7135
  Train Batch [400/1726] | Loss: 2.0117 | Top1: 0.5603 | Top5: 0.7184
  Train Batch [450/1726] | Loss: 2.0228 | Top1: 0.5644 | Top5: 0.7251
  Train Batch [500/1726] | Loss: 2.0158 | Top1: 0.5665 | Top5: 0.7242
  Train Batch [550/1726] | Loss: 2.0126 | Top1: 0.5634 | Top5: 0.7212
  Train Batch [600/1726] | Loss: 2.0153 | Top1: 0.5681 | Top5: 0.7264
  Train Batch [650/1726] | Loss: 2.0108 | Top1: 0.5649 | Top5: 0.7237
  Train Batch [700/1726] | Loss: 2.0214 | Top1: 0.5596 | Top5: 0.7219
  Train Batch [750/1726] | Loss: 2.0190 | Top1: 0.5570 | Top5: 0.7191
  Train Batch [800/1726] | Loss: 2.0170 | Top1: 0.5627 | Top5: 0.7226
  Train Batch [850/1726] | Loss: 2.0195 | Top1: 0.5597 | Top5: 0.7203
  Train Batch [900/1726] | Loss: 2.0151 | Top1: 0.5596 | Top5: 0.7201
  Train Batch [950/1726] | Loss: 2.0179 | Top1: 0.5615 | Top5: 0.7226
  Train Batch [1000/1726] | Loss: 2.0171 | Top1: 0.5613 | Top5: 0.7222
  Train Batch [1050/1726] | Loss: 2.0175 | Top1: 0.5623 | Top5: 0.7227
  Train Batch [1100/1726] | Loss: 2.0251 | Top1: 0.5616 | Top5: 0.7238
  Train Batch [1150/1726] | Loss: 2.0231 | Top1: 0.5651 | Top5: 0.7264
  Train Batch [1200/1726] | Loss: 2.0189 | Top1: 0.5629 | Top5: 0.7230
  Train Batch [1250/1726] | Loss: 2.0211 | Top1: 0.5640 | Top5: 0.7245
  Train Batch [1300/1726] | Loss: 2.0243 | Top1: 0.5626 | Top5: 0.7235
  Train Batch [1350/1726] | Loss: 2.0319 | Top1: 0.5579 | Top5: 0.7208
  Train Batch [1400/1726] | Loss: 2.0326 | Top1: 0.5571 | Top5: 0.7199
  Train Batch [1450/1726] | Loss: 2.0333 | Top1: 0.5558 | Top5: 0.7185
  Train Batch [1500/1726] | Loss: 2.0328 | Top1: 0.5552 | Top5: 0.7183
  Train Batch [1550/1726] | Loss: 2.0357 | Top1: 0.5534 | Top5: 0.7174
  Train Batch [1600/1726] | Loss: 2.0347 | Top1: 0.5526 | Top5: 0.7159
  Train Batch [1650/1726] | Loss: 2.0356 | Top1: 0.5514 | Top5: 0.7150
  Train Batch [1700/1726] | Loss: 2.0372 | Top1: 0.5516 | Top5: 0.7151
  Train Batch [1726/1726] | Loss: 2.0350 | Top1: 0.5520 | Top5: 0.7150
  Train Epoch Time: 418.345s
  Val Batch [50/304] | Loss: 2.0556 | Top1: 0.7350 | Top5: 0.8869
  Val Batch [100/304] | Loss: 2.0751 | Top1: 0.7297 | Top5: 0.8906
  Val Batch [150/304] | Loss: 2.0609 | Top1: 0.7383 | Top5: 0.8933
  Val Batch [200/304] | Loss: 2.0738 | Top1: 0.7358 | Top5: 0.8931
  Val Batch [250/304] | Loss: 2.0958 | Top1: 0.7328 | Top5: 0.8901
  Val Batch [300/304] | Loss: 2.0817 | Top1: 0.7374 | Top5: 0.8924
  Val Batch [304/304] | Loss: 2.0812 | Top1: 0.7372 | Top5: 0.8923
  Val Epoch Time: 22.974s
Epoch [34/60] | Train Loss: 2.0350 | Train Top1: 0.5520 | Train Top5: 0.7150 | Val Loss: 2.0812 | Val Top1: 0.7372 | Val Top5: 0.8923 | LR: 2.50e-04 | Train Time: 418.345s | Val Time: 22.974s | Epoch Time: 441.319s

===== Epoch 35/60 (LR: 2.35e-04) =====
  Train Batch [50/1726] | Loss: 2.0227 | Top1: 0.5006 | Top5: 0.6550
  Train Batch [100/1726] | Loss: 2.0390 | Top1: 0.5559 | Top5: 0.7075
  Train Batch [150/1726] | Loss: 2.0377 | Top1: 0.5948 | Top5: 0.7483
  Train Batch [200/1726] | Loss: 2.0135 | Top1: 0.5900 | Top5: 0.7397
  Train Batch [250/1726] | Loss: 2.0356 | Top1: 0.5886 | Top5: 0.7431
  Train Batch [300/1726] | Loss: 2.0556 | Top1: 0.5948 | Top5: 0.7559
  Train Batch [350/1726] | Loss: 2.0488 | Top1: 0.5837 | Top5: 0.7472
  Train Batch [400/1726] | Loss: 2.0383 | Top1: 0.5808 | Top5: 0.7445
  Train Batch [450/1726] | Loss: 2.0435 | Top1: 0.5816 | Top5: 0.7433
  Train Batch [500/1726] | Loss: 2.0490 | Top1: 0.5789 | Top5: 0.7432
  Train Batch [550/1726] | Loss: 2.0428 | Top1: 0.5793 | Top5: 0.7439
  Train Batch [600/1726] | Loss: 2.0393 | Top1: 0.5816 | Top5: 0.7470
  Train Batch [650/1726] | Loss: 2.0209 | Top1: 0.5753 | Top5: 0.7387
  Train Batch [700/1726] | Loss: 2.0073 | Top1: 0.5804 | Top5: 0.7415
  Train Batch [750/1726] | Loss: 2.0147 | Top1: 0.5781 | Top5: 0.7405
  Train Batch [800/1726] | Loss: 2.0233 | Top1: 0.5761 | Top5: 0.7407
  Train Batch [850/1726] | Loss: 2.0317 | Top1: 0.5717 | Top5: 0.7375
  Train Batch [900/1726] | Loss: 2.0273 | Top1: 0.5736 | Top5: 0.7386
  Train Batch [950/1726] | Loss: 2.0266 | Top1: 0.5761 | Top5: 0.7400
  Train Batch [1000/1726] | Loss: 2.0237 | Top1: 0.5756 | Top5: 0.7398
  Train Batch [1050/1726] | Loss: 2.0217 | Top1: 0.5758 | Top5: 0.7382
  Train Batch [1100/1726] | Loss: 2.0227 | Top1: 0.5743 | Top5: 0.7372
  Train Batch [1150/1726] | Loss: 2.0309 | Top1: 0.5724 | Top5: 0.7368
  Train Batch [1200/1726] | Loss: 2.0312 | Top1: 0.5695 | Top5: 0.7338
  Train Batch [1250/1726] | Loss: 2.0287 | Top1: 0.5684 | Top5: 0.7327
  Train Batch [1300/1726] | Loss: 2.0302 | Top1: 0.5617 | Top5: 0.7262
  Train Batch [1350/1726] | Loss: 2.0342 | Top1: 0.5614 | Top5: 0.7266
  Train Batch [1400/1726] | Loss: 2.0358 | Top1: 0.5632 | Top5: 0.7277
  Train Batch [1450/1726] | Loss: 2.0347 | Top1: 0.5625 | Top5: 0.7271
  Train Batch [1500/1726] | Loss: 2.0286 | Top1: 0.5601 | Top5: 0.7240
  Train Batch [1550/1726] | Loss: 2.0264 | Top1: 0.5606 | Top5: 0.7233
  Train Batch [1600/1726] | Loss: 2.0275 | Top1: 0.5591 | Top5: 0.7220
  Train Batch [1650/1726] | Loss: 2.0272 | Top1: 0.5602 | Top5: 0.7226
  Train Batch [1700/1726] | Loss: 2.0217 | Top1: 0.5595 | Top5: 0.7211
  Train Batch [1726/1726] | Loss: 2.0202 | Top1: 0.5594 | Top5: 0.7204
  Train Epoch Time: 419.448s
  Val Batch [50/304] | Loss: 2.0408 | Top1: 0.7475 | Top5: 0.8956
  Val Batch [100/304] | Loss: 2.0522 | Top1: 0.7425 | Top5: 0.9003
  Val Batch [150/304] | Loss: 2.0302 | Top1: 0.7510 | Top5: 0.9010
  Val Batch [200/304] | Loss: 2.0351 | Top1: 0.7494 | Top5: 0.8997
  Val Batch [250/304] | Loss: 2.0517 | Top1: 0.7452 | Top5: 0.8978
  Val Batch [300/304] | Loss: 2.0471 | Top1: 0.7468 | Top5: 0.8983
  Val Batch [304/304] | Loss: 2.0476 | Top1: 0.7465 | Top5: 0.8984
  Val Epoch Time: 22.980s
Epoch [35/60] | Train Loss: 2.0202 | Train Top1: 0.5594 | Train Top5: 0.7204 | Val Loss: 2.0476 | Val Top1: 0.7465 | Val Top5: 0.8984 | LR: 2.35e-04 | Train Time: 419.448s | Val Time: 22.980s | Epoch Time: 442.427s

===== Epoch 36/60 (LR: 2.21e-04) =====
  Train Batch [50/1726] | Loss: 2.1397 | Top1: 0.6288 | Top5: 0.8037
  Train Batch [100/1726] | Loss: 2.0252 | Top1: 0.5656 | Top5: 0.7388
  Train Batch [150/1726] | Loss: 1.9751 | Top1: 0.5769 | Top5: 0.7338
  Train Batch [200/1726] | Loss: 1.9677 | Top1: 0.5666 | Top5: 0.7309
  Train Batch [250/1726] | Loss: 1.9866 | Top1: 0.5677 | Top5: 0.7319
  Train Batch [300/1726] | Loss: 1.9669 | Top1: 0.5566 | Top5: 0.7157
  Train Batch [350/1726] | Loss: 1.9708 | Top1: 0.5632 | Top5: 0.7220
  Train Batch [400/1726] | Loss: 1.9880 | Top1: 0.5604 | Top5: 0.7212
  Train Batch [450/1726] | Loss: 1.9762 | Top1: 0.5667 | Top5: 0.7240
  Train Batch [500/1726] | Loss: 1.9653 | Top1: 0.5623 | Top5: 0.7186
  Train Batch [550/1726] | Loss: 1.9528 | Top1: 0.5654 | Top5: 0.7201
  Train Batch [600/1726] | Loss: 1.9543 | Top1: 0.5668 | Top5: 0.7205
  Train Batch [650/1726] | Loss: 1.9570 | Top1: 0.5685 | Top5: 0.7226
  Train Batch [700/1726] | Loss: 1.9593 | Top1: 0.5648 | Top5: 0.7202
  Train Batch [750/1726] | Loss: 1.9522 | Top1: 0.5591 | Top5: 0.7142
  Train Batch [800/1726] | Loss: 1.9472 | Top1: 0.5563 | Top5: 0.7118
  Train Batch [850/1726] | Loss: 1.9420 | Top1: 0.5568 | Top5: 0.7122
  Train Batch [900/1726] | Loss: 1.9467 | Top1: 0.5554 | Top5: 0.7121
  Train Batch [950/1726] | Loss: 1.9425 | Top1: 0.5593 | Top5: 0.7145
  Train Batch [1000/1726] | Loss: 1.9415 | Top1: 0.5599 | Top5: 0.7155
  Train Batch [1050/1726] | Loss: 1.9416 | Top1: 0.5586 | Top5: 0.7132
  Train Batch [1100/1726] | Loss: 1.9428 | Top1: 0.5554 | Top5: 0.7113
  Train Batch [1150/1726] | Loss: 1.9414 | Top1: 0.5511 | Top5: 0.7065
  Train Batch [1200/1726] | Loss: 1.9496 | Top1: 0.5520 | Top5: 0.7087
  Train Batch [1250/1726] | Loss: 1.9568 | Top1: 0.5503 | Top5: 0.7088
  Train Batch [1300/1726] | Loss: 1.9542 | Top1: 0.5513 | Top5: 0.7106
  Train Batch [1350/1726] | Loss: 1.9524 | Top1: 0.5546 | Top5: 0.7134
  Train Batch [1400/1726] | Loss: 1.9505 | Top1: 0.5574 | Top5: 0.7157
  Train Batch [1450/1726] | Loss: 1.9494 | Top1: 0.5573 | Top5: 0.7151
  Train Batch [1500/1726] | Loss: 1.9475 | Top1: 0.5554 | Top5: 0.7124
  Train Batch [1550/1726] | Loss: 1.9488 | Top1: 0.5586 | Top5: 0.7160
  Train Batch [1600/1726] | Loss: 1.9500 | Top1: 0.5580 | Top5: 0.7155
  Train Batch [1650/1726] | Loss: 1.9526 | Top1: 0.5593 | Top5: 0.7173
  Train Batch [1700/1726] | Loss: 1.9547 | Top1: 0.5623 | Top5: 0.7202
  Train Batch [1726/1726] | Loss: 1.9536 | Top1: 0.5604 | Top5: 0.7184
  Train Epoch Time: 424.004s
  Val Batch [50/304] | Loss: 2.0183 | Top1: 0.7450 | Top5: 0.9062
  Val Batch [100/304] | Loss: 2.0089 | Top1: 0.7472 | Top5: 0.9056
  Val Batch [150/304] | Loss: 1.9990 | Top1: 0.7540 | Top5: 0.9031
  Val Batch [200/304] | Loss: 2.0136 | Top1: 0.7517 | Top5: 0.9020
  Val Batch [250/304] | Loss: 2.0224 | Top1: 0.7494 | Top5: 0.9021
  Val Batch [300/304] | Loss: 2.0137 | Top1: 0.7519 | Top5: 0.9024
  Val Batch [304/304] | Loss: 2.0140 | Top1: 0.7517 | Top5: 0.9023
  Val Epoch Time: 23.582s
Epoch [36/60] | Train Loss: 1.9536 | Train Top1: 0.5604 | Train Top5: 0.7184 | Val Loss: 2.0140 | Val Top1: 0.7517 | Val Top5: 0.9023 | LR: 2.21e-04 | Train Time: 424.004s | Val Time: 23.582s | Epoch Time: 447.586s
Saved best checkpoint to: C:\Users\ljh20\MCS\CS273P\Model_California_Birds\outputs\output_20260308_135130\checkpoints\convnext_base.fb_in22k_ft_in1k_best.pth

===== Epoch 37/60 (LR: 2.07e-04) =====
  Train Batch [50/1726] | Loss: 1.9258 | Top1: 0.5844 | Top5: 0.7538
  Train Batch [100/1726] | Loss: 2.0046 | Top1: 0.5934 | Top5: 0.7706
  Train Batch [150/1726] | Loss: 1.9614 | Top1: 0.5667 | Top5: 0.7404
  Train Batch [200/1726] | Loss: 1.9574 | Top1: 0.5725 | Top5: 0.7394
  Train Batch [250/1726] | Loss: 1.9535 | Top1: 0.5457 | Top5: 0.7135
  Train Batch [300/1726] | Loss: 1.9458 | Top1: 0.5460 | Top5: 0.7109
  Train Batch [350/1726] | Loss: 1.9312 | Top1: 0.5468 | Top5: 0.7063
  Train Batch [400/1726] | Loss: 1.9338 | Top1: 0.5478 | Top5: 0.7073
  Train Batch [450/1726] | Loss: 1.9518 | Top1: 0.5463 | Top5: 0.7065
  Train Batch [500/1726] | Loss: 1.9399 | Top1: 0.5513 | Top5: 0.7097
  Train Batch [550/1726] | Loss: 1.9443 | Top1: 0.5555 | Top5: 0.7142
  Train Batch [600/1726] | Loss: 1.9301 | Top1: 0.5554 | Top5: 0.7101
  Train Batch [650/1726] | Loss: 1.9276 | Top1: 0.5671 | Top5: 0.7195
  Train Batch [700/1726] | Loss: 1.9370 | Top1: 0.5692 | Top5: 0.7241
  Train Batch [750/1726] | Loss: 1.9476 | Top1: 0.5633 | Top5: 0.7202
  Train Batch [800/1726] | Loss: 1.9521 | Top1: 0.5672 | Top5: 0.7251
  Train Batch [850/1726] | Loss: 1.9425 | Top1: 0.5682 | Top5: 0.7250
  Train Batch [900/1726] | Loss: 1.9412 | Top1: 0.5685 | Top5: 0.7260
  Train Batch [950/1726] | Loss: 1.9332 | Top1: 0.5717 | Top5: 0.7263
  Train Batch [1000/1726] | Loss: 1.9324 | Top1: 0.5695 | Top5: 0.7250
  Train Batch [1050/1726] | Loss: 1.9358 | Top1: 0.5718 | Top5: 0.7264
  Train Batch [1100/1726] | Loss: 1.9369 | Top1: 0.5702 | Top5: 0.7262
  Train Batch [1150/1726] | Loss: 1.9415 | Top1: 0.5708 | Top5: 0.7280
  Train Batch [1200/1726] | Loss: 1.9451 | Top1: 0.5722 | Top5: 0.7291
  Train Batch [1250/1726] | Loss: 1.9431 | Top1: 0.5756 | Top5: 0.7319
  Train Batch [1300/1726] | Loss: 1.9445 | Top1: 0.5751 | Top5: 0.7321
  Train Batch [1350/1726] | Loss: 1.9450 | Top1: 0.5772 | Top5: 0.7331
  Train Batch [1400/1726] | Loss: 1.9502 | Top1: 0.5765 | Top5: 0.7332
  Train Batch [1450/1726] | Loss: 1.9461 | Top1: 0.5771 | Top5: 0.7328
  Train Batch [1500/1726] | Loss: 1.9493 | Top1: 0.5737 | Top5: 0.7300
  Train Batch [1550/1726] | Loss: 1.9554 | Top1: 0.5726 | Top5: 0.7297
  Train Batch [1600/1726] | Loss: 1.9532 | Top1: 0.5713 | Top5: 0.7283
  Train Batch [1650/1726] | Loss: 1.9528 | Top1: 0.5736 | Top5: 0.7303
  Train Batch [1700/1726] | Loss: 1.9520 | Top1: 0.5704 | Top5: 0.7283
  Train Batch [1726/1726] | Loss: 1.9507 | Top1: 0.5698 | Top5: 0.7276
  Train Epoch Time: 421.727s
  Val Batch [50/304] | Loss: 2.0175 | Top1: 0.7544 | Top5: 0.8975
  Val Batch [100/304] | Loss: 2.0123 | Top1: 0.7481 | Top5: 0.9031
  Val Batch [150/304] | Loss: 1.9890 | Top1: 0.7588 | Top5: 0.9042
  Val Batch [200/304] | Loss: 2.0010 | Top1: 0.7567 | Top5: 0.9033
  Val Batch [250/304] | Loss: 2.0150 | Top1: 0.7510 | Top5: 0.9024
  Val Batch [300/304] | Loss: 2.0095 | Top1: 0.7541 | Top5: 0.9023
  Val Batch [304/304] | Loss: 2.0099 | Top1: 0.7540 | Top5: 0.9019
  Val Epoch Time: 23.203s
Epoch [37/60] | Train Loss: 1.9507 | Train Top1: 0.5698 | Train Top5: 0.7276 | Val Loss: 2.0099 | Val Top1: 0.7540 | Val Top5: 0.9019 | LR: 2.07e-04 | Train Time: 421.727s | Val Time: 23.203s | Epoch Time: 444.930s
Saved best checkpoint to: C:\Users\ljh20\MCS\CS273P\Model_California_Birds\outputs\output_20260308_135130\checkpoints\convnext_base.fb_in22k_ft_in1k_best.pth

===== Epoch 38/60 (LR: 1.92e-04) =====
  Train Batch [50/1726] | Loss: 2.0486 | Top1: 0.4100 | Top5: 0.6531
  Train Batch [100/1726] | Loss: 1.9808 | Top1: 0.4884 | Top5: 0.6828
  Train Batch [150/1726] | Loss: 1.9648 | Top1: 0.5502 | Top5: 0.7427
  Train Batch [200/1726] | Loss: 1.9827 | Top1: 0.5528 | Top5: 0.7477
  Train Batch [250/1726] | Loss: 1.9840 | Top1: 0.5485 | Top5: 0.7418
  Train Batch [300/1726] | Loss: 1.9638 | Top1: 0.5647 | Top5: 0.7491
  Train Batch [350/1726] | Loss: 1.9710 | Top1: 0.5642 | Top5: 0.7474
  Train Batch [400/1726] | Loss: 1.9926 | Top1: 0.5534 | Top5: 0.7393
  Train Batch [450/1726] | Loss: 1.9976 | Top1: 0.5543 | Top5: 0.7404
  Train Batch [500/1726] | Loss: 1.9912 | Top1: 0.5542 | Top5: 0.7386
  Train Batch [550/1726] | Loss: 1.9833 | Top1: 0.5673 | Top5: 0.7451
  Train Batch [600/1726] | Loss: 1.9670 | Top1: 0.5654 | Top5: 0.7389
  Train Batch [650/1726] | Loss: 1.9571 | Top1: 0.5733 | Top5: 0.7457
  Train Batch [700/1726] | Loss: 1.9549 | Top1: 0.5741 | Top5: 0.7472
  Train Batch [750/1726] | Loss: 1.9556 | Top1: 0.5775 | Top5: 0.7497
  Train Batch [800/1726] | Loss: 1.9541 | Top1: 0.5725 | Top5: 0.7437
  Train Batch [850/1726] | Loss: 1.9514 | Top1: 0.5772 | Top5: 0.7468
  Train Batch [900/1726] | Loss: 1.9522 | Top1: 0.5751 | Top5: 0.7447
  Train Batch [950/1726] | Loss: 1.9498 | Top1: 0.5723 | Top5: 0.7413
  Train Batch [1000/1726] | Loss: 1.9549 | Top1: 0.5711 | Top5: 0.7412
  Train Batch [1050/1726] | Loss: 1.9599 | Top1: 0.5717 | Top5: 0.7427
  Train Batch [1100/1726] | Loss: 1.9601 | Top1: 0.5762 | Top5: 0.7463
  Train Batch [1150/1726] | Loss: 1.9643 | Top1: 0.5764 | Top5: 0.7477
  Train Batch [1200/1726] | Loss: 1.9657 | Top1: 0.5735 | Top5: 0.7462
  Train Batch [1250/1726] | Loss: 1.9669 | Top1: 0.5727 | Top5: 0.7460
  Train Batch [1300/1726] | Loss: 1.9687 | Top1: 0.5771 | Top5: 0.7494
  Train Batch [1350/1726] | Loss: 1.9712 | Top1: 0.5744 | Top5: 0.7472
  Train Batch [1400/1726] | Loss: 1.9730 | Top1: 0.5731 | Top5: 0.7459
  Train Batch [1450/1726] | Loss: 1.9727 | Top1: 0.5751 | Top5: 0.7473
  Train Batch [1500/1726] | Loss: 1.9693 | Top1: 0.5794 | Top5: 0.7500
  Train Batch [1550/1726] | Loss: 1.9677 | Top1: 0.5790 | Top5: 0.7484
  Train Batch [1600/1726] | Loss: 1.9668 | Top1: 0.5799 | Top5: 0.7489
  Train Batch [1650/1726] | Loss: 1.9628 | Top1: 0.5799 | Top5: 0.7476
  Train Batch [1700/1726] | Loss: 1.9621 | Top1: 0.5810 | Top5: 0.7481
  Train Batch [1726/1726] | Loss: 1.9586 | Top1: 0.5813 | Top5: 0.7478
  Train Epoch Time: 420.605s
  Val Batch [50/304] | Loss: 1.9919 | Top1: 0.7544 | Top5: 0.9000
  Val Batch [100/304] | Loss: 2.0040 | Top1: 0.7497 | Top5: 0.9053
  Val Batch [150/304] | Loss: 1.9858 | Top1: 0.7567 | Top5: 0.9081
  Val Batch [200/304] | Loss: 1.9967 | Top1: 0.7566 | Top5: 0.9067
  Val Batch [250/304] | Loss: 2.0073 | Top1: 0.7528 | Top5: 0.9044
  Val Batch [300/304] | Loss: 2.0029 | Top1: 0.7557 | Top5: 0.9056
  Val Batch [304/304] | Loss: 2.0018 | Top1: 0.7557 | Top5: 0.9057
  Val Epoch Time: 23.190s
Epoch [38/60] | Train Loss: 1.9586 | Train Top1: 0.5813 | Train Top5: 0.7478 | Val Loss: 2.0018 | Val Top1: 0.7557 | Val Top5: 0.9057 | LR: 1.92e-04 | Train Time: 420.605s | Val Time: 23.190s | Epoch Time: 443.795s
Saved best checkpoint to: C:\Users\ljh20\MCS\CS273P\Model_California_Birds\outputs\output_20260308_135130\checkpoints\convnext_base.fb_in22k_ft_in1k_best.pth

===== Epoch 39/60 (LR: 1.78e-04) =====
  Train Batch [50/1726] | Loss: 1.9385 | Top1: 0.6225 | Top5: 0.7937
  Train Batch [100/1726] | Loss: 1.8681 | Top1: 0.5647 | Top5: 0.7350
  Train Batch [150/1726] | Loss: 1.9071 | Top1: 0.5708 | Top5: 0.7398
  Train Batch [200/1726] | Loss: 1.9215 | Top1: 0.5677 | Top5: 0.7459
  Train Batch [250/1726] | Loss: 1.9180 | Top1: 0.5681 | Top5: 0.7426
  Train Batch [300/1726] | Loss: 1.9179 | Top1: 0.5747 | Top5: 0.7517
  Train Batch [350/1726] | Loss: 1.9129 | Top1: 0.5885 | Top5: 0.7597
  Train Batch [400/1726] | Loss: 1.9160 | Top1: 0.5930 | Top5: 0.7629
  Train Batch [450/1726] | Loss: 1.9204 | Top1: 0.5917 | Top5: 0.7592
  Train Batch [500/1726] | Loss: 1.9173 | Top1: 0.5895 | Top5: 0.7564
  Train Batch [550/1726] | Loss: 1.9142 | Top1: 0.5901 | Top5: 0.7557
  Train Batch [600/1726] | Loss: 1.9130 | Top1: 0.5945 | Top5: 0.7581
  Train Batch [650/1726] | Loss: 1.9129 | Top1: 0.5974 | Top5: 0.7597
  Train Batch [700/1726] | Loss: 1.9058 | Top1: 0.5931 | Top5: 0.7548
  Train Batch [750/1726] | Loss: 1.9128 | Top1: 0.5923 | Top5: 0.7560
  Train Batch [800/1726] | Loss: 1.9161 | Top1: 0.5874 | Top5: 0.7516
  Train Batch [850/1726] | Loss: 1.9222 | Top1: 0.5882 | Top5: 0.7536
  Train Batch [900/1726] | Loss: 1.9199 | Top1: 0.5883 | Top5: 0.7541
  Train Batch [950/1726] | Loss: 1.9189 | Top1: 0.5908 | Top5: 0.7548
  Train Batch [1000/1726] | Loss: 1.9236 | Top1: 0.5906 | Top5: 0.7542
  Train Batch [1050/1726] | Loss: 1.9200 | Top1: 0.5902 | Top5: 0.7525
  Train Batch [1100/1726] | Loss: 1.9117 | Top1: 0.5908 | Top5: 0.7503
  Train Batch [1150/1726] | Loss: 1.9106 | Top1: 0.5865 | Top5: 0.7469
  Train Batch [1200/1726] | Loss: 1.9144 | Top1: 0.5880 | Top5: 0.7488
  Train Batch [1250/1726] | Loss: 1.9151 | Top1: 0.5872 | Top5: 0.7483
  Train Batch [1300/1726] | Loss: 1.9114 | Top1: 0.5878 | Top5: 0.7484
  Train Batch [1350/1726] | Loss: 1.9088 | Top1: 0.5886 | Top5: 0.7488
  Train Batch [1400/1726] | Loss: 1.9079 | Top1: 0.5879 | Top5: 0.7467
  Train Batch [1450/1726] | Loss: 1.9113 | Top1: 0.5900 | Top5: 0.7492
  Train Batch [1500/1726] | Loss: 1.9095 | Top1: 0.5888 | Top5: 0.7479
  Train Batch [1550/1726] | Loss: 1.9119 | Top1: 0.5893 | Top5: 0.7486
  Train Batch [1600/1726] | Loss: 1.9135 | Top1: 0.5887 | Top5: 0.7486
  Train Batch [1650/1726] | Loss: 1.9134 | Top1: 0.5890 | Top5: 0.7495
  Train Batch [1700/1726] | Loss: 1.9109 | Top1: 0.5893 | Top5: 0.7492
  Train Batch [1726/1726] | Loss: 1.9136 | Top1: 0.5863 | Top5: 0.7470
  Train Epoch Time: 420.324s
  Val Batch [50/304] | Loss: 2.0093 | Top1: 0.7512 | Top5: 0.8988
  Val Batch [100/304] | Loss: 2.0203 | Top1: 0.7475 | Top5: 0.9019
  Val Batch [150/304] | Loss: 2.0059 | Top1: 0.7550 | Top5: 0.9010
  Val Batch [200/304] | Loss: 2.0143 | Top1: 0.7548 | Top5: 0.9003
  Val Batch [250/304] | Loss: 2.0343 | Top1: 0.7509 | Top5: 0.8995
  Val Batch [300/304] | Loss: 2.0314 | Top1: 0.7512 | Top5: 0.9008
  Val Batch [304/304] | Loss: 2.0317 | Top1: 0.7512 | Top5: 0.9003
  Val Epoch Time: 23.215s
Epoch [39/60] | Train Loss: 1.9136 | Train Top1: 0.5863 | Train Top5: 0.7470 | Val Loss: 2.0317 | Val Top1: 0.7512 | Val Top5: 0.9003 | LR: 1.78e-04 | Train Time: 420.324s | Val Time: 23.215s | Epoch Time: 443.539s

===== Epoch 40/60 (LR: 1.64e-04) =====
  Train Batch [50/1726] | Loss: 2.0389 | Top1: 0.6456 | Top5: 0.8369
  Train Batch [100/1726] | Loss: 2.0188 | Top1: 0.6506 | Top5: 0.8381
  Train Batch [150/1726] | Loss: 1.9652 | Top1: 0.6329 | Top5: 0.8071
  Train Batch [200/1726] | Loss: 1.9319 | Top1: 0.6127 | Top5: 0.7856
  Train Batch [250/1726] | Loss: 1.9205 | Top1: 0.6076 | Top5: 0.7854
  Train Batch [300/1726] | Loss: 1.9099 | Top1: 0.6128 | Top5: 0.7859
  Train Batch [350/1726] | Loss: 1.9002 | Top1: 0.6185 | Top5: 0.7846
  Train Batch [400/1726] | Loss: 1.8866 | Top1: 0.6059 | Top5: 0.7694
  Train Batch [450/1726] | Loss: 1.8831 | Top1: 0.5987 | Top5: 0.7617
  Train Batch [500/1726] | Loss: 1.8824 | Top1: 0.5917 | Top5: 0.7527
  Train Batch [550/1726] | Loss: 1.8855 | Top1: 0.5957 | Top5: 0.7557
  Train Batch [600/1726] | Loss: 1.8967 | Top1: 0.5928 | Top5: 0.7562
  Train Batch [650/1726] | Loss: 1.9049 | Top1: 0.5933 | Top5: 0.7587
  Train Batch [700/1726] | Loss: 1.9055 | Top1: 0.5882 | Top5: 0.7551
  Train Batch [750/1726] | Loss: 1.9049 | Top1: 0.5940 | Top5: 0.7602
  Train Batch [800/1726] | Loss: 1.9081 | Top1: 0.5922 | Top5: 0.7600
  Train Batch [850/1726] | Loss: 1.8951 | Top1: 0.5932 | Top5: 0.7581
  Train Batch [900/1726] | Loss: 1.8987 | Top1: 0.5892 | Top5: 0.7557
  Train Batch [950/1726] | Loss: 1.8958 | Top1: 0.5876 | Top5: 0.7547
  Train Batch [1000/1726] | Loss: 1.9017 | Top1: 0.5898 | Top5: 0.7579
  Train Batch [1050/1726] | Loss: 1.8989 | Top1: 0.5874 | Top5: 0.7542
  Train Batch [1100/1726] | Loss: 1.8940 | Top1: 0.5902 | Top5: 0.7557
  Train Batch [1150/1726] | Loss: 1.8979 | Top1: 0.5907 | Top5: 0.7571
  Train Batch [1200/1726] | Loss: 1.9003 | Top1: 0.5910 | Top5: 0.7574
  Train Batch [1250/1726] | Loss: 1.8997 | Top1: 0.5918 | Top5: 0.7575
  Train Batch [1300/1726] | Loss: 1.9058 | Top1: 0.5912 | Top5: 0.7578
  Train Batch [1350/1726] | Loss: 1.9074 | Top1: 0.5899 | Top5: 0.7569
  Train Batch [1400/1726] | Loss: 1.9031 | Top1: 0.5917 | Top5: 0.7573
  Train Batch [1450/1726] | Loss: 1.9080 | Top1: 0.5902 | Top5: 0.7565
  Train Batch [1500/1726] | Loss: 1.9114 | Top1: 0.5902 | Top5: 0.7573
  Train Batch [1550/1726] | Loss: 1.9135 | Top1: 0.5909 | Top5: 0.7581
  Train Batch [1600/1726] | Loss: 1.9144 | Top1: 0.5910 | Top5: 0.7585
  Train Batch [1650/1726] | Loss: 1.9139 | Top1: 0.5926 | Top5: 0.7590
  Train Batch [1700/1726] | Loss: 1.9096 | Top1: 0.5919 | Top5: 0.7576
  Train Batch [1726/1726] | Loss: 1.9093 | Top1: 0.5910 | Top5: 0.7567
  Train Epoch Time: 420.603s
  Val Batch [50/304] | Loss: 2.0044 | Top1: 0.7525 | Top5: 0.9025
  Val Batch [100/304] | Loss: 2.0268 | Top1: 0.7503 | Top5: 0.9012
  Val Batch [150/304] | Loss: 2.0161 | Top1: 0.7596 | Top5: 0.9010
  Val Batch [200/304] | Loss: 2.0228 | Top1: 0.7583 | Top5: 0.9000
  Val Batch [250/304] | Loss: 2.0355 | Top1: 0.7542 | Top5: 0.9001
  Val Batch [300/304] | Loss: 2.0250 | Top1: 0.7564 | Top5: 0.9011
  Val Batch [304/304] | Loss: 2.0245 | Top1: 0.7562 | Top5: 0.9013
  Val Epoch Time: 23.180s
Epoch [40/60] | Train Loss: 1.9093 | Train Top1: 0.5910 | Train Top5: 0.7567 | Val Loss: 2.0245 | Val Top1: 0.7562 | Val Top5: 0.9013 | LR: 1.64e-04 | Train Time: 420.603s | Val Time: 23.180s | Epoch Time: 443.783s
Saved best checkpoint to: C:\Users\ljh20\MCS\CS273P\Model_California_Birds\outputs\output_20260308_135130\checkpoints\convnext_base.fb_in22k_ft_in1k_best.pth

===== Epoch 41/60 (LR: 1.51e-04) =====
  Train Batch [50/1726] | Loss: 1.8368 | Top1: 0.6181 | Top5: 0.7519
  Train Batch [100/1726] | Loss: 1.9182 | Top1: 0.5478 | Top5: 0.7191
  Train Batch [150/1726] | Loss: 1.9201 | Top1: 0.5444 | Top5: 0.7273
  Train Batch [200/1726] | Loss: 1.9462 | Top1: 0.5817 | Top5: 0.7634
  Train Batch [250/1726] | Loss: 1.9286 | Top1: 0.5940 | Top5: 0.7678
  Train Batch [300/1726] | Loss: 1.9172 | Top1: 0.5983 | Top5: 0.7668
  Train Batch [350/1726] | Loss: 1.8987 | Top1: 0.6127 | Top5: 0.7731
  Train Batch [400/1726] | Loss: 1.9150 | Top1: 0.6007 | Top5: 0.7663
  Train Batch [450/1726] | Loss: 1.8852 | Top1: 0.5950 | Top5: 0.7540
  Train Batch [500/1726] | Loss: 1.8870 | Top1: 0.6008 | Top5: 0.7606
  Train Batch [550/1726] | Loss: 1.8776 | Top1: 0.6053 | Top5: 0.7645
  Train Batch [600/1726] | Loss: 1.8744 | Top1: 0.5946 | Top5: 0.7560
  Train Batch [650/1726] | Loss: 1.8638 | Top1: 0.5848 | Top5: 0.7450
  Train Batch [700/1726] | Loss: 1.8573 | Top1: 0.5882 | Top5: 0.7476
  Train Batch [750/1726] | Loss: 1.8483 | Top1: 0.5870 | Top5: 0.7435
  Train Batch [800/1726] | Loss: 1.8580 | Top1: 0.5870 | Top5: 0.7456
  Train Batch [850/1726] | Loss: 1.8572 | Top1: 0.5883 | Top5: 0.7468
  Train Batch [900/1726] | Loss: 1.8680 | Top1: 0.5901 | Top5: 0.7515
  Train Batch [950/1726] | Loss: 1.8755 | Top1: 0.5904 | Top5: 0.7531
  Train Batch [1000/1726] | Loss: 1.8684 | Top1: 0.5951 | Top5: 0.7561
  Train Batch [1050/1726] | Loss: 1.8675 | Top1: 0.5944 | Top5: 0.7547
  Train Batch [1100/1726] | Loss: 1.8635 | Top1: 0.5919 | Top5: 0.7522
  Train Batch [1150/1726] | Loss: 1.8619 | Top1: 0.5930 | Top5: 0.7528
  Train Batch [1200/1726] | Loss: 1.8687 | Top1: 0.5921 | Top5: 0.7545
  Train Batch [1250/1726] | Loss: 1.8722 | Top1: 0.5908 | Top5: 0.7547
  Train Batch [1300/1726] | Loss: 1.8773 | Top1: 0.5892 | Top5: 0.7544
  Train Batch [1350/1726] | Loss: 1.8802 | Top1: 0.5860 | Top5: 0.7515
  Train Batch [1400/1726] | Loss: 1.8810 | Top1: 0.5843 | Top5: 0.7497
  Train Batch [1450/1726] | Loss: 1.8871 | Top1: 0.5805 | Top5: 0.7473
  Train Batch [1500/1726] | Loss: 1.8907 | Top1: 0.5803 | Top5: 0.7482
  Train Batch [1550/1726] | Loss: 1.8935 | Top1: 0.5783 | Top5: 0.7476
  Train Batch [1600/1726] | Loss: 1.8891 | Top1: 0.5781 | Top5: 0.7468
  Train Batch [1650/1726] | Loss: 1.8884 | Top1: 0.5785 | Top5: 0.7468
  Train Batch [1700/1726] | Loss: 1.8909 | Top1: 0.5782 | Top5: 0.7478
  Train Batch [1726/1726] | Loss: 1.8920 | Top1: 0.5792 | Top5: 0.7484
  Train Epoch Time: 420.354s
  Val Batch [50/304] | Loss: 1.9870 | Top1: 0.7644 | Top5: 0.8988
  Val Batch [100/304] | Loss: 1.9996 | Top1: 0.7553 | Top5: 0.9028
  Val Batch [150/304] | Loss: 1.9873 | Top1: 0.7612 | Top5: 0.9040
  Val Batch [200/304] | Loss: 1.9969 | Top1: 0.7608 | Top5: 0.9036
  Val Batch [250/304] | Loss: 2.0044 | Top1: 0.7595 | Top5: 0.9032
  Val Batch [300/304] | Loss: 1.9954 | Top1: 0.7615 | Top5: 0.9053
  Val Batch [304/304] | Loss: 1.9947 | Top1: 0.7615 | Top5: 0.9053
  Val Epoch Time: 23.191s
Epoch [41/60] | Train Loss: 1.8920 | Train Top1: 0.5792 | Train Top5: 0.7484 | Val Loss: 1.9947 | Val Top1: 0.7615 | Val Top5: 0.9053 | LR: 1.51e-04 | Train Time: 420.354s | Val Time: 23.191s | Epoch Time: 443.545s
Saved best checkpoint to: C:\Users\ljh20\MCS\CS273P\Model_California_Birds\outputs\output_20260308_135130\checkpoints\convnext_base.fb_in22k_ft_in1k_best.pth

===== Epoch 42/60 (LR: 1.38e-04) =====
  Train Batch [50/1726] | Loss: 1.9036 | Top1: 0.6369 | Top5: 0.7981
  Train Batch [100/1726] | Loss: 1.9021 | Top1: 0.5713 | Top5: 0.7597
  Train Batch [150/1726] | Loss: 1.8562 | Top1: 0.5471 | Top5: 0.7275
  Train Batch [200/1726] | Loss: 1.8601 | Top1: 0.5708 | Top5: 0.7455
  Train Batch [250/1726] | Loss: 1.8343 | Top1: 0.5766 | Top5: 0.7438
  Train Batch [300/1726] | Loss: 1.8236 | Top1: 0.5666 | Top5: 0.7295
  Train Batch [350/1726] | Loss: 1.8183 | Top1: 0.5704 | Top5: 0.7329
  Train Batch [400/1726] | Loss: 1.8130 | Top1: 0.5570 | Top5: 0.7219
  Train Batch [450/1726] | Loss: 1.8137 | Top1: 0.5653 | Top5: 0.7288
  Train Batch [500/1726] | Loss: 1.8234 | Top1: 0.5703 | Top5: 0.7353
  Train Batch [550/1726] | Loss: 1.8345 | Top1: 0.5687 | Top5: 0.7367
  Train Batch [600/1726] | Loss: 1.8417 | Top1: 0.5716 | Top5: 0.7404
  Train Batch [650/1726] | Loss: 1.8386 | Top1: 0.5784 | Top5: 0.7457
  Train Batch [700/1726] | Loss: 1.8422 | Top1: 0.5772 | Top5: 0.7458
  Train Batch [750/1726] | Loss: 1.8428 | Top1: 0.5768 | Top5: 0.7452
  Train Batch [800/1726] | Loss: 1.8393 | Top1: 0.5802 | Top5: 0.7475
  Train Batch [850/1726] | Loss: 1.8364 | Top1: 0.5806 | Top5: 0.7458
  Train Batch [900/1726] | Loss: 1.8389 | Top1: 0.5799 | Top5: 0.7459
  Train Batch [950/1726] | Loss: 1.8324 | Top1: 0.5823 | Top5: 0.7459
  Train Batch [1000/1726] | Loss: 1.8282 | Top1: 0.5823 | Top5: 0.7442
  Train Batch [1050/1726] | Loss: 1.8278 | Top1: 0.5805 | Top5: 0.7436
  Train Batch [1100/1726] | Loss: 1.8349 | Top1: 0.5795 | Top5: 0.7447
  Train Batch [1150/1726] | Loss: 1.8348 | Top1: 0.5788 | Top5: 0.7443
  Train Batch [1200/1726] | Loss: 1.8342 | Top1: 0.5782 | Top5: 0.7438
  Train Batch [1250/1726] | Loss: 1.8340 | Top1: 0.5769 | Top5: 0.7423
  Train Batch [1300/1726] | Loss: 1.8397 | Top1: 0.5793 | Top5: 0.7462
  Train Batch [1350/1726] | Loss: 1.8387 | Top1: 0.5789 | Top5: 0.7464
  Train Batch [1400/1726] | Loss: 1.8346 | Top1: 0.5770 | Top5: 0.7438
  Train Batch [1450/1726] | Loss: 1.8370 | Top1: 0.5750 | Top5: 0.7423
  Train Batch [1500/1726] | Loss: 1.8399 | Top1: 0.5787 | Top5: 0.7454
  Train Batch [1550/1726] | Loss: 1.8411 | Top1: 0.5826 | Top5: 0.7486
  Train Batch [1600/1726] | Loss: 1.8473 | Top1: 0.5836 | Top5: 0.7505
  Train Batch [1650/1726] | Loss: 1.8501 | Top1: 0.5813 | Top5: 0.7499
  Train Batch [1700/1726] | Loss: 1.8514 | Top1: 0.5764 | Top5: 0.7469
  Train Batch [1726/1726] | Loss: 1.8504 | Top1: 0.5750 | Top5: 0.7453
  Train Epoch Time: 420.496s
  Val Batch [50/304] | Loss: 2.0005 | Top1: 0.7525 | Top5: 0.9044
  Val Batch [100/304] | Loss: 1.9992 | Top1: 0.7556 | Top5: 0.9075
  Val Batch [150/304] | Loss: 1.9838 | Top1: 0.7648 | Top5: 0.9056
  Val Batch [200/304] | Loss: 1.9852 | Top1: 0.7653 | Top5: 0.9059
  Val Batch [250/304] | Loss: 2.0009 | Top1: 0.7609 | Top5: 0.9044
  Val Batch [300/304] | Loss: 1.9903 | Top1: 0.7639 | Top5: 0.9064
  Val Batch [304/304] | Loss: 1.9898 | Top1: 0.7636 | Top5: 0.9063
  Val Epoch Time: 23.183s
Epoch [42/60] | Train Loss: 1.8504 | Train Top1: 0.5750 | Train Top5: 0.7453 | Val Loss: 1.9898 | Val Top1: 0.7636 | Val Top5: 0.9063 | LR: 1.38e-04 | Train Time: 420.496s | Val Time: 23.183s | Epoch Time: 443.679s
Saved best checkpoint to: C:\Users\ljh20\MCS\CS273P\Model_California_Birds\outputs\output_20260308_135130\checkpoints\convnext_base.fb_in22k_ft_in1k_best.pth

===== Epoch 43/60 (LR: 1.25e-04) =====
  Train Batch [50/1726] | Loss: 1.8176 | Top1: 0.5644 | Top5: 0.7262
  Train Batch [100/1726] | Loss: 1.7727 | Top1: 0.5622 | Top5: 0.7203
  Train Batch [150/1726] | Loss: 1.8293 | Top1: 0.5283 | Top5: 0.7081
  Train Batch [200/1726] | Loss: 1.8148 | Top1: 0.5519 | Top5: 0.7245
  Train Batch [250/1726] | Loss: 1.8163 | Top1: 0.5439 | Top5: 0.7235
  Train Batch [300/1726] | Loss: 1.8154 | Top1: 0.5444 | Top5: 0.7241
  Train Batch [350/1726] | Loss: 1.8195 | Top1: 0.5569 | Top5: 0.7334
  Train Batch [400/1726] | Loss: 1.8169 | Top1: 0.5627 | Top5: 0.7352
  Train Batch [450/1726] | Loss: 1.8181 | Top1: 0.5671 | Top5: 0.7396
  Train Batch [500/1726] | Loss: 1.8118 | Top1: 0.5661 | Top5: 0.7378
  Train Batch [550/1726] | Loss: 1.8178 | Top1: 0.5690 | Top5: 0.7389
  Train Batch [600/1726] | Loss: 1.8179 | Top1: 0.5695 | Top5: 0.7388
  Train Batch [650/1726] | Loss: 1.8084 | Top1: 0.5703 | Top5: 0.7358
  Train Batch [700/1726] | Loss: 1.8085 | Top1: 0.5640 | Top5: 0.7303
  Train Batch [750/1726] | Loss: 1.8165 | Top1: 0.5657 | Top5: 0.7324
  Train Batch [800/1726] | Loss: 1.8199 | Top1: 0.5681 | Top5: 0.7365
  Train Batch [850/1726] | Loss: 1.8227 | Top1: 0.5706 | Top5: 0.7374
  Train Batch [900/1726] | Loss: 1.8261 | Top1: 0.5693 | Top5: 0.7364
  Train Batch [950/1726] | Loss: 1.8304 | Top1: 0.5689 | Top5: 0.7364
  Train Batch [1000/1726] | Loss: 1.8303 | Top1: 0.5706 | Top5: 0.7368
  Train Batch [1050/1726] | Loss: 1.8326 | Top1: 0.5791 | Top5: 0.7432
  Train Batch [1100/1726] | Loss: 1.8313 | Top1: 0.5773 | Top5: 0.7420
  Train Batch [1150/1726] | Loss: 1.8326 | Top1: 0.5787 | Top5: 0.7448
  Train Batch [1200/1726] | Loss: 1.8346 | Top1: 0.5813 | Top5: 0.7472
  Train Batch [1250/1726] | Loss: 1.8353 | Top1: 0.5799 | Top5: 0.7469
  Train Batch [1300/1726] | Loss: 1.8338 | Top1: 0.5777 | Top5: 0.7438
  Train Batch [1350/1726] | Loss: 1.8365 | Top1: 0.5787 | Top5: 0.7462
  Train Batch [1400/1726] | Loss: 1.8394 | Top1: 0.5796 | Top5: 0.7473
  Train Batch [1450/1726] | Loss: 1.8380 | Top1: 0.5789 | Top5: 0.7465
  Train Batch [1500/1726] | Loss: 1.8421 | Top1: 0.5767 | Top5: 0.7455
  Train Batch [1550/1726] | Loss: 1.8401 | Top1: 0.5782 | Top5: 0.7467
  Train Batch [1600/1726] | Loss: 1.8408 | Top1: 0.5782 | Top5: 0.7469
  Train Batch [1650/1726] | Loss: 1.8349 | Top1: 0.5772 | Top5: 0.7448
  Train Batch [1700/1726] | Loss: 1.8357 | Top1: 0.5738 | Top5: 0.7419
  Train Batch [1726/1726] | Loss: 1.8381 | Top1: 0.5741 | Top5: 0.7428
  Train Epoch Time: 420.689s
  Val Batch [50/304] | Loss: 1.9571 | Top1: 0.7638 | Top5: 0.9069
  Val Batch [100/304] | Loss: 1.9778 | Top1: 0.7609 | Top5: 0.9069
  Val Batch [150/304] | Loss: 1.9695 | Top1: 0.7675 | Top5: 0.9060
  Val Batch [200/304] | Loss: 1.9813 | Top1: 0.7652 | Top5: 0.9050
  Val Batch [250/304] | Loss: 1.9907 | Top1: 0.7625 | Top5: 0.9048
  Val Batch [300/304] | Loss: 1.9827 | Top1: 0.7643 | Top5: 0.9059
  Val Batch [304/304] | Loss: 1.9829 | Top1: 0.7641 | Top5: 0.9060
  Val Epoch Time: 23.215s
Epoch [43/60] | Train Loss: 1.8381 | Train Top1: 0.5741 | Train Top5: 0.7428 | Val Loss: 1.9829 | Val Top1: 0.7641 | Val Top5: 0.9060 | LR: 1.25e-04 | Train Time: 420.689s | Val Time: 23.215s | Epoch Time: 443.904s
Saved best checkpoint to: C:\Users\ljh20\MCS\CS273P\Model_California_Birds\outputs\output_20260308_135130\checkpoints\convnext_base.fb_in22k_ft_in1k_best.pth

===== Epoch 44/60 (LR: 1.13e-04) =====
  Train Batch [50/1726] | Loss: 1.7396 | Top1: 0.5475 | Top5: 0.7156
  Train Batch [100/1726] | Loss: 1.7616 | Top1: 0.5441 | Top5: 0.7269
  Train Batch [150/1726] | Loss: 1.7292 | Top1: 0.5506 | Top5: 0.7215
  Train Batch [200/1726] | Loss: 1.7123 | Top1: 0.5848 | Top5: 0.7461
  Train Batch [250/1726] | Loss: 1.7369 | Top1: 0.5774 | Top5: 0.7436
  Train Batch [300/1726] | Loss: 1.7309 | Top1: 0.5874 | Top5: 0.7472
  Train Batch [350/1726] | Loss: 1.7393 | Top1: 0.5955 | Top5: 0.7531
  Train Batch [400/1726] | Loss: 1.7474 | Top1: 0.5859 | Top5: 0.7477
  Train Batch [450/1726] | Loss: 1.7481 | Top1: 0.5874 | Top5: 0.7465
  Train Batch [500/1726] | Loss: 1.7567 | Top1: 0.5894 | Top5: 0.7468
  Train Batch [550/1726] | Loss: 1.7627 | Top1: 0.5860 | Top5: 0.7456
  Train Batch [600/1726] | Loss: 1.7744 | Top1: 0.5878 | Top5: 0.7514
  Train Batch [650/1726] | Loss: 1.7880 | Top1: 0.5860 | Top5: 0.7553
  Train Batch [700/1726] | Loss: 1.7726 | Top1: 0.5812 | Top5: 0.7462
  Train Batch [750/1726] | Loss: 1.7678 | Top1: 0.5815 | Top5: 0.7446
  Train Batch [800/1726] | Loss: 1.7759 | Top1: 0.5764 | Top5: 0.7420
  Train Batch [850/1726] | Loss: 1.7767 | Top1: 0.5761 | Top5: 0.7413
  Train Batch [900/1726] | Loss: 1.7803 | Top1: 0.5761 | Top5: 0.7426
  Train Batch [950/1726] | Loss: 1.7824 | Top1: 0.5773 | Top5: 0.7442
  Train Batch [1000/1726] | Loss: 1.7804 | Top1: 0.5801 | Top5: 0.7461
  Train Batch [1050/1726] | Loss: 1.7790 | Top1: 0.5806 | Top5: 0.7455
  Train Batch [1100/1726] | Loss: 1.7750 | Top1: 0.5782 | Top5: 0.7441
  Train Batch [1150/1726] | Loss: 1.7831 | Top1: 0.5804 | Top5: 0.7470
  Train Batch [1200/1726] | Loss: 1.7850 | Top1: 0.5828 | Top5: 0.7491
  Train Batch [1250/1726] | Loss: 1.7885 | Top1: 0.5834 | Top5: 0.7504
  Train Batch [1300/1726] | Loss: 1.7915 | Top1: 0.5800 | Top5: 0.7479
  Train Batch [1350/1726] | Loss: 1.7891 | Top1: 0.5846 | Top5: 0.7513
  Train Batch [1400/1726] | Loss: 1.7886 | Top1: 0.5860 | Top5: 0.7518
  Train Batch [1450/1726] | Loss: 1.7887 | Top1: 0.5885 | Top5: 0.7535
  Train Batch [1500/1726] | Loss: 1.7901 | Top1: 0.5872 | Top5: 0.7524
  Train Batch [1550/1726] | Loss: 1.7878 | Top1: 0.5872 | Top5: 0.7520
  Train Batch [1600/1726] | Loss: 1.7863 | Top1: 0.5884 | Top5: 0.7527
  Train Batch [1650/1726] | Loss: 1.7841 | Top1: 0.5885 | Top5: 0.7517
  Train Batch [1700/1726] | Loss: 1.7866 | Top1: 0.5886 | Top5: 0.7527
  Train Batch [1726/1726] | Loss: 1.7896 | Top1: 0.5888 | Top5: 0.7540
  Train Epoch Time: 420.432s
  Val Batch [50/304] | Loss: 1.9670 | Top1: 0.7719 | Top5: 0.9031
  Val Batch [100/304] | Loss: 1.9856 | Top1: 0.7669 | Top5: 0.9059
  Val Batch [150/304] | Loss: 1.9721 | Top1: 0.7723 | Top5: 0.9073
  Val Batch [200/304] | Loss: 1.9853 | Top1: 0.7683 | Top5: 0.9044
  Val Batch [250/304] | Loss: 1.9951 | Top1: 0.7669 | Top5: 0.9035
  Val Batch [300/304] | Loss: 1.9884 | Top1: 0.7693 | Top5: 0.9034
  Val Batch [304/304] | Loss: 1.9879 | Top1: 0.7694 | Top5: 0.9033
  Val Epoch Time: 23.030s
Epoch [44/60] | Train Loss: 1.7896 | Train Top1: 0.5888 | Train Top5: 0.7540 | Val Loss: 1.9879 | Val Top1: 0.7694 | Val Top5: 0.9033 | LR: 1.13e-04 | Train Time: 420.432s | Val Time: 23.030s | Epoch Time: 443.462s
Saved best checkpoint to: C:\Users\ljh20\MCS\CS273P\Model_California_Birds\outputs\output_20260308_135130\checkpoints\convnext_base.fb_in22k_ft_in1k_best.pth

===== Epoch 45/60 (LR: 1.01e-04) =====
  Train Batch [50/1726] | Loss: 1.8384 | Top1: 0.5894 | Top5: 0.7419
  Train Batch [100/1726] | Loss: 1.8245 | Top1: 0.6138 | Top5: 0.7788
  Train Batch [150/1726] | Loss: 1.8153 | Top1: 0.6065 | Top5: 0.7706
  Train Batch [200/1726] | Loss: 1.8261 | Top1: 0.5925 | Top5: 0.7658
  Train Batch [250/1726] | Loss: 1.8025 | Top1: 0.5919 | Top5: 0.7604
  Train Batch [300/1726] | Loss: 1.7882 | Top1: 0.6114 | Top5: 0.7718
  Train Batch [350/1726] | Loss: 1.8002 | Top1: 0.6017 | Top5: 0.7653
  Train Batch [400/1726] | Loss: 1.8127 | Top1: 0.5988 | Top5: 0.7692
  Train Batch [450/1726] | Loss: 1.8143 | Top1: 0.6072 | Top5: 0.7758
  Train Batch [500/1726] | Loss: 1.8076 | Top1: 0.5963 | Top5: 0.7670
  Train Batch [550/1726] | Loss: 1.8087 | Top1: 0.5908 | Top5: 0.7642
  Train Batch [600/1726] | Loss: 1.8050 | Top1: 0.5850 | Top5: 0.7579
  Train Batch [650/1726] | Loss: 1.7924 | Top1: 0.5811 | Top5: 0.7510
  Train Batch [700/1726] | Loss: 1.7949 | Top1: 0.5833 | Top5: 0.7535
  Train Batch [750/1726] | Loss: 1.7836 | Top1: 0.5877 | Top5: 0.7542
  Train Batch [800/1726] | Loss: 1.7829 | Top1: 0.5904 | Top5: 0.7572
  Train Batch [850/1726] | Loss: 1.7878 | Top1: 0.5903 | Top5: 0.7578
  Train Batch [900/1726] | Loss: 1.7968 | Top1: 0.5891 | Top5: 0.7593
  Train Batch [950/1726] | Loss: 1.8021 | Top1: 0.5875 | Top5: 0.7598
  Train Batch [1000/1726] | Loss: 1.8106 | Top1: 0.5910 | Top5: 0.7649
  Train Batch [1050/1726] | Loss: 1.8094 | Top1: 0.5906 | Top5: 0.7647
  Train Batch [1100/1726] | Loss: 1.8091 | Top1: 0.5895 | Top5: 0.7643
  Train Batch [1150/1726] | Loss: 1.8122 | Top1: 0.5909 | Top5: 0.7652
  Train Batch [1200/1726] | Loss: 1.8152 | Top1: 0.5920 | Top5: 0.7655
  Train Batch [1250/1726] | Loss: 1.8113 | Top1: 0.5955 | Top5: 0.7674
  Train Batch [1300/1726] | Loss: 1.8144 | Top1: 0.5962 | Top5: 0.7691
  Train Batch [1350/1726] | Loss: 1.8133 | Top1: 0.5947 | Top5: 0.7667
  Train Batch [1400/1726] | Loss: 1.8116 | Top1: 0.5975 | Top5: 0.7680
  Train Batch [1450/1726] | Loss: 1.8141 | Top1: 0.5980 | Top5: 0.7694
  Train Batch [1500/1726] | Loss: 1.8136 | Top1: 0.5963 | Top5: 0.7685
  Train Batch [1550/1726] | Loss: 1.8104 | Top1: 0.5940 | Top5: 0.7654
  Train Batch [1600/1726] | Loss: 1.8102 | Top1: 0.5934 | Top5: 0.7651
  Train Batch [1650/1726] | Loss: 1.8112 | Top1: 0.5949 | Top5: 0.7666
  Train Batch [1700/1726] | Loss: 1.8087 | Top1: 0.5947 | Top5: 0.7658
  Train Batch [1726/1726] | Loss: 1.8101 | Top1: 0.5930 | Top5: 0.7646
  Train Epoch Time: 419.113s
  Val Batch [50/304] | Loss: 1.9879 | Top1: 0.7631 | Top5: 0.9000
  Val Batch [100/304] | Loss: 1.9934 | Top1: 0.7609 | Top5: 0.9038
  Val Batch [150/304] | Loss: 1.9731 | Top1: 0.7702 | Top5: 0.9056
  Val Batch [200/304] | Loss: 1.9745 | Top1: 0.7702 | Top5: 0.9062
  Val Batch [250/304] | Loss: 1.9876 | Top1: 0.7651 | Top5: 0.9065
  Val Batch [300/304] | Loss: 1.9801 | Top1: 0.7680 | Top5: 0.9075
  Val Batch [304/304] | Loss: 1.9789 | Top1: 0.7683 | Top5: 0.9072
  Val Epoch Time: 22.948s
Epoch [45/60] | Train Loss: 1.8101 | Train Top1: 0.5930 | Train Top5: 0.7646 | Val Loss: 1.9789 | Val Top1: 0.7683 | Val Top5: 0.9072 | LR: 1.01e-04 | Train Time: 419.113s | Val Time: 22.948s | Epoch Time: 442.062s

===== Epoch 46/60 (LR: 8.93e-05) =====
  Train Batch [50/1726] | Loss: 1.7547 | Top1: 0.5075 | Top5: 0.7037
  Train Batch [100/1726] | Loss: 1.7248 | Top1: 0.5631 | Top5: 0.7341
  Train Batch [150/1726] | Loss: 1.7461 | Top1: 0.5844 | Top5: 0.7602
  Train Batch [200/1726] | Loss: 1.7500 | Top1: 0.5842 | Top5: 0.7628
  Train Batch [250/1726] | Loss: 1.7721 | Top1: 0.5753 | Top5: 0.7584
  Train Batch [300/1726] | Loss: 1.7729 | Top1: 0.5699 | Top5: 0.7526
  Train Batch [350/1726] | Loss: 1.7578 | Top1: 0.5687 | Top5: 0.7440
  Train Batch [400/1726] | Loss: 1.7608 | Top1: 0.5758 | Top5: 0.7466
  Train Batch [450/1726] | Loss: 1.7568 | Top1: 0.5759 | Top5: 0.7472
  Train Batch [500/1726] | Loss: 1.7427 | Top1: 0.5739 | Top5: 0.7409
  Train Batch [550/1726] | Loss: 1.7423 | Top1: 0.5794 | Top5: 0.7460
  Train Batch [600/1726] | Loss: 1.7512 | Top1: 0.5783 | Top5: 0.7469
  Train Batch [650/1726] | Loss: 1.7540 | Top1: 0.5749 | Top5: 0.7463
  Train Batch [700/1726] | Loss: 1.7558 | Top1: 0.5697 | Top5: 0.7428
  Train Batch [750/1726] | Loss: 1.7698 | Top1: 0.5745 | Top5: 0.7481
  Train Batch [800/1726] | Loss: 1.7651 | Top1: 0.5730 | Top5: 0.7453
  Train Batch [850/1726] | Loss: 1.7640 | Top1: 0.5644 | Top5: 0.7387
  Train Batch [900/1726] | Loss: 1.7697 | Top1: 0.5689 | Top5: 0.7440
  Train Batch [950/1726] | Loss: 1.7676 | Top1: 0.5738 | Top5: 0.7463
  Train Batch [1000/1726] | Loss: 1.7680 | Top1: 0.5761 | Top5: 0.7496
  Train Batch [1050/1726] | Loss: 1.7618 | Top1: 0.5765 | Top5: 0.7479
  Train Batch [1100/1726] | Loss: 1.7584 | Top1: 0.5801 | Top5: 0.7493
  Train Batch [1150/1726] | Loss: 1.7580 | Top1: 0.5808 | Top5: 0.7486
  Train Batch [1200/1726] | Loss: 1.7592 | Top1: 0.5795 | Top5: 0.7471
  Train Batch [1250/1726] | Loss: 1.7560 | Top1: 0.5783 | Top5: 0.7454
  Train Batch [1300/1726] | Loss: 1.7533 | Top1: 0.5777 | Top5: 0.7438
  Train Batch [1350/1726] | Loss: 1.7541 | Top1: 0.5749 | Top5: 0.7409
  Train Batch [1400/1726] | Loss: 1.7629 | Top1: 0.5788 | Top5: 0.7463
  Train Batch [1450/1726] | Loss: 1.7599 | Top1: 0.5798 | Top5: 0.7463
  Train Batch [1500/1726] | Loss: 1.7597 | Top1: 0.5810 | Top5: 0.7476
  Train Batch [1550/1726] | Loss: 1.7601 | Top1: 0.5830 | Top5: 0.7490
  Train Batch [1600/1726] | Loss: 1.7659 | Top1: 0.5844 | Top5: 0.7517
  Train Batch [1650/1726] | Loss: 1.7666 | Top1: 0.5846 | Top5: 0.7513
  Train Batch [1700/1726] | Loss: 1.7675 | Top1: 0.5870 | Top5: 0.7535
  Train Batch [1726/1726] | Loss: 1.7663 | Top1: 0.5862 | Top5: 0.7527
  Train Epoch Time: 419.702s
  Val Batch [50/304] | Loss: 1.9574 | Top1: 0.7744 | Top5: 0.9050
  Val Batch [100/304] | Loss: 1.9656 | Top1: 0.7712 | Top5: 0.9072
  Val Batch [150/304] | Loss: 1.9580 | Top1: 0.7758 | Top5: 0.9073
  Val Batch [200/304] | Loss: 1.9594 | Top1: 0.7741 | Top5: 0.9080
  Val Batch [250/304] | Loss: 1.9727 | Top1: 0.7702 | Top5: 0.9074
  Val Batch [300/304] | Loss: 1.9634 | Top1: 0.7727 | Top5: 0.9084
  Val Batch [304/304] | Loss: 1.9623 | Top1: 0.7730 | Top5: 0.9083
  Val Epoch Time: 22.967s
Epoch [46/60] | Train Loss: 1.7663 | Train Top1: 0.5862 | Train Top5: 0.7527 | Val Loss: 1.9623 | Val Top1: 0.7730 | Val Top5: 0.9083 | LR: 8.93e-05 | Train Time: 419.702s | Val Time: 22.967s | Epoch Time: 442.669s
Saved best checkpoint to: C:\Users\ljh20\MCS\CS273P\Model_California_Birds\outputs\output_20260308_135130\checkpoints\convnext_base.fb_in22k_ft_in1k_best.pth

===== Epoch 47/60 (LR: 7.84e-05) =====
  Train Batch [50/1726] | Loss: 1.7833 | Top1: 0.6206 | Top5: 0.8063
  Train Batch [100/1726] | Loss: 1.7757 | Top1: 0.6175 | Top5: 0.7959
  Train Batch [150/1726] | Loss: 1.7813 | Top1: 0.6340 | Top5: 0.8171
  Train Batch [200/1726] | Loss: 1.7494 | Top1: 0.6119 | Top5: 0.7870
  Train Batch [250/1726] | Loss: 1.7387 | Top1: 0.6151 | Top5: 0.7863
  Train Batch [300/1726] | Loss: 1.7611 | Top1: 0.6245 | Top5: 0.7997
  Train Batch [350/1726] | Loss: 1.7634 | Top1: 0.6204 | Top5: 0.7984
  Train Batch [400/1726] | Loss: 1.7641 | Top1: 0.6188 | Top5: 0.7929
  Train Batch [450/1726] | Loss: 1.7662 | Top1: 0.6287 | Top5: 0.7994
  Train Batch [500/1726] | Loss: 1.7731 | Top1: 0.6296 | Top5: 0.8014
  Train Batch [550/1726] | Loss: 1.7685 | Top1: 0.6224 | Top5: 0.7945
  Train Batch [600/1726] | Loss: 1.7699 | Top1: 0.6136 | Top5: 0.7893
  Train Batch [650/1726] | Loss: 1.7726 | Top1: 0.6078 | Top5: 0.7843
  Train Batch [700/1726] | Loss: 1.7633 | Top1: 0.6058 | Top5: 0.7782
  Train Batch [750/1726] | Loss: 1.7581 | Top1: 0.6011 | Top5: 0.7726
  Train Batch [800/1726] | Loss: 1.7630 | Top1: 0.6045 | Top5: 0.7774
  Train Batch [850/1726] | Loss: 1.7659 | Top1: 0.6019 | Top5: 0.7766
  Train Batch [900/1726] | Loss: 1.7678 | Top1: 0.6011 | Top5: 0.7763
  Train Batch [950/1726] | Loss: 1.7684 | Top1: 0.6036 | Top5: 0.7779
  Train Batch [1000/1726] | Loss: 1.7641 | Top1: 0.6026 | Top5: 0.7757
  Train Batch [1050/1726] | Loss: 1.7596 | Top1: 0.6011 | Top5: 0.7744
  Train Batch [1100/1726] | Loss: 1.7606 | Top1: 0.6010 | Top5: 0.7748
  Train Batch [1150/1726] | Loss: 1.7607 | Top1: 0.6006 | Top5: 0.7739
  Train Batch [1200/1726] | Loss: 1.7613 | Top1: 0.6016 | Top5: 0.7748
  Train Batch [1250/1726] | Loss: 1.7677 | Top1: 0.5968 | Top5: 0.7728
  Train Batch [1300/1726] | Loss: 1.7686 | Top1: 0.5904 | Top5: 0.7680
  Train Batch [1350/1726] | Loss: 1.7720 | Top1: 0.5917 | Top5: 0.7690
  Train Batch [1400/1726] | Loss: 1.7721 | Top1: 0.5925 | Top5: 0.7699
  Train Batch [1450/1726] | Loss: 1.7768 | Top1: 0.5928 | Top5: 0.7731
  Train Batch [1500/1726] | Loss: 1.7728 | Top1: 0.5899 | Top5: 0.7698
  Train Batch [1550/1726] | Loss: 1.7742 | Top1: 0.5893 | Top5: 0.7689
  Train Batch [1600/1726] | Loss: 1.7723 | Top1: 0.5887 | Top5: 0.7679
  Train Batch [1650/1726] | Loss: 1.7705 | Top1: 0.5901 | Top5: 0.7688
  Train Batch [1700/1726] | Loss: 1.7667 | Top1: 0.5899 | Top5: 0.7673
  Train Batch [1726/1726] | Loss: 1.7662 | Top1: 0.5889 | Top5: 0.7662
  Train Epoch Time: 417.865s
  Val Batch [50/304] | Loss: 1.9614 | Top1: 0.7662 | Top5: 0.9012
  Val Batch [100/304] | Loss: 1.9672 | Top1: 0.7638 | Top5: 0.9047
  Val Batch [150/304] | Loss: 1.9401 | Top1: 0.7746 | Top5: 0.9079
  Val Batch [200/304] | Loss: 1.9436 | Top1: 0.7759 | Top5: 0.9080
  Val Batch [250/304] | Loss: 1.9533 | Top1: 0.7740 | Top5: 0.9086
  Val Batch [300/304] | Loss: 1.9461 | Top1: 0.7752 | Top5: 0.9103
  Val Batch [304/304] | Loss: 1.9447 | Top1: 0.7754 | Top5: 0.9102
  Val Epoch Time: 22.961s
Epoch [47/60] | Train Loss: 1.7662 | Train Top1: 0.5889 | Train Top5: 0.7662 | Val Loss: 1.9447 | Val Top1: 0.7754 | Val Top5: 0.9102 | LR: 7.84e-05 | Train Time: 417.865s | Val Time: 22.961s | Epoch Time: 440.826s
Saved best checkpoint to: C:\Users\ljh20\MCS\CS273P\Model_California_Birds\outputs\output_20260308_135130\checkpoints\convnext_base.fb_in22k_ft_in1k_best.pth

===== Epoch 48/60 (LR: 6.82e-05) =====
  Train Batch [50/1726] | Loss: 1.8090 | Top1: 0.6625 | Top5: 0.8200
  Train Batch [100/1726] | Loss: 1.8032 | Top1: 0.6591 | Top5: 0.8153
  Train Batch [150/1726] | Loss: 1.7928 | Top1: 0.6435 | Top5: 0.8063
  Train Batch [200/1726] | Loss: 1.8074 | Top1: 0.6389 | Top5: 0.8086
  Train Batch [250/1726] | Loss: 1.8087 | Top1: 0.6201 | Top5: 0.7954
  Train Batch [300/1726] | Loss: 1.8100 | Top1: 0.6130 | Top5: 0.7908
  Train Batch [350/1726] | Loss: 1.7931 | Top1: 0.6229 | Top5: 0.7938
  Train Batch [400/1726] | Loss: 1.7894 | Top1: 0.6149 | Top5: 0.7849
  Train Batch [450/1726] | Loss: 1.7663 | Top1: 0.6181 | Top5: 0.7830
  Train Batch [500/1726] | Loss: 1.7529 | Top1: 0.6071 | Top5: 0.7702
  Train Batch [550/1726] | Loss: 1.7459 | Top1: 0.6131 | Top5: 0.7726
  Train Batch [600/1726] | Loss: 1.7439 | Top1: 0.6070 | Top5: 0.7689
  Train Batch [650/1726] | Loss: 1.7434 | Top1: 0.6049 | Top5: 0.7672
  Train Batch [700/1726] | Loss: 1.7426 | Top1: 0.6068 | Top5: 0.7687
  Train Batch [750/1726] | Loss: 1.7486 | Top1: 0.6030 | Top5: 0.7681
  Train Batch [800/1726] | Loss: 1.7500 | Top1: 0.6009 | Top5: 0.7693
  Train Batch [850/1726] | Loss: 1.7494 | Top1: 0.6020 | Top5: 0.7709
  Train Batch [900/1726] | Loss: 1.7480 | Top1: 0.6015 | Top5: 0.7700
  Train Batch [950/1726] | Loss: 1.7534 | Top1: 0.5987 | Top5: 0.7695
  Train Batch [1000/1726] | Loss: 1.7518 | Top1: 0.5959 | Top5: 0.7686
  Train Batch [1050/1726] | Loss: 1.7526 | Top1: 0.5924 | Top5: 0.7666
  Train Batch [1100/1726] | Loss: 1.7467 | Top1: 0.5910 | Top5: 0.7649
  Train Batch [1150/1726] | Loss: 1.7434 | Top1: 0.5897 | Top5: 0.7638
  Train Batch [1200/1726] | Loss: 1.7442 | Top1: 0.5913 | Top5: 0.7655
  Train Batch [1250/1726] | Loss: 1.7445 | Top1: 0.5924 | Top5: 0.7673
  Train Batch [1300/1726] | Loss: 1.7467 | Top1: 0.5919 | Top5: 0.7679
  Train Batch [1350/1726] | Loss: 1.7449 | Top1: 0.5953 | Top5: 0.7706
  Train Batch [1400/1726] | Loss: 1.7439 | Top1: 0.5960 | Top5: 0.7716
  Train Batch [1450/1726] | Loss: 1.7442 | Top1: 0.5967 | Top5: 0.7725
  Train Batch [1500/1726] | Loss: 1.7431 | Top1: 0.5975 | Top5: 0.7740
  Train Batch [1550/1726] | Loss: 1.7439 | Top1: 0.5989 | Top5: 0.7748
  Train Batch [1600/1726] | Loss: 1.7462 | Top1: 0.5975 | Top5: 0.7742
  Train Batch [1650/1726] | Loss: 1.7429 | Top1: 0.5947 | Top5: 0.7711
  Train Batch [1700/1726] | Loss: 1.7401 | Top1: 0.5939 | Top5: 0.7697
  Train Batch [1726/1726] | Loss: 1.7367 | Top1: 0.5944 | Top5: 0.7693
  Train Epoch Time: 418.254s
  Val Batch [50/304] | Loss: 1.9639 | Top1: 0.7744 | Top5: 0.9019
  Val Batch [100/304] | Loss: 1.9733 | Top1: 0.7706 | Top5: 0.9053
  Val Batch [150/304] | Loss: 1.9550 | Top1: 0.7767 | Top5: 0.9069
  Val Batch [200/304] | Loss: 1.9574 | Top1: 0.7758 | Top5: 0.9081
  Val Batch [250/304] | Loss: 1.9643 | Top1: 0.7736 | Top5: 0.9077
  Val Batch [300/304] | Loss: 1.9538 | Top1: 0.7752 | Top5: 0.9095
  Val Batch [304/304] | Loss: 1.9530 | Top1: 0.7751 | Top5: 0.9094
  Val Epoch Time: 22.978s
Epoch [48/60] | Train Loss: 1.7367 | Train Top1: 0.5944 | Train Top5: 0.7693 | Val Loss: 1.9530 | Val Top1: 0.7751 | Val Top5: 0.9094 | LR: 6.82e-05 | Train Time: 418.254s | Val Time: 22.978s | Epoch Time: 441.231s

===== Epoch 49/60 (LR: 5.85e-05) =====
  Train Batch [50/1726] | Loss: 1.7536 | Top1: 0.5675 | Top5: 0.7600
  Train Batch [100/1726] | Loss: 1.7553 | Top1: 0.5731 | Top5: 0.7600
  Train Batch [150/1726] | Loss: 1.7627 | Top1: 0.5956 | Top5: 0.7808
  Train Batch [200/1726] | Loss: 1.7595 | Top1: 0.6067 | Top5: 0.7847
  Train Batch [250/1726] | Loss: 1.7377 | Top1: 0.6126 | Top5: 0.7850
  Train Batch [300/1726] | Loss: 1.7218 | Top1: 0.6071 | Top5: 0.7761
  Train Batch [350/1726] | Loss: 1.7162 | Top1: 0.6113 | Top5: 0.7792
  Train Batch [400/1726] | Loss: 1.7100 | Top1: 0.6015 | Top5: 0.7700
  Train Batch [450/1726] | Loss: 1.7074 | Top1: 0.5966 | Top5: 0.7653
  Train Batch [500/1726] | Loss: 1.7182 | Top1: 0.5861 | Top5: 0.7631
  Train Batch [550/1726] | Loss: 1.7206 | Top1: 0.5845 | Top5: 0.7634
  Train Batch [600/1726] | Loss: 1.7130 | Top1: 0.5880 | Top5: 0.7644
  Train Batch [650/1726] | Loss: 1.7130 | Top1: 0.5928 | Top5: 0.7669
  Train Batch [700/1726] | Loss: 1.7126 | Top1: 0.5898 | Top5: 0.7651
  Train Batch [750/1726] | Loss: 1.7106 | Top1: 0.5872 | Top5: 0.7624
  Train Batch [800/1726] | Loss: 1.7160 | Top1: 0.5925 | Top5: 0.7697
  Train Batch [850/1726] | Loss: 1.7185 | Top1: 0.5946 | Top5: 0.7710
  Train Batch [900/1726] | Loss: 1.7248 | Top1: 0.5919 | Top5: 0.7714
  Train Batch [950/1726] | Loss: 1.7257 | Top1: 0.5869 | Top5: 0.7684
  Train Batch [1000/1726] | Loss: 1.7329 | Top1: 0.5919 | Top5: 0.7724
  Train Batch [1050/1726] | Loss: 1.7386 | Top1: 0.5890 | Top5: 0.7710
  Train Batch [1100/1726] | Loss: 1.7408 | Top1: 0.5923 | Top5: 0.7734
  Train Batch [1150/1726] | Loss: 1.7442 | Top1: 0.5933 | Top5: 0.7749
  Train Batch [1200/1726] | Loss: 1.7460 | Top1: 0.5921 | Top5: 0.7745
  Train Batch [1250/1726] | Loss: 1.7421 | Top1: 0.5950 | Top5: 0.7748
  Train Batch [1300/1726] | Loss: 1.7363 | Top1: 0.5964 | Top5: 0.7740
  Train Batch [1350/1726] | Loss: 1.7363 | Top1: 0.5925 | Top5: 0.7708
  Train Batch [1400/1726] | Loss: 1.7323 | Top1: 0.5897 | Top5: 0.7676
  Train Batch [1450/1726] | Loss: 1.7292 | Top1: 0.5881 | Top5: 0.7653
  Train Batch [1500/1726] | Loss: 1.7297 | Top1: 0.5874 | Top5: 0.7651
  Train Batch [1550/1726] | Loss: 1.7305 | Top1: 0.5879 | Top5: 0.7659
  Train Batch [1600/1726] | Loss: 1.7283 | Top1: 0.5880 | Top5: 0.7656
  Train Batch [1650/1726] | Loss: 1.7284 | Top1: 0.5881 | Top5: 0.7658
  Train Batch [1700/1726] | Loss: 1.7272 | Top1: 0.5869 | Top5: 0.7642
  Train Batch [1726/1726] | Loss: 1.7277 | Top1: 0.5876 | Top5: 0.7653
  Train Epoch Time: 417.868s
  Val Batch [50/304] | Loss: 1.9645 | Top1: 0.7719 | Top5: 0.9081
  Val Batch [100/304] | Loss: 1.9646 | Top1: 0.7719 | Top5: 0.9106
  Val Batch [150/304] | Loss: 1.9464 | Top1: 0.7781 | Top5: 0.9096
  Val Batch [200/304] | Loss: 1.9479 | Top1: 0.7786 | Top5: 0.9098
  Val Batch [250/304] | Loss: 1.9564 | Top1: 0.7756 | Top5: 0.9099
  Val Batch [300/304] | Loss: 1.9499 | Top1: 0.7776 | Top5: 0.9109
  Val Batch [304/304] | Loss: 1.9497 | Top1: 0.7775 | Top5: 0.9107
  Val Epoch Time: 22.986s
Epoch [49/60] | Train Loss: 1.7277 | Train Top1: 0.5876 | Train Top5: 0.7653 | Val Loss: 1.9497 | Val Top1: 0.7775 | Val Top5: 0.9107 | LR: 5.85e-05 | Train Time: 417.868s | Val Time: 22.986s | Epoch Time: 440.855s
Saved best checkpoint to: C:\Users\ljh20\MCS\CS273P\Model_California_Birds\outputs\output_20260308_135130\checkpoints\convnext_base.fb_in22k_ft_in1k_best.pth

===== Epoch 50/60 (LR: 4.95e-05) =====
  Train Batch [50/1726] | Loss: 1.7964 | Top1: 0.5238 | Top5: 0.7200
  Train Batch [100/1726] | Loss: 1.7565 | Top1: 0.5734 | Top5: 0.7506
  Train Batch [150/1726] | Loss: 1.7222 | Top1: 0.5831 | Top5: 0.7440
  Train Batch [200/1726] | Loss: 1.6719 | Top1: 0.5988 | Top5: 0.7441
  Train Batch [250/1726] | Loss: 1.6773 | Top1: 0.5956 | Top5: 0.7495
  Train Batch [300/1726] | Loss: 1.6715 | Top1: 0.6029 | Top5: 0.7547
  Train Batch [350/1726] | Loss: 1.6735 | Top1: 0.6140 | Top5: 0.7633
  Train Batch [400/1726] | Loss: 1.6701 | Top1: 0.6104 | Top5: 0.7592
  Train Batch [450/1726] | Loss: 1.6646 | Top1: 0.6093 | Top5: 0.7582
  Train Batch [500/1726] | Loss: 1.6664 | Top1: 0.6180 | Top5: 0.7655
  Train Batch [550/1726] | Loss: 1.6720 | Top1: 0.6226 | Top5: 0.7710
  Train Batch [600/1726] | Loss: 1.6763 | Top1: 0.6255 | Top5: 0.7737
  Train Batch [650/1726] | Loss: 1.6782 | Top1: 0.6250 | Top5: 0.7752
  Train Batch [700/1726] | Loss: 1.6839 | Top1: 0.6232 | Top5: 0.7754
  Train Batch [750/1726] | Loss: 1.6891 | Top1: 0.6202 | Top5: 0.7740
  Train Batch [800/1726] | Loss: 1.6885 | Top1: 0.6182 | Top5: 0.7734
  Train Batch [850/1726] | Loss: 1.6975 | Top1: 0.6226 | Top5: 0.7783
  Train Batch [900/1726] | Loss: 1.7007 | Top1: 0.6166 | Top5: 0.7746
  Train Batch [950/1726] | Loss: 1.7094 | Top1: 0.6142 | Top5: 0.7768
  Train Batch [1000/1726] | Loss: 1.7147 | Top1: 0.6112 | Top5: 0.7780
  Train Batch [1050/1726] | Loss: 1.7173 | Top1: 0.6104 | Top5: 0.7779
  Train Batch [1100/1726] | Loss: 1.7184 | Top1: 0.6129 | Top5: 0.7800
  Train Batch [1150/1726] | Loss: 1.7189 | Top1: 0.6112 | Top5: 0.7794
  Train Batch [1200/1726] | Loss: 1.7161 | Top1: 0.6092 | Top5: 0.7778
  Train Batch [1250/1726] | Loss: 1.7152 | Top1: 0.6107 | Top5: 0.7796
  Train Batch [1300/1726] | Loss: 1.7153 | Top1: 0.6089 | Top5: 0.7786
  Train Batch [1350/1726] | Loss: 1.7129 | Top1: 0.6107 | Top5: 0.7794
  Train Batch [1400/1726] | Loss: 1.7129 | Top1: 0.6117 | Top5: 0.7805
  Train Batch [1450/1726] | Loss: 1.7126 | Top1: 0.6135 | Top5: 0.7816
  Train Batch [1500/1726] | Loss: 1.7144 | Top1: 0.6110 | Top5: 0.7811
  Train Batch [1550/1726] | Loss: 1.7131 | Top1: 0.6112 | Top5: 0.7802
  Train Batch [1600/1726] | Loss: 1.7109 | Top1: 0.6091 | Top5: 0.7774
  Train Batch [1650/1726] | Loss: 1.7135 | Top1: 0.6098 | Top5: 0.7782
  Train Batch [1700/1726] | Loss: 1.7155 | Top1: 0.6087 | Top5: 0.7787
  Train Batch [1726/1726] | Loss: 1.7188 | Top1: 0.6067 | Top5: 0.7784
  Train Epoch Time: 419.665s
  Val Batch [50/304] | Loss: 1.9765 | Top1: 0.7769 | Top5: 0.9019
  Val Batch [100/304] | Loss: 1.9846 | Top1: 0.7725 | Top5: 0.9062
  Val Batch [150/304] | Loss: 1.9639 | Top1: 0.7794 | Top5: 0.9067
  Val Batch [200/304] | Loss: 1.9680 | Top1: 0.7777 | Top5: 0.9064
  Val Batch [250/304] | Loss: 1.9766 | Top1: 0.7729 | Top5: 0.9075
  Val Batch [300/304] | Loss: 1.9666 | Top1: 0.7757 | Top5: 0.9083
  Val Batch [304/304] | Loss: 1.9670 | Top1: 0.7757 | Top5: 0.9084
  Val Epoch Time: 23.015s
Epoch [50/60] | Train Loss: 1.7188 | Train Top1: 0.6067 | Train Top5: 0.7784 | Val Loss: 1.9670 | Val Top1: 0.7757 | Val Top5: 0.9084 | LR: 4.95e-05 | Train Time: 419.665s | Val Time: 23.015s | Epoch Time: 442.680s

===== Epoch 51/60 (LR: 4.11e-05) =====
  Train Batch [50/1726] | Loss: 1.6831 | Top1: 0.6450 | Top5: 0.8250
  Train Batch [100/1726] | Loss: 1.7268 | Top1: 0.6159 | Top5: 0.8069
  Train Batch [150/1726] | Loss: 1.7274 | Top1: 0.6073 | Top5: 0.7900
  Train Batch [200/1726] | Loss: 1.7106 | Top1: 0.6041 | Top5: 0.7831
  Train Batch [250/1726] | Loss: 1.7195 | Top1: 0.6080 | Top5: 0.7886
  Train Batch [300/1726] | Loss: 1.7052 | Top1: 0.6179 | Top5: 0.7928
  Train Batch [350/1726] | Loss: 1.7113 | Top1: 0.6144 | Top5: 0.7929
  Train Batch [400/1726] | Loss: 1.6947 | Top1: 0.6071 | Top5: 0.7845
  Train Batch [450/1726] | Loss: 1.6917 | Top1: 0.6029 | Top5: 0.7806
  Train Batch [500/1726] | Loss: 1.6964 | Top1: 0.5994 | Top5: 0.7789
  Train Batch [550/1726] | Loss: 1.6883 | Top1: 0.6012 | Top5: 0.7779
  Train Batch [600/1726] | Loss: 1.6775 | Top1: 0.5974 | Top5: 0.7704
  Train Batch [650/1726] | Loss: 1.6802 | Top1: 0.5873 | Top5: 0.7648
  Train Batch [700/1726] | Loss: 1.6822 | Top1: 0.5799 | Top5: 0.7596
  Train Batch [750/1726] | Loss: 1.6814 | Top1: 0.5828 | Top5: 0.7609
  Train Batch [800/1726] | Loss: 1.6771 | Top1: 0.5884 | Top5: 0.7652
  Train Batch [850/1726] | Loss: 1.6747 | Top1: 0.5913 | Top5: 0.7658
  Train Batch [900/1726] | Loss: 1.6795 | Top1: 0.5969 | Top5: 0.7717
  Train Batch [950/1726] | Loss: 1.6869 | Top1: 0.5957 | Top5: 0.7743
  Train Batch [1000/1726] | Loss: 1.6881 | Top1: 0.5932 | Top5: 0.7717
  Train Batch [1050/1726] | Loss: 1.6874 | Top1: 0.5885 | Top5: 0.7659
  Train Batch [1100/1726] | Loss: 1.6881 | Top1: 0.5880 | Top5: 0.7643
  Train Batch [1150/1726] | Loss: 1.6853 | Top1: 0.5858 | Top5: 0.7612
  Train Batch [1200/1726] | Loss: 1.6853 | Top1: 0.5845 | Top5: 0.7601
  Train Batch [1250/1726] | Loss: 1.6822 | Top1: 0.5830 | Top5: 0.7588
  Train Batch [1300/1726] | Loss: 1.6810 | Top1: 0.5839 | Top5: 0.7594
  Train Batch [1350/1726] | Loss: 1.6811 | Top1: 0.5877 | Top5: 0.7620
  Train Batch [1400/1726] | Loss: 1.6811 | Top1: 0.5898 | Top5: 0.7644
  Train Batch [1450/1726] | Loss: 1.6820 | Top1: 0.5912 | Top5: 0.7656
  Train Batch [1500/1726] | Loss: 1.6805 | Top1: 0.5932 | Top5: 0.7664
  Train Batch [1550/1726] | Loss: 1.6801 | Top1: 0.5899 | Top5: 0.7641
  Train Batch [1600/1726] | Loss: 1.6833 | Top1: 0.5879 | Top5: 0.7635
  Train Batch [1650/1726] | Loss: 1.6840 | Top1: 0.5884 | Top5: 0.7643
  Train Batch [1700/1726] | Loss: 1.6826 | Top1: 0.5892 | Top5: 0.7639
  Train Batch [1726/1726] | Loss: 1.6839 | Top1: 0.5890 | Top5: 0.7639
  Train Epoch Time: 418.251s
  Val Batch [50/304] | Loss: 1.9414 | Top1: 0.7775 | Top5: 0.9050
  Val Batch [100/304] | Loss: 1.9500 | Top1: 0.7738 | Top5: 0.9081
  Val Batch [150/304] | Loss: 1.9384 | Top1: 0.7802 | Top5: 0.9096
  Val Batch [200/304] | Loss: 1.9427 | Top1: 0.7800 | Top5: 0.9103
  Val Batch [250/304] | Loss: 1.9517 | Top1: 0.7782 | Top5: 0.9105
  Val Batch [300/304] | Loss: 1.9429 | Top1: 0.7810 | Top5: 0.9105
  Val Batch [304/304] | Loss: 1.9430 | Top1: 0.7808 | Top5: 0.9105
  Val Epoch Time: 22.975s
Epoch [51/60] | Train Loss: 1.6839 | Train Top1: 0.5890 | Train Top5: 0.7639 | Val Loss: 1.9430 | Val Top1: 0.7808 | Val Top5: 0.9105 | LR: 4.11e-05 | Train Time: 418.251s | Val Time: 22.975s | Epoch Time: 441.226s
Saved best checkpoint to: C:\Users\ljh20\MCS\CS273P\Model_California_Birds\outputs\output_20260308_135130\checkpoints\convnext_base.fb_in22k_ft_in1k_best.pth

===== Epoch 52/60 (LR: 3.35e-05) =====
  Train Batch [50/1726] | Loss: 1.5887 | Top1: 0.6319 | Top5: 0.7706
  Train Batch [100/1726] | Loss: 1.6444 | Top1: 0.6503 | Top5: 0.7925
  Train Batch [150/1726] | Loss: 1.6358 | Top1: 0.6254 | Top5: 0.7765
  Train Batch [200/1726] | Loss: 1.6422 | Top1: 0.6062 | Top5: 0.7578
  Train Batch [250/1726] | Loss: 1.6266 | Top1: 0.6258 | Top5: 0.7708
  Train Batch [300/1726] | Loss: 1.6331 | Top1: 0.6270 | Top5: 0.7795
  Train Batch [350/1726] | Loss: 1.6534 | Top1: 0.6369 | Top5: 0.7930
  Train Batch [400/1726] | Loss: 1.6572 | Top1: 0.6174 | Top5: 0.7794
  Train Batch [450/1726] | Loss: 1.6389 | Top1: 0.6237 | Top5: 0.7792
  Train Batch [500/1726] | Loss: 1.6471 | Top1: 0.6188 | Top5: 0.7804
  Train Batch [550/1726] | Loss: 1.6424 | Top1: 0.6149 | Top5: 0.7772
  Train Batch [600/1726] | Loss: 1.6508 | Top1: 0.6116 | Top5: 0.7766
  Train Batch [650/1726] | Loss: 1.6504 | Top1: 0.6137 | Top5: 0.7778
  Train Batch [700/1726] | Loss: 1.6479 | Top1: 0.6122 | Top5: 0.7764
  Train Batch [750/1726] | Loss: 1.6535 | Top1: 0.6111 | Top5: 0.7777
  Train Batch [800/1726] | Loss: 1.6529 | Top1: 0.6092 | Top5: 0.7758
  Train Batch [850/1726] | Loss: 1.6512 | Top1: 0.6064 | Top5: 0.7727
  Train Batch [900/1726] | Loss: 1.6516 | Top1: 0.6039 | Top5: 0.7717
  Train Batch [950/1726] | Loss: 1.6518 | Top1: 0.6025 | Top5: 0.7716
  Train Batch [1000/1726] | Loss: 1.6539 | Top1: 0.6051 | Top5: 0.7748
  Train Batch [1050/1726] | Loss: 1.6536 | Top1: 0.6086 | Top5: 0.7762
  Train Batch [1100/1726] | Loss: 1.6543 | Top1: 0.6112 | Top5: 0.7784
  Train Batch [1150/1726] | Loss: 1.6571 | Top1: 0.6161 | Top5: 0.7822
  Train Batch [1200/1726] | Loss: 1.6576 | Top1: 0.6139 | Top5: 0.7804
  Train Batch [1250/1726] | Loss: 1.6569 | Top1: 0.6138 | Top5: 0.7798
  Train Batch [1300/1726] | Loss: 1.6565 | Top1: 0.6152 | Top5: 0.7809
  Train Batch [1350/1726] | Loss: 1.6633 | Top1: 0.6123 | Top5: 0.7800
  Train Batch [1400/1726] | Loss: 1.6666 | Top1: 0.6092 | Top5: 0.7798
  Train Batch [1450/1726] | Loss: 1.6668 | Top1: 0.6094 | Top5: 0.7794
  Train Batch [1500/1726] | Loss: 1.6706 | Top1: 0.6079 | Top5: 0.7790
  Train Batch [1550/1726] | Loss: 1.6702 | Top1: 0.6053 | Top5: 0.7772
  Train Batch [1600/1726] | Loss: 1.6709 | Top1: 0.6064 | Top5: 0.7780
  Train Batch [1650/1726] | Loss: 1.6722 | Top1: 0.6069 | Top5: 0.7789
  Train Batch [1700/1726] | Loss: 1.6711 | Top1: 0.6074 | Top5: 0.7794
  Train Batch [1726/1726] | Loss: 1.6704 | Top1: 0.6059 | Top5: 0.7777
  Train Epoch Time: 418.594s
  Val Batch [50/304] | Loss: 1.9509 | Top1: 0.7756 | Top5: 0.9087
  Val Batch [100/304] | Loss: 1.9566 | Top1: 0.7728 | Top5: 0.9100
  Val Batch [150/304] | Loss: 1.9422 | Top1: 0.7804 | Top5: 0.9096
  Val Batch [200/304] | Loss: 1.9411 | Top1: 0.7816 | Top5: 0.9103
  Val Batch [250/304] | Loss: 1.9462 | Top1: 0.7808 | Top5: 0.9107
  Val Batch [300/304] | Loss: 1.9361 | Top1: 0.7843 | Top5: 0.9118
  Val Batch [304/304] | Loss: 1.9368 | Top1: 0.7839 | Top5: 0.9117
  Val Epoch Time: 23.056s
Epoch [52/60] | Train Loss: 1.6704 | Train Top1: 0.6059 | Train Top5: 0.7777 | Val Loss: 1.9368 | Val Top1: 0.7839 | Val Top5: 0.9117 | LR: 3.35e-05 | Train Time: 418.594s | Val Time: 23.056s | Epoch Time: 441.651s
Saved best checkpoint to: C:\Users\ljh20\MCS\CS273P\Model_California_Birds\outputs\output_20260308_135130\checkpoints\convnext_base.fb_in22k_ft_in1k_best.pth

===== Epoch 53/60 (LR: 2.66e-05) =====
  Train Batch [50/1726] | Loss: 1.8459 | Top1: 0.5288 | Top5: 0.7238
  Train Batch [100/1726] | Loss: 1.7612 | Top1: 0.5337 | Top5: 0.7322
  Train Batch [150/1726] | Loss: 1.7373 | Top1: 0.5504 | Top5: 0.7406
  Train Batch [200/1726] | Loss: 1.7209 | Top1: 0.5730 | Top5: 0.7586
  Train Batch [250/1726] | Loss: 1.7013 | Top1: 0.5969 | Top5: 0.7661
  Train Batch [300/1726] | Loss: 1.6898 | Top1: 0.6082 | Top5: 0.7664
  Train Batch [350/1726] | Loss: 1.6837 | Top1: 0.5989 | Top5: 0.7632
  Train Batch [400/1726] | Loss: 1.6753 | Top1: 0.5940 | Top5: 0.7573
  Train Batch [450/1726] | Loss: 1.6812 | Top1: 0.5960 | Top5: 0.7648
  Train Batch [500/1726] | Loss: 1.6897 | Top1: 0.5958 | Top5: 0.7708
  Train Batch [550/1726] | Loss: 1.6945 | Top1: 0.5953 | Top5: 0.7720
  Train Batch [600/1726] | Loss: 1.6934 | Top1: 0.5937 | Top5: 0.7722
  Train Batch [650/1726] | Loss: 1.6995 | Top1: 0.5970 | Top5: 0.7761
  Train Batch [700/1726] | Loss: 1.6912 | Top1: 0.5943 | Top5: 0.7722
  Train Batch [750/1726] | Loss: 1.6854 | Top1: 0.5984 | Top5: 0.7732
  Train Batch [800/1726] | Loss: 1.6848 | Top1: 0.6004 | Top5: 0.7746
  Train Batch [850/1726] | Loss: 1.6908 | Top1: 0.5975 | Top5: 0.7748
  Train Batch [900/1726] | Loss: 1.6908 | Top1: 0.6001 | Top5: 0.7773
  Train Batch [950/1726] | Loss: 1.6866 | Top1: 0.6023 | Top5: 0.7761
  Train Batch [1000/1726] | Loss: 1.6895 | Top1: 0.6017 | Top5: 0.7769
  Train Batch [1050/1726] | Loss: 1.6891 | Top1: 0.6054 | Top5: 0.7799
  Train Batch [1100/1726] | Loss: 1.6871 | Top1: 0.6068 | Top5: 0.7825
  Train Batch [1150/1726] | Loss: 1.6888 | Top1: 0.6067 | Top5: 0.7834
  Train Batch [1200/1726] | Loss: 1.6888 | Top1: 0.6026 | Top5: 0.7805
  Train Batch [1250/1726] | Loss: 1.6925 | Top1: 0.5992 | Top5: 0.7801
  Train Batch [1300/1726] | Loss: 1.6904 | Top1: 0.6009 | Top5: 0.7805
  Train Batch [1350/1726] | Loss: 1.6886 | Top1: 0.6019 | Top5: 0.7801
  Train Batch [1400/1726] | Loss: 1.6846 | Top1: 0.6003 | Top5: 0.7781
  Train Batch [1450/1726] | Loss: 1.6856 | Top1: 0.5994 | Top5: 0.7775
  Train Batch [1500/1726] | Loss: 1.6829 | Top1: 0.6014 | Top5: 0.7783
  Train Batch [1550/1726] | Loss: 1.6831 | Top1: 0.5995 | Top5: 0.7772
  Train Batch [1600/1726] | Loss: 1.6846 | Top1: 0.5971 | Top5: 0.7759
  Train Batch [1650/1726] | Loss: 1.6847 | Top1: 0.5968 | Top5: 0.7757
  Train Batch [1700/1726] | Loss: 1.6855 | Top1: 0.5976 | Top5: 0.7766
  Train Batch [1726/1726] | Loss: 1.6838 | Top1: 0.5974 | Top5: 0.7762
  Train Epoch Time: 420.744s
  Val Batch [50/304] | Loss: 1.9340 | Top1: 0.7794 | Top5: 0.9100
  Val Batch [100/304] | Loss: 1.9469 | Top1: 0.7772 | Top5: 0.9131
  Val Batch [150/304] | Loss: 1.9304 | Top1: 0.7829 | Top5: 0.9127
  Val Batch [200/304] | Loss: 1.9302 | Top1: 0.7828 | Top5: 0.9123
  Val Batch [250/304] | Loss: 1.9401 | Top1: 0.7808 | Top5: 0.9126
  Val Batch [300/304] | Loss: 1.9326 | Top1: 0.7836 | Top5: 0.9131
  Val Batch [304/304] | Loss: 1.9325 | Top1: 0.7835 | Top5: 0.9129
  Val Epoch Time: 23.290s
Epoch [53/60] | Train Loss: 1.6838 | Train Top1: 0.5974 | Train Top5: 0.7762 | Val Loss: 1.9325 | Val Top1: 0.7835 | Val Top5: 0.9129 | LR: 2.66e-05 | Train Time: 420.744s | Val Time: 23.290s | Epoch Time: 444.033s

===== Epoch 54/60 (LR: 2.04e-05) =====
  Train Batch [50/1726] | Loss: 1.5484 | Top1: 0.6125 | Top5: 0.7606
  Train Batch [100/1726] | Loss: 1.6208 | Top1: 0.6166 | Top5: 0.7759
  Train Batch [150/1726] | Loss: 1.6665 | Top1: 0.6412 | Top5: 0.8085
  Train Batch [200/1726] | Loss: 1.6482 | Top1: 0.6383 | Top5: 0.8027
  Train Batch [250/1726] | Loss: 1.6529 | Top1: 0.6088 | Top5: 0.7800
  Train Batch [300/1726] | Loss: 1.6562 | Top1: 0.6064 | Top5: 0.7777
  Train Batch [350/1726] | Loss: 1.6673 | Top1: 0.6041 | Top5: 0.7779
  Train Batch [400/1726] | Loss: 1.6695 | Top1: 0.6101 | Top5: 0.7834
  Train Batch [450/1726] | Loss: 1.6645 | Top1: 0.6158 | Top5: 0.7867
  Train Batch [500/1726] | Loss: 1.6643 | Top1: 0.6127 | Top5: 0.7824
  Train Batch [550/1726] | Loss: 1.6675 | Top1: 0.6175 | Top5: 0.7877
  Train Batch [600/1726] | Loss: 1.6673 | Top1: 0.6167 | Top5: 0.7861
  Train Batch [650/1726] | Loss: 1.6685 | Top1: 0.6225 | Top5: 0.7895
  Train Batch [700/1726] | Loss: 1.6659 | Top1: 0.6133 | Top5: 0.7812
  Train Batch [750/1726] | Loss: 1.6647 | Top1: 0.6180 | Top5: 0.7836
  Train Batch [800/1726] | Loss: 1.6673 | Top1: 0.6172 | Top5: 0.7833
  Train Batch [850/1726] | Loss: 1.6712 | Top1: 0.6176 | Top5: 0.7851
  Train Batch [900/1726] | Loss: 1.6670 | Top1: 0.6175 | Top5: 0.7833
  Train Batch [950/1726] | Loss: 1.6647 | Top1: 0.6168 | Top5: 0.7825
  Train Batch [1000/1726] | Loss: 1.6636 | Top1: 0.6175 | Top5: 0.7822
  Train Batch [1050/1726] | Loss: 1.6690 | Top1: 0.6147 | Top5: 0.7830
  Train Batch [1100/1726] | Loss: 1.6748 | Top1: 0.6143 | Top5: 0.7855
  Train Batch [1150/1726] | Loss: 1.6777 | Top1: 0.6164 | Top5: 0.7878
  Train Batch [1200/1726] | Loss: 1.6759 | Top1: 0.6131 | Top5: 0.7846
  Train Batch [1250/1726] | Loss: 1.6776 | Top1: 0.6112 | Top5: 0.7837
  Train Batch [1300/1726] | Loss: 1.6768 | Top1: 0.6079 | Top5: 0.7807
  Train Batch [1350/1726] | Loss: 1.6799 | Top1: 0.6081 | Top5: 0.7815
  Train Batch [1400/1726] | Loss: 1.6796 | Top1: 0.6039 | Top5: 0.7784
  Train Batch [1450/1726] | Loss: 1.6790 | Top1: 0.6052 | Top5: 0.7796
  Train Batch [1500/1726] | Loss: 1.6792 | Top1: 0.6076 | Top5: 0.7819
  Train Batch [1550/1726] | Loss: 1.6819 | Top1: 0.6033 | Top5: 0.7796
  Train Batch [1600/1726] | Loss: 1.6812 | Top1: 0.6060 | Top5: 0.7814
  Train Batch [1650/1726] | Loss: 1.6832 | Top1: 0.6056 | Top5: 0.7830
  Train Batch [1700/1726] | Loss: 1.6806 | Top1: 0.6020 | Top5: 0.7799
  Train Batch [1726/1726] | Loss: 1.6798 | Top1: 0.6015 | Top5: 0.7797
  Train Epoch Time: 418.302s
  Val Batch [50/304] | Loss: 1.9419 | Top1: 0.7812 | Top5: 0.9087
  Val Batch [100/304] | Loss: 1.9582 | Top1: 0.7788 | Top5: 0.9116
  Val Batch [150/304] | Loss: 1.9381 | Top1: 0.7827 | Top5: 0.9133
  Val Batch [200/304] | Loss: 1.9375 | Top1: 0.7837 | Top5: 0.9122
  Val Batch [250/304] | Loss: 1.9455 | Top1: 0.7816 | Top5: 0.9125
  Val Batch [300/304] | Loss: 1.9361 | Top1: 0.7841 | Top5: 0.9133
  Val Batch [304/304] | Loss: 1.9357 | Top1: 0.7841 | Top5: 0.9130
  Val Epoch Time: 22.982s
Epoch [54/60] | Train Loss: 1.6798 | Train Top1: 0.6015 | Train Top5: 0.7797 | Val Loss: 1.9357 | Val Top1: 0.7841 | Val Top5: 0.9130 | LR: 2.04e-05 | Train Time: 418.302s | Val Time: 22.982s | Epoch Time: 441.284s
Saved best checkpoint to: C:\Users\ljh20\MCS\CS273P\Model_California_Birds\outputs\output_20260308_135130\checkpoints\convnext_base.fb_in22k_ft_in1k_best.pth

===== Epoch 55/60 (LR: 1.51e-05) =====
  Train Batch [50/1726] | Loss: 1.7740 | Top1: 0.5150 | Top5: 0.7412
  Train Batch [100/1726] | Loss: 1.6479 | Top1: 0.5797 | Top5: 0.7531
  Train Batch [150/1726] | Loss: 1.6414 | Top1: 0.5671 | Top5: 0.7438
  Train Batch [200/1726] | Loss: 1.6500 | Top1: 0.5592 | Top5: 0.7412
  Train Batch [250/1726] | Loss: 1.6374 | Top1: 0.5799 | Top5: 0.7510
  Train Batch [300/1726] | Loss: 1.6474 | Top1: 0.5873 | Top5: 0.7653
  Train Batch [350/1726] | Loss: 1.6556 | Top1: 0.6016 | Top5: 0.7774
  Train Batch [400/1726] | Loss: 1.6467 | Top1: 0.5953 | Top5: 0.7675
  Train Batch [450/1726] | Loss: 1.6457 | Top1: 0.5867 | Top5: 0.7580
  Train Batch [500/1726] | Loss: 1.6470 | Top1: 0.5799 | Top5: 0.7534
  Train Batch [550/1726] | Loss: 1.6478 | Top1: 0.5814 | Top5: 0.7524
  Train Batch [600/1726] | Loss: 1.6545 | Top1: 0.5889 | Top5: 0.7601
  Train Batch [650/1726] | Loss: 1.6593 | Top1: 0.5919 | Top5: 0.7663
  Train Batch [700/1726] | Loss: 1.6590 | Top1: 0.5972 | Top5: 0.7691
  Train Batch [750/1726] | Loss: 1.6566 | Top1: 0.5989 | Top5: 0.7719
  Train Batch [800/1726] | Loss: 1.6564 | Top1: 0.5974 | Top5: 0.7710
  Train Batch [850/1726] | Loss: 1.6656 | Top1: 0.5968 | Top5: 0.7722
  Train Batch [900/1726] | Loss: 1.6623 | Top1: 0.5971 | Top5: 0.7732
  Train Batch [950/1726] | Loss: 1.6654 | Top1: 0.6007 | Top5: 0.7761
  Train Batch [1000/1726] | Loss: 1.6692 | Top1: 0.5992 | Top5: 0.7768
  Train Batch [1050/1726] | Loss: 1.6687 | Top1: 0.6025 | Top5: 0.7792
  Train Batch [1100/1726] | Loss: 1.6669 | Top1: 0.6061 | Top5: 0.7794
  Train Batch [1150/1726] | Loss: 1.6696 | Top1: 0.6064 | Top5: 0.7807
  Train Batch [1200/1726] | Loss: 1.6654 | Top1: 0.6063 | Top5: 0.7795
  Train Batch [1250/1726] | Loss: 1.6643 | Top1: 0.6087 | Top5: 0.7810
  Train Batch [1300/1726] | Loss: 1.6580 | Top1: 0.6082 | Top5: 0.7789
  Train Batch [1350/1726] | Loss: 1.6601 | Top1: 0.6098 | Top5: 0.7809
  Train Batch [1400/1726] | Loss: 1.6619 | Top1: 0.6102 | Top5: 0.7813
  Train Batch [1450/1726] | Loss: 1.6625 | Top1: 0.6101 | Top5: 0.7814
  Train Batch [1500/1726] | Loss: 1.6618 | Top1: 0.6105 | Top5: 0.7814
  Train Batch [1550/1726] | Loss: 1.6637 | Top1: 0.6128 | Top5: 0.7834
  Train Batch [1600/1726] | Loss: 1.6631 | Top1: 0.6082 | Top5: 0.7800
  Train Batch [1650/1726] | Loss: 1.6642 | Top1: 0.6089 | Top5: 0.7813
  Train Batch [1700/1726] | Loss: 1.6662 | Top1: 0.6098 | Top5: 0.7829
  Train Batch [1726/1726] | Loss: 1.6659 | Top1: 0.6101 | Top5: 0.7832
  Train Epoch Time: 418.896s
  Val Batch [50/304] | Loss: 1.9396 | Top1: 0.7850 | Top5: 0.9069
  Val Batch [100/304] | Loss: 1.9540 | Top1: 0.7822 | Top5: 0.9100
  Val Batch [150/304] | Loss: 1.9369 | Top1: 0.7863 | Top5: 0.9125
  Val Batch [200/304] | Loss: 1.9376 | Top1: 0.7869 | Top5: 0.9125
  Val Batch [250/304] | Loss: 1.9433 | Top1: 0.7850 | Top5: 0.9124
  Val Batch [300/304] | Loss: 1.9343 | Top1: 0.7876 | Top5: 0.9133
  Val Batch [304/304] | Loss: 1.9344 | Top1: 0.7872 | Top5: 0.9131
  Val Epoch Time: 23.017s
Epoch [55/60] | Train Loss: 1.6659 | Train Top1: 0.6101 | Train Top5: 0.7832 | Val Loss: 1.9344 | Val Top1: 0.7872 | Val Top5: 0.9131 | LR: 1.51e-05 | Train Time: 418.896s | Val Time: 23.017s | Epoch Time: 441.914s
Saved best checkpoint to: C:\Users\ljh20\MCS\CS273P\Model_California_Birds\outputs\output_20260308_135130\checkpoints\convnext_base.fb_in22k_ft_in1k_best.pth

===== Epoch 56/60 (LR: 1.05e-05) =====
  Train Batch [50/1726] | Loss: 1.6572 | Top1: 0.5350 | Top5: 0.7356
  Train Batch [100/1726] | Loss: 1.6963 | Top1: 0.5453 | Top5: 0.7500
  Train Batch [150/1726] | Loss: 1.7096 | Top1: 0.5542 | Top5: 0.7625
  Train Batch [200/1726] | Loss: 1.6967 | Top1: 0.5713 | Top5: 0.7695
  Train Batch [250/1726] | Loss: 1.7071 | Top1: 0.5799 | Top5: 0.7867
  Train Batch [300/1726] | Loss: 1.7009 | Top1: 0.5864 | Top5: 0.7896
  Train Batch [350/1726] | Loss: 1.6926 | Top1: 0.5859 | Top5: 0.7841
  Train Batch [400/1726] | Loss: 1.6846 | Top1: 0.5909 | Top5: 0.7828
  Train Batch [450/1726] | Loss: 1.6895 | Top1: 0.6010 | Top5: 0.7885
  Train Batch [500/1726] | Loss: 1.6886 | Top1: 0.5989 | Top5: 0.7879
  Train Batch [550/1726] | Loss: 1.6794 | Top1: 0.5970 | Top5: 0.7829
  Train Batch [600/1726] | Loss: 1.6765 | Top1: 0.5988 | Top5: 0.7865
  Train Batch [650/1726] | Loss: 1.6750 | Top1: 0.6049 | Top5: 0.7897
  Train Batch [700/1726] | Loss: 1.6726 | Top1: 0.6033 | Top5: 0.7872
  Train Batch [750/1726] | Loss: 1.6712 | Top1: 0.6020 | Top5: 0.7836
  Train Batch [800/1726] | Loss: 1.6771 | Top1: 0.6012 | Top5: 0.7861
  Train Batch [850/1726] | Loss: 1.6757 | Top1: 0.6074 | Top5: 0.7898
  Train Batch [900/1726] | Loss: 1.6768 | Top1: 0.6024 | Top5: 0.7867
  Train Batch [950/1726] | Loss: 1.6767 | Top1: 0.6018 | Top5: 0.7869
  Train Batch [1000/1726] | Loss: 1.6757 | Top1: 0.6022 | Top5: 0.7877
  Train Batch [1050/1726] | Loss: 1.6805 | Top1: 0.6046 | Top5: 0.7900
  Train Batch [1100/1726] | Loss: 1.6833 | Top1: 0.6003 | Top5: 0.7880
  Train Batch [1150/1726] | Loss: 1.6814 | Top1: 0.5968 | Top5: 0.7855
  Train Batch [1200/1726] | Loss: 1.6729 | Top1: 0.6009 | Top5: 0.7859
  Train Batch [1250/1726] | Loss: 1.6762 | Top1: 0.6011 | Top5: 0.7874
  Train Batch [1300/1726] | Loss: 1.6771 | Top1: 0.5991 | Top5: 0.7872
  Train Batch [1350/1726] | Loss: 1.6757 | Top1: 0.5960 | Top5: 0.7839
  Train Batch [1400/1726] | Loss: 1.6758 | Top1: 0.5979 | Top5: 0.7855
  Train Batch [1450/1726] | Loss: 1.6764 | Top1: 0.6010 | Top5: 0.7877
  Train Batch [1500/1726] | Loss: 1.6759 | Top1: 0.6016 | Top5: 0.7879
  Train Batch [1550/1726] | Loss: 1.6779 | Top1: 0.6025 | Top5: 0.7901
  Train Batch [1600/1726] | Loss: 1.6741 | Top1: 0.6045 | Top5: 0.7908
  Train Batch [1650/1726] | Loss: 1.6742 | Top1: 0.6079 | Top5: 0.7934
  Train Batch [1700/1726] | Loss: 1.6724 | Top1: 0.6063 | Top5: 0.7911
  Train Batch [1726/1726] | Loss: 1.6713 | Top1: 0.6063 | Top5: 0.7916
  Train Epoch Time: 418.817s
  Val Batch [50/304] | Loss: 1.9356 | Top1: 0.7831 | Top5: 0.9087
  Val Batch [100/304] | Loss: 1.9530 | Top1: 0.7794 | Top5: 0.9100
  Val Batch [150/304] | Loss: 1.9367 | Top1: 0.7835 | Top5: 0.9108
  Val Batch [200/304] | Loss: 1.9374 | Top1: 0.7841 | Top5: 0.9116
  Val Batch [250/304] | Loss: 1.9452 | Top1: 0.7820 | Top5: 0.9119
  Val Batch [300/304] | Loss: 1.9363 | Top1: 0.7859 | Top5: 0.9132
  Val Batch [304/304] | Loss: 1.9364 | Top1: 0.7857 | Top5: 0.9131
  Val Epoch Time: 22.981s
Epoch [56/60] | Train Loss: 1.6713 | Train Top1: 0.6063 | Train Top5: 0.7916 | Val Loss: 1.9364 | Val Top1: 0.7857 | Val Top5: 0.9131 | LR: 1.05e-05 | Train Time: 418.817s | Val Time: 22.981s | Epoch Time: 441.798s

===== Epoch 57/60 (LR: 6.74e-06) =====
  Train Batch [50/1726] | Loss: 1.7522 | Top1: 0.6144 | Top5: 0.8431
  Train Batch [100/1726] | Loss: 1.6744 | Top1: 0.5791 | Top5: 0.7947
  Train Batch [150/1726] | Loss: 1.6598 | Top1: 0.5969 | Top5: 0.7983
  Train Batch [200/1726] | Loss: 1.6562 | Top1: 0.6067 | Top5: 0.7956
  Train Batch [250/1726] | Loss: 1.6590 | Top1: 0.6151 | Top5: 0.8051
  Train Batch [300/1726] | Loss: 1.6529 | Top1: 0.6196 | Top5: 0.8056
  Train Batch [350/1726] | Loss: 1.6586 | Top1: 0.6312 | Top5: 0.8128
  Train Batch [400/1726] | Loss: 1.6542 | Top1: 0.6448 | Top5: 0.8219
  Train Batch [450/1726] | Loss: 1.6430 | Top1: 0.6494 | Top5: 0.8234
  Train Batch [500/1726] | Loss: 1.6331 | Top1: 0.6568 | Top5: 0.8259
  Train Batch [550/1726] | Loss: 1.6385 | Top1: 0.6566 | Top5: 0.8252
  Train Batch [600/1726] | Loss: 1.6442 | Top1: 0.6509 | Top5: 0.8245
  Train Batch [650/1726] | Loss: 1.6414 | Top1: 0.6464 | Top5: 0.8194
  Train Batch [700/1726] | Loss: 1.6368 | Top1: 0.6483 | Top5: 0.8204
  Train Batch [750/1726] | Loss: 1.6440 | Top1: 0.6482 | Top5: 0.8211
  Train Batch [800/1726] | Loss: 1.6449 | Top1: 0.6452 | Top5: 0.8213
  Train Batch [850/1726] | Loss: 1.6426 | Top1: 0.6408 | Top5: 0.8185
  Train Batch [900/1726] | Loss: 1.6462 | Top1: 0.6408 | Top5: 0.8182
  Train Batch [950/1726] | Loss: 1.6422 | Top1: 0.6398 | Top5: 0.8141
  Train Batch [1000/1726] | Loss: 1.6400 | Top1: 0.6402 | Top5: 0.8130
  Train Batch [1050/1726] | Loss: 1.6363 | Top1: 0.6341 | Top5: 0.8076
  Train Batch [1100/1726] | Loss: 1.6385 | Top1: 0.6287 | Top5: 0.8030
  Train Batch [1150/1726] | Loss: 1.6381 | Top1: 0.6295 | Top5: 0.8024
  Train Batch [1200/1726] | Loss: 1.6370 | Top1: 0.6300 | Top5: 0.8013
  Train Batch [1250/1726] | Loss: 1.6424 | Top1: 0.6284 | Top5: 0.8017
  Train Batch [1300/1726] | Loss: 1.6401 | Top1: 0.6308 | Top5: 0.8028
  Train Batch [1350/1726] | Loss: 1.6424 | Top1: 0.6291 | Top5: 0.8029
  Train Batch [1400/1726] | Loss: 1.6451 | Top1: 0.6284 | Top5: 0.8029
  Train Batch [1450/1726] | Loss: 1.6407 | Top1: 0.6292 | Top5: 0.8022
  Train Batch [1500/1726] | Loss: 1.6403 | Top1: 0.6247 | Top5: 0.7980
  Train Batch [1550/1726] | Loss: 1.6398 | Top1: 0.6271 | Top5: 0.7996
  Train Batch [1600/1726] | Loss: 1.6417 | Top1: 0.6270 | Top5: 0.8004
  Train Batch [1650/1726] | Loss: 1.6397 | Top1: 0.6272 | Top5: 0.7993
  Train Batch [1700/1726] | Loss: 1.6372 | Top1: 0.6241 | Top5: 0.7960
  Train Batch [1726/1726] | Loss: 1.6387 | Top1: 0.6241 | Top5: 0.7966
  Train Epoch Time: 417.956s
  Val Batch [50/304] | Loss: 1.9439 | Top1: 0.7819 | Top5: 0.9094
  Val Batch [100/304] | Loss: 1.9566 | Top1: 0.7775 | Top5: 0.9106
  Val Batch [150/304] | Loss: 1.9399 | Top1: 0.7833 | Top5: 0.9119
  Val Batch [200/304] | Loss: 1.9408 | Top1: 0.7839 | Top5: 0.9117
  Val Batch [250/304] | Loss: 1.9490 | Top1: 0.7817 | Top5: 0.9117
  Val Batch [300/304] | Loss: 1.9394 | Top1: 0.7856 | Top5: 0.9126
  Val Batch [304/304] | Loss: 1.9397 | Top1: 0.7854 | Top5: 0.9124
  Val Epoch Time: 23.124s
Epoch [57/60] | Train Loss: 1.6387 | Train Top1: 0.6241 | Train Top5: 0.7966 | Val Loss: 1.9397 | Val Top1: 0.7854 | Val Top5: 0.9124 | LR: 6.74e-06 | Train Time: 417.956s | Val Time: 23.124s | Epoch Time: 441.079s

===== Epoch 58/60 (LR: 3.80e-06) =====
  Train Batch [50/1726] | Loss: 1.6224 | Top1: 0.5531 | Top5: 0.7069
  Train Batch [100/1726] | Loss: 1.6530 | Top1: 0.5763 | Top5: 0.7528
  Train Batch [150/1726] | Loss: 1.6075 | Top1: 0.6067 | Top5: 0.7629
  Train Batch [200/1726] | Loss: 1.6386 | Top1: 0.5947 | Top5: 0.7631
  Train Batch [250/1726] | Loss: 1.6478 | Top1: 0.5839 | Top5: 0.7608
  Train Batch [300/1726] | Loss: 1.6435 | Top1: 0.5899 | Top5: 0.7600
  Train Batch [350/1726] | Loss: 1.6381 | Top1: 0.6031 | Top5: 0.7710
  Train Batch [400/1726] | Loss: 1.6546 | Top1: 0.6028 | Top5: 0.7804
  Train Batch [450/1726] | Loss: 1.6556 | Top1: 0.5969 | Top5: 0.7761
  Train Batch [500/1726] | Loss: 1.6446 | Top1: 0.5824 | Top5: 0.7645
  Train Batch [550/1726] | Loss: 1.6454 | Top1: 0.5761 | Top5: 0.7589
  Train Batch [600/1726] | Loss: 1.6446 | Top1: 0.5756 | Top5: 0.7594
  Train Batch [650/1726] | Loss: 1.6438 | Top1: 0.5828 | Top5: 0.7655
  Train Batch [700/1726] | Loss: 1.6404 | Top1: 0.5867 | Top5: 0.7671
  Train Batch [750/1726] | Loss: 1.6375 | Top1: 0.5894 | Top5: 0.7696
  Train Batch [800/1726] | Loss: 1.6363 | Top1: 0.5941 | Top5: 0.7729
  Train Batch [850/1726] | Loss: 1.6378 | Top1: 0.5952 | Top5: 0.7758
  Train Batch [900/1726] | Loss: 1.6352 | Top1: 0.5916 | Top5: 0.7728
  Train Batch [950/1726] | Loss: 1.6319 | Top1: 0.5917 | Top5: 0.7724
  Train Batch [1000/1726] | Loss: 1.6300 | Top1: 0.5988 | Top5: 0.7766
  Train Batch [1050/1726] | Loss: 1.6232 | Top1: 0.5997 | Top5: 0.7757
  Train Batch [1100/1726] | Loss: 1.6266 | Top1: 0.6010 | Top5: 0.7771
  Train Batch [1150/1726] | Loss: 1.6279 | Top1: 0.6010 | Top5: 0.7777
  Train Batch [1200/1726] | Loss: 1.6297 | Top1: 0.6032 | Top5: 0.7787
  Train Batch [1250/1726] | Loss: 1.6298 | Top1: 0.6043 | Top5: 0.7803
  Train Batch [1300/1726] | Loss: 1.6318 | Top1: 0.6062 | Top5: 0.7810
  Train Batch [1350/1726] | Loss: 1.6288 | Top1: 0.6054 | Top5: 0.7800
  Train Batch [1400/1726] | Loss: 1.6302 | Top1: 0.6028 | Top5: 0.7794
  Train Batch [1450/1726] | Loss: 1.6284 | Top1: 0.6059 | Top5: 0.7812
  Train Batch [1500/1726] | Loss: 1.6308 | Top1: 0.6052 | Top5: 0.7812
  Train Batch [1550/1726] | Loss: 1.6320 | Top1: 0.6085 | Top5: 0.7832
  Train Batch [1600/1726] | Loss: 1.6340 | Top1: 0.6097 | Top5: 0.7837
  Train Batch [1650/1726] | Loss: 1.6341 | Top1: 0.6105 | Top5: 0.7847
  Train Batch [1700/1726] | Loss: 1.6321 | Top1: 0.6119 | Top5: 0.7856
  Train Batch [1726/1726] | Loss: 1.6314 | Top1: 0.6128 | Top5: 0.7862
  Train Epoch Time: 418.673s
  Val Batch [50/304] | Loss: 1.9369 | Top1: 0.7837 | Top5: 0.9094
  Val Batch [100/304] | Loss: 1.9505 | Top1: 0.7819 | Top5: 0.9109
  Val Batch [150/304] | Loss: 1.9366 | Top1: 0.7860 | Top5: 0.9117
  Val Batch [200/304] | Loss: 1.9383 | Top1: 0.7858 | Top5: 0.9114
  Val Batch [250/304] | Loss: 1.9461 | Top1: 0.7829 | Top5: 0.9114
  Val Batch [300/304] | Loss: 1.9368 | Top1: 0.7863 | Top5: 0.9126
  Val Batch [304/304] | Loss: 1.9371 | Top1: 0.7859 | Top5: 0.9124
  Val Epoch Time: 22.981s
Epoch [58/60] | Train Loss: 1.6314 | Train Top1: 0.6128 | Train Top5: 0.7862 | Val Loss: 1.9371 | Val Top1: 0.7859 | Val Top5: 0.9124 | LR: 3.80e-06 | Train Time: 418.673s | Val Time: 22.981s | Epoch Time: 441.654s

===== Epoch 59/60 (LR: 1.69e-06) =====
  Train Batch [50/1726] | Loss: 1.4914 | Top1: 0.6119 | Top5: 0.7412
  Train Batch [100/1726] | Loss: 1.5275 | Top1: 0.6400 | Top5: 0.7828
  Train Batch [150/1726] | Loss: 1.5596 | Top1: 0.6698 | Top5: 0.8108
  Train Batch [200/1726] | Loss: 1.5588 | Top1: 0.6805 | Top5: 0.8175
  Train Batch [250/1726] | Loss: 1.5731 | Top1: 0.6924 | Top5: 0.8296
  Train Batch [300/1726] | Loss: 1.5742 | Top1: 0.6863 | Top5: 0.8276
  Train Batch [350/1726] | Loss: 1.5859 | Top1: 0.6739 | Top5: 0.8182
  Train Batch [400/1726] | Loss: 1.5892 | Top1: 0.6747 | Top5: 0.8216
  Train Batch [450/1726] | Loss: 1.5945 | Top1: 0.6641 | Top5: 0.8137
  Train Batch [500/1726] | Loss: 1.5879 | Top1: 0.6657 | Top5: 0.8104
  Train Batch [550/1726] | Loss: 1.5986 | Top1: 0.6672 | Top5: 0.8165
  Train Batch [600/1726] | Loss: 1.6092 | Top1: 0.6665 | Top5: 0.8211
  Train Batch [650/1726] | Loss: 1.6111 | Top1: 0.6678 | Top5: 0.8230
  Train Batch [700/1726] | Loss: 1.6105 | Top1: 0.6653 | Top5: 0.8191
  Train Batch [750/1726] | Loss: 1.6089 | Top1: 0.6657 | Top5: 0.8184
  Train Batch [800/1726] | Loss: 1.6037 | Top1: 0.6698 | Top5: 0.8195
  Train Batch [850/1726] | Loss: 1.6132 | Top1: 0.6671 | Top5: 0.8213
  Train Batch [900/1726] | Loss: 1.6117 | Top1: 0.6610 | Top5: 0.8161
  Train Batch [950/1726] | Loss: 1.6207 | Top1: 0.6507 | Top5: 0.8114
  Train Batch [1000/1726] | Loss: 1.6181 | Top1: 0.6460 | Top5: 0.8077
  Train Batch [1050/1726] | Loss: 1.6210 | Top1: 0.6462 | Top5: 0.8088
  Train Batch [1100/1726] | Loss: 1.6209 | Top1: 0.6477 | Top5: 0.8119
  Train Batch [1150/1726] | Loss: 1.6219 | Top1: 0.6455 | Top5: 0.8104
  Train Batch [1200/1726] | Loss: 1.6221 | Top1: 0.6440 | Top5: 0.8088
  Train Batch [1250/1726] | Loss: 1.6225 | Top1: 0.6437 | Top5: 0.8079
  Train Batch [1300/1726] | Loss: 1.6212 | Top1: 0.6424 | Top5: 0.8059
  Train Batch [1350/1726] | Loss: 1.6198 | Top1: 0.6387 | Top5: 0.8019
  Train Batch [1400/1726] | Loss: 1.6226 | Top1: 0.6414 | Top5: 0.8039
  Train Batch [1450/1726] | Loss: 1.6229 | Top1: 0.6448 | Top5: 0.8055
  Train Batch [1500/1726] | Loss: 1.6233 | Top1: 0.6435 | Top5: 0.8045
  Train Batch [1550/1726] | Loss: 1.6219 | Top1: 0.6433 | Top5: 0.8036
  Train Batch [1600/1726] | Loss: 1.6227 | Top1: 0.6397 | Top5: 0.8008
  Train Batch [1650/1726] | Loss: 1.6255 | Top1: 0.6414 | Top5: 0.8029
  Train Batch [1700/1726] | Loss: 1.6248 | Top1: 0.6434 | Top5: 0.8044
  Train Batch [1726/1726] | Loss: 1.6270 | Top1: 0.6427 | Top5: 0.8052
  Train Epoch Time: 419.580s
  Val Batch [50/304] | Loss: 1.9370 | Top1: 0.7850 | Top5: 0.9087
  Val Batch [100/304] | Loss: 1.9500 | Top1: 0.7819 | Top5: 0.9103
  Val Batch [150/304] | Loss: 1.9354 | Top1: 0.7865 | Top5: 0.9127
  Val Batch [200/304] | Loss: 1.9368 | Top1: 0.7861 | Top5: 0.9117
  Val Batch [250/304] | Loss: 1.9444 | Top1: 0.7833 | Top5: 0.9117
  Val Batch [300/304] | Loss: 1.9351 | Top1: 0.7868 | Top5: 0.9129
  Val Batch [304/304] | Loss: 1.9353 | Top1: 0.7865 | Top5: 0.9127
  Val Epoch Time: 23.155s
Epoch [59/60] | Train Loss: 1.6270 | Train Top1: 0.6427 | Train Top5: 0.8052 | Val Loss: 1.9353 | Val Top1: 0.7865 | Val Top5: 0.9127 | LR: 1.69e-06 | Train Time: 419.580s | Val Time: 23.155s | Epoch Time: 442.735s

===== Epoch 60/60 (LR: 4.24e-07) =====
  Train Batch [50/1726] | Loss: 1.6177 | Top1: 0.5194 | Top5: 0.7056
  Train Batch [100/1726] | Loss: 1.6337 | Top1: 0.5413 | Top5: 0.7309
  Train Batch [150/1726] | Loss: 1.6056 | Top1: 0.5398 | Top5: 0.7100
  Train Batch [200/1726] | Loss: 1.6210 | Top1: 0.5417 | Top5: 0.7283
  Train Batch [250/1726] | Loss: 1.6346 | Top1: 0.5543 | Top5: 0.7418
  Train Batch [300/1726] | Loss: 1.6284 | Top1: 0.5585 | Top5: 0.7483
  Train Batch [350/1726] | Loss: 1.6333 | Top1: 0.5632 | Top5: 0.7542
  Train Batch [400/1726] | Loss: 1.6478 | Top1: 0.5714 | Top5: 0.7664
  Train Batch [450/1726] | Loss: 1.6509 | Top1: 0.5740 | Top5: 0.7710
  Train Batch [500/1726] | Loss: 1.6508 | Top1: 0.5804 | Top5: 0.7752
  Train Batch [550/1726] | Loss: 1.6474 | Top1: 0.5765 | Top5: 0.7710
  Train Batch [600/1726] | Loss: 1.6484 | Top1: 0.5758 | Top5: 0.7696
  Train Batch [650/1726] | Loss: 1.6503 | Top1: 0.5813 | Top5: 0.7736
  Train Batch [700/1726] | Loss: 1.6499 | Top1: 0.5858 | Top5: 0.7746
  Train Batch [750/1726] | Loss: 1.6557 | Top1: 0.5952 | Top5: 0.7841
  Train Batch [800/1726] | Loss: 1.6544 | Top1: 0.6022 | Top5: 0.7876
  Train Batch [850/1726] | Loss: 1.6552 | Top1: 0.6018 | Top5: 0.7864
  Train Batch [900/1726] | Loss: 1.6546 | Top1: 0.6020 | Top5: 0.7865
  Train Batch [950/1726] | Loss: 1.6562 | Top1: 0.6046 | Top5: 0.7879
  Train Batch [1000/1726] | Loss: 1.6584 | Top1: 0.6071 | Top5: 0.7908
  Train Batch [1050/1726] | Loss: 1.6524 | Top1: 0.6092 | Top5: 0.7898
  Train Batch [1100/1726] | Loss: 1.6523 | Top1: 0.6114 | Top5: 0.7905
  Train Batch [1150/1726] | Loss: 1.6497 | Top1: 0.6121 | Top5: 0.7893
  Train Batch [1200/1726] | Loss: 1.6486 | Top1: 0.6115 | Top5: 0.7882
  Train Batch [1250/1726] | Loss: 1.6488 | Top1: 0.6077 | Top5: 0.7853
  Train Batch [1300/1726] | Loss: 1.6541 | Top1: 0.6093 | Top5: 0.7884
  Train Batch [1350/1726] | Loss: 1.6527 | Top1: 0.6073 | Top5: 0.7873
  Train Batch [1400/1726] | Loss: 1.6517 | Top1: 0.6069 | Top5: 0.7867
  Train Batch [1450/1726] | Loss: 1.6489 | Top1: 0.6074 | Top5: 0.7854
  Train Batch [1500/1726] | Loss: 1.6525 | Top1: 0.6100 | Top5: 0.7889
  Train Batch [1550/1726] | Loss: 1.6510 | Top1: 0.6095 | Top5: 0.7878
  Train Batch [1600/1726] | Loss: 1.6549 | Top1: 0.6104 | Top5: 0.7898
  Train Batch [1650/1726] | Loss: 1.6550 | Top1: 0.6098 | Top5: 0.7898
  Train Batch [1700/1726] | Loss: 1.6552 | Top1: 0.6046 | Top5: 0.7861
  Train Batch [1726/1726] | Loss: 1.6558 | Top1: 0.6059 | Top5: 0.7869
  Train Epoch Time: 417.903s
  Val Batch [50/304] | Loss: 1.9370 | Top1: 0.7863 | Top5: 0.9087
  Val Batch [100/304] | Loss: 1.9505 | Top1: 0.7825 | Top5: 0.9106
  Val Batch [150/304] | Loss: 1.9356 | Top1: 0.7869 | Top5: 0.9123
  Val Batch [200/304] | Loss: 1.9371 | Top1: 0.7866 | Top5: 0.9114
  Val Batch [250/304] | Loss: 1.9446 | Top1: 0.7836 | Top5: 0.9116
  Val Batch [300/304] | Loss: 1.9353 | Top1: 0.7871 | Top5: 0.9128
  Val Batch [304/304] | Loss: 1.9355 | Top1: 0.7867 | Top5: 0.9127
  Val Epoch Time: 22.970s
Epoch [60/60] | Train Loss: 1.6558 | Train Top1: 0.6059 | Train Top5: 0.7869 | Val Loss: 1.9355 | Val Top1: 0.7867 | Val Top5: 0.9127 | LR: 4.24e-07 | Train Time: 417.903s | Val Time: 22.970s | Epoch Time: 440.873s
Saved last checkpoint to: C:\Users\ljh20\MCS\CS273P\Model_California_Birds\outputs\output_20260308_135130\checkpoints\convnext_base.fb_in22k_ft_in1k_last.pth

Best Epoch: 55 | Best Val Top1: 0.7872 | Best Val Top5: 0.9131
Total Train Time: 25185.944s | Total Val Time: 1397.045s | Total Runtime: 26591.897s

Experiment result appended to: C:\Users\ljh20\MCS\CS273P\Model_California_Birds\outputs\output_20260308_135130\logs\experiment_results.csv
Archived outputs to: C:\Users\ljh20\MCS\CS273P\Model_California_Birds\output_20260308_211453_bd7935bf
