Number of classes: 657
Train batches: 863
Val batches: 152

===== Epoch 1/60 (LR: 4.00e-05) =====
  Train Batch [50/863] | Loss: 6.4941 | Top1: 0.0022 | Top5: 0.0100
  Train Batch [100/863] | Loss: 6.4868 | Top1: 0.0025 | Top5: 0.0117
  Train Batch [150/863] | Loss: 6.4797 | Top1: 0.0030 | Top5: 0.0121
  Train Batch [200/863] | Loss: 6.4710 | Top1: 0.0033 | Top5: 0.0127
  Train Batch [250/863] | Loss: 6.4586 | Top1: 0.0043 | Top5: 0.0152
  Train Batch [300/863] | Loss: 6.4367 | Top1: 0.0049 | Top5: 0.0178
  Train Batch [350/863] | Loss: 6.4077 | Top1: 0.0060 | Top5: 0.0212
  Train Batch [400/863] | Loss: 6.3748 | Top1: 0.0071 | Top5: 0.0253
  Train Batch [450/863] | Loss: 6.3274 | Top1: 0.0095 | Top5: 0.0326
  Train Batch [500/863] | Loss: 6.2727 | Top1: 0.0120 | Top5: 0.0406
  Train Batch [550/863] | Loss: 6.2194 | Top1: 0.0152 | Top5: 0.0492
  Train Batch [600/863] | Loss: 6.1640 | Top1: 0.0194 | Top5: 0.0596
  Train Batch [650/863] | Loss: 6.0959 | Top1: 0.0228 | Top5: 0.0688
  Train Batch [700/863] | Loss: 6.0315 | Top1: 0.0264 | Top5: 0.0771
  Train Batch [750/863] | Loss: 5.9664 | Top1: 0.0304 | Top5: 0.0864
  Train Batch [800/863] | Loss: 5.9077 | Top1: 0.0338 | Top5: 0.0938
  Train Batch [850/863] | Loss: 5.8512 | Top1: 0.0379 | Top5: 0.1033
  Train Batch [863/863] | Loss: 5.8386 | Top1: 0.0389 | Top5: 0.1055
  Train Epoch Time: 222.939s
  Val Batch [50/152] | Loss: 4.0028 | Top1: 0.2897 | Top5: 0.5841
  Val Batch [100/152] | Loss: 4.0026 | Top1: 0.2831 | Top5: 0.5825
  Val Batch [150/152] | Loss: 4.0070 | Top1: 0.2828 | Top5: 0.5798
  Val Batch [152/152] | Loss: 4.0080 | Top1: 0.2828 | Top5: 0.5801
  Val Epoch Time: 19.655s
Epoch [1/60] | Train Loss: 5.8386 | Train Top1: 0.0389 | Train Top5: 0.1055 | Val Loss: 4.0080 | Val Top1: 0.2828 | Val Top5: 0.5801 | LR: 4.00e-05 | Train Time: 222.939s | Val Time: 19.655s | Epoch Time: 242.594s
Saved best checkpoint to: C:\Users\ljh20\MCS\CS273P\Model_California_Birds\outputs\output_20260308_104235\checkpoints\resnet50_best.pth

===== Epoch 2/60 (LR: 1.04e-04) =====
  Train Batch [50/863] | Loss: 4.8237 | Top1: 0.1263 | Top5: 0.2963
  Train Batch [100/863] | Loss: 4.7761 | Top1: 0.1425 | Top5: 0.3202
  Train Batch [150/863] | Loss: 4.7619 | Top1: 0.1452 | Top5: 0.3254
  Train Batch [200/863] | Loss: 4.7021 | Top1: 0.1455 | Top5: 0.3240
  Train Batch [250/863] | Loss: 4.6433 | Top1: 0.1519 | Top5: 0.3310
  Train Batch [300/863] | Loss: 4.6127 | Top1: 0.1576 | Top5: 0.3383
  Train Batch [350/863] | Loss: 4.5888 | Top1: 0.1589 | Top5: 0.3397
  Train Batch [400/863] | Loss: 4.5627 | Top1: 0.1564 | Top5: 0.3350
  Train Batch [450/863] | Loss: 4.5277 | Top1: 0.1594 | Top5: 0.3370
  Train Batch [500/863] | Loss: 4.5156 | Top1: 0.1625 | Top5: 0.3409
  Train Batch [550/863] | Loss: 4.4941 | Top1: 0.1660 | Top5: 0.3455
  Train Batch [600/863] | Loss: 4.4663 | Top1: 0.1695 | Top5: 0.3504
  Train Batch [650/863] | Loss: 4.4477 | Top1: 0.1753 | Top5: 0.3592
  Train Batch [700/863] | Loss: 4.4301 | Top1: 0.1777 | Top5: 0.3623
  Train Batch [750/863] | Loss: 4.4114 | Top1: 0.1822 | Top5: 0.3693
  Train Batch [800/863] | Loss: 4.4098 | Top1: 0.1842 | Top5: 0.3716
  Train Batch [850/863] | Loss: 4.4024 | Top1: 0.1850 | Top5: 0.3710
  Train Batch [863/863] | Loss: 4.4049 | Top1: 0.1842 | Top5: 0.3697
  Train Epoch Time: 172.969s
  Val Batch [50/152] | Loss: 3.1234 | Top1: 0.4575 | Top5: 0.7588
  Val Batch [100/152] | Loss: 3.1305 | Top1: 0.4547 | Top5: 0.7566
  Val Batch [150/152] | Loss: 3.1393 | Top1: 0.4575 | Top5: 0.7550
  Val Batch [152/152] | Loss: 3.1385 | Top1: 0.4577 | Top5: 0.7551
  Val Epoch Time: 10.368s
Epoch [2/60] | Train Loss: 4.4049 | Train Top1: 0.1842 | Train Top5: 0.3697 | Val Loss: 3.1385 | Val Top1: 0.4577 | Val Top5: 0.7551 | LR: 1.04e-04 | Train Time: 172.969s | Val Time: 10.368s | Epoch Time: 183.338s
Saved best checkpoint to: C:\Users\ljh20\MCS\CS273P\Model_California_Birds\outputs\output_20260308_104235\checkpoints\resnet50_best.pth

===== Epoch 3/60 (LR: 2.80e-04) =====
  Train Batch [50/863] | Loss: 4.1279 | Top1: 0.2569 | Top5: 0.4609
  Train Batch [100/863] | Loss: 4.0897 | Top1: 0.2253 | Top5: 0.4086
  Train Batch [150/863] | Loss: 4.0777 | Top1: 0.2339 | Top5: 0.4260
  Train Batch [200/863] | Loss: 4.0460 | Top1: 0.2328 | Top5: 0.4204
  Train Batch [250/863] | Loss: 4.0398 | Top1: 0.2425 | Top5: 0.4373
  Train Batch [300/863] | Loss: 4.0419 | Top1: 0.2435 | Top5: 0.4404
  Train Batch [350/863] | Loss: 4.0551 | Top1: 0.2370 | Top5: 0.4285
  Train Batch [400/863] | Loss: 4.0587 | Top1: 0.2304 | Top5: 0.4175
  Train Batch [450/863] | Loss: 4.0470 | Top1: 0.2325 | Top5: 0.4208
  Train Batch [500/863] | Loss: 4.0622 | Top1: 0.2278 | Top5: 0.4143
  Train Batch [550/863] | Loss: 4.0591 | Top1: 0.2282 | Top5: 0.4153
  Train Batch [600/863] | Loss: 4.0487 | Top1: 0.2283 | Top5: 0.4159
  Train Batch [650/863] | Loss: 4.0406 | Top1: 0.2264 | Top5: 0.4128
  Train Batch [700/863] | Loss: 4.0450 | Top1: 0.2230 | Top5: 0.4064
  Train Batch [750/863] | Loss: 4.0478 | Top1: 0.2236 | Top5: 0.4077
  Train Batch [800/863] | Loss: 4.0437 | Top1: 0.2235 | Top5: 0.4060
  Train Batch [850/863] | Loss: 4.0373 | Top1: 0.2252 | Top5: 0.4082
  Train Batch [863/863] | Loss: 4.0408 | Top1: 0.2260 | Top5: 0.4093
  Train Epoch Time: 172.089s
  Val Batch [50/152] | Loss: 3.0997 | Top1: 0.4466 | Top5: 0.7341
  Val Batch [100/152] | Loss: 3.0998 | Top1: 0.4487 | Top5: 0.7380
  Val Batch [150/152] | Loss: 3.1098 | Top1: 0.4437 | Top5: 0.7356
  Val Batch [152/152] | Loss: 3.1102 | Top1: 0.4439 | Top5: 0.7355
  Val Epoch Time: 10.663s
Epoch [3/60] | Train Loss: 4.0408 | Train Top1: 0.2260 | Train Top5: 0.4093 | Val Loss: 3.1102 | Val Top1: 0.4439 | Val Top5: 0.7355 | LR: 2.80e-04 | Train Time: 172.089s | Val Time: 10.663s | Epoch Time: 182.752s

===== Epoch 4/60 (LR: 5.20e-04) =====
  Train Batch [50/863] | Loss: 3.9951 | Top1: 0.2322 | Top5: 0.4028
  Train Batch [100/863] | Loss: 3.9446 | Top1: 0.2325 | Top5: 0.4066
  Train Batch [150/863] | Loss: 3.9733 | Top1: 0.2352 | Top5: 0.4163
  Train Batch [200/863] | Loss: 3.9478 | Top1: 0.2466 | Top5: 0.4366
  Train Batch [250/863] | Loss: 3.9380 | Top1: 0.2457 | Top5: 0.4299
  Train Batch [300/863] | Loss: 3.9505 | Top1: 0.2508 | Top5: 0.4386
  Train Batch [350/863] | Loss: 3.9300 | Top1: 0.2540 | Top5: 0.4433
  Train Batch [400/863] | Loss: 3.9462 | Top1: 0.2491 | Top5: 0.4392
  Train Batch [450/863] | Loss: 3.9541 | Top1: 0.2449 | Top5: 0.4322
  Train Batch [500/863] | Loss: 3.9556 | Top1: 0.2432 | Top5: 0.4291
  Train Batch [550/863] | Loss: 3.9596 | Top1: 0.2419 | Top5: 0.4262
  Train Batch [600/863] | Loss: 3.9659 | Top1: 0.2406 | Top5: 0.4247
  Train Batch [650/863] | Loss: 3.9726 | Top1: 0.2411 | Top5: 0.4263
  Train Batch [700/863] | Loss: 3.9573 | Top1: 0.2390 | Top5: 0.4221
  Train Batch [750/863] | Loss: 3.9613 | Top1: 0.2414 | Top5: 0.4251
  Train Batch [800/863] | Loss: 3.9607 | Top1: 0.2378 | Top5: 0.4193
  Train Batch [850/863] | Loss: 3.9658 | Top1: 0.2361 | Top5: 0.4167
  Train Batch [863/863] | Loss: 3.9673 | Top1: 0.2358 | Top5: 0.4160
  Train Epoch Time: 174.059s
  Val Batch [50/152] | Loss: 3.0505 | Top1: 0.4525 | Top5: 0.7459
  Val Batch [100/152] | Loss: 3.0512 | Top1: 0.4556 | Top5: 0.7452
  Val Batch [150/152] | Loss: 3.0778 | Top1: 0.4510 | Top5: 0.7390
  Val Batch [152/152] | Loss: 3.0772 | Top1: 0.4512 | Top5: 0.7396
  Val Epoch Time: 10.749s
Epoch [4/60] | Train Loss: 3.9673 | Train Top1: 0.2358 | Train Top5: 0.4160 | Val Loss: 3.0772 | Val Top1: 0.4512 | Val Top5: 0.7396 | LR: 5.20e-04 | Train Time: 174.059s | Val Time: 10.749s | Epoch Time: 184.808s

===== Epoch 5/60 (LR: 7.60e-04) =====
  Train Batch [50/863] | Loss: 3.8536 | Top1: 0.2800 | Top5: 0.4828
  Train Batch [100/863] | Loss: 3.7751 | Top1: 0.2620 | Top5: 0.4447
  Train Batch [150/863] | Loss: 3.8053 | Top1: 0.2508 | Top5: 0.4295
  Train Batch [200/863] | Loss: 3.7887 | Top1: 0.2579 | Top5: 0.4383
  Train Batch [250/863] | Loss: 3.7991 | Top1: 0.2558 | Top5: 0.4339
  Train Batch [300/863] | Loss: 3.7835 | Top1: 0.2555 | Top5: 0.4369
  Train Batch [350/863] | Loss: 3.7992 | Top1: 0.2601 | Top5: 0.4400
  Train Batch [400/863] | Loss: 3.8176 | Top1: 0.2645 | Top5: 0.4458
  Train Batch [450/863] | Loss: 3.8334 | Top1: 0.2587 | Top5: 0.4368
  Train Batch [500/863] | Loss: 3.8520 | Top1: 0.2549 | Top5: 0.4312
  Train Batch [550/863] | Loss: 3.8585 | Top1: 0.2549 | Top5: 0.4320
  Train Batch [600/863] | Loss: 3.8509 | Top1: 0.2542 | Top5: 0.4291
  Train Batch [650/863] | Loss: 3.8379 | Top1: 0.2544 | Top5: 0.4277
  Train Batch [700/863] | Loss: 3.8451 | Top1: 0.2526 | Top5: 0.4257
  Train Batch [750/863] | Loss: 3.8506 | Top1: 0.2539 | Top5: 0.4268
  Train Batch [800/863] | Loss: 3.8676 | Top1: 0.2545 | Top5: 0.4290
  Train Batch [850/863] | Loss: 3.8732 | Top1: 0.2546 | Top5: 0.4301
  Train Batch [863/863] | Loss: 3.8739 | Top1: 0.2533 | Top5: 0.4283
  Train Epoch Time: 172.727s
  Val Batch [50/152] | Loss: 2.9381 | Top1: 0.5031 | Top5: 0.7606
  Val Batch [100/152] | Loss: 2.9341 | Top1: 0.5055 | Top5: 0.7691
  Val Batch [150/152] | Loss: 2.9368 | Top1: 0.5034 | Top5: 0.7701
  Val Batch [152/152] | Loss: 2.9385 | Top1: 0.5025 | Top5: 0.7701
  Val Epoch Time: 10.471s
Epoch [5/60] | Train Loss: 3.8739 | Train Top1: 0.2533 | Train Top5: 0.4283 | Val Loss: 2.9385 | Val Top1: 0.5025 | Val Top5: 0.7701 | LR: 7.60e-04 | Train Time: 172.727s | Val Time: 10.471s | Epoch Time: 183.197s
Saved best checkpoint to: C:\Users\ljh20\MCS\CS273P\Model_California_Birds\outputs\output_20260308_104235\checkpoints\resnet50_best.pth

===== Epoch 6/60 (LR: 9.36e-04) =====
  Train Batch [50/863] | Loss: 3.7975 | Top1: 0.3491 | Top5: 0.5444
  Train Batch [100/863] | Loss: 3.7217 | Top1: 0.2892 | Top5: 0.4609
  Train Batch [150/863] | Loss: 3.7838 | Top1: 0.2724 | Top5: 0.4446
  Train Batch [200/863] | Loss: 3.7528 | Top1: 0.2662 | Top5: 0.4366
  Train Batch [250/863] | Loss: 3.7823 | Top1: 0.2592 | Top5: 0.4320
  Train Batch [300/863] | Loss: 3.8141 | Top1: 0.2643 | Top5: 0.4405
  Train Batch [350/863] | Loss: 3.7970 | Top1: 0.2704 | Top5: 0.4507
  Train Batch [400/863] | Loss: 3.7756 | Top1: 0.2589 | Top5: 0.4313
  Train Batch [450/863] | Loss: 3.7596 | Top1: 0.2558 | Top5: 0.4256
  Train Batch [500/863] | Loss: 3.7685 | Top1: 0.2603 | Top5: 0.4324
  Train Batch [550/863] | Loss: 3.7759 | Top1: 0.2641 | Top5: 0.4378
  Train Batch [600/863] | Loss: 3.7647 | Top1: 0.2673 | Top5: 0.4417
  Train Batch [650/863] | Loss: 3.7699 | Top1: 0.2640 | Top5: 0.4363
  Train Batch [700/863] | Loss: 3.7652 | Top1: 0.2626 | Top5: 0.4339
  Train Batch [750/863] | Loss: 3.7692 | Top1: 0.2629 | Top5: 0.4345
  Train Batch [800/863] | Loss: 3.7599 | Top1: 0.2637 | Top5: 0.4354
  Train Batch [850/863] | Loss: 3.7695 | Top1: 0.2630 | Top5: 0.4341
  Train Batch [863/863] | Loss: 3.7698 | Top1: 0.2624 | Top5: 0.4335
  Train Epoch Time: 172.984s
  Val Batch [50/152] | Loss: 2.8866 | Top1: 0.5188 | Top5: 0.7809
  Val Batch [100/152] | Loss: 2.9178 | Top1: 0.5122 | Top5: 0.7758
  Val Batch [150/152] | Loss: 2.9206 | Top1: 0.5142 | Top5: 0.7742
  Val Batch [152/152] | Loss: 2.9202 | Top1: 0.5143 | Top5: 0.7743
  Val Epoch Time: 10.427s
Epoch [6/60] | Train Loss: 3.7698 | Train Top1: 0.2624 | Train Top5: 0.4335 | Val Loss: 2.9202 | Val Top1: 0.5143 | Val Top5: 0.7743 | LR: 9.36e-04 | Train Time: 172.984s | Val Time: 10.427s | Epoch Time: 183.411s
Saved best checkpoint to: C:\Users\ljh20\MCS\CS273P\Model_California_Birds\outputs\output_20260308_104235\checkpoints\resnet50_best.pth

===== Epoch 7/60 (LR: 1.00e-03) =====
  Train Batch [50/863] | Loss: 3.7289 | Top1: 0.3072 | Top5: 0.4916
  Train Batch [100/863] | Loss: 3.6463 | Top1: 0.3075 | Top5: 0.4834
  Train Batch [150/863] | Loss: 3.6330 | Top1: 0.3151 | Top5: 0.4933
  Train Batch [200/863] | Loss: 3.6091 | Top1: 0.3227 | Top5: 0.5063
  Train Batch [250/863] | Loss: 3.6384 | Top1: 0.3172 | Top5: 0.4998
  Train Batch [300/863] | Loss: 3.6633 | Top1: 0.3113 | Top5: 0.4932
  Train Batch [350/863] | Loss: 3.6527 | Top1: 0.3083 | Top5: 0.4874
  Train Batch [400/863] | Loss: 3.6383 | Top1: 0.3093 | Top5: 0.4891
  Train Batch [450/863] | Loss: 3.6558 | Top1: 0.3047 | Top5: 0.4840
  Train Batch [500/863] | Loss: 3.6518 | Top1: 0.3140 | Top5: 0.4969
  Train Batch [550/863] | Loss: 3.6564 | Top1: 0.3048 | Top5: 0.4826
  Train Batch [600/863] | Loss: 3.6506 | Top1: 0.3066 | Top5: 0.4847
  Train Batch [650/863] | Loss: 3.6602 | Top1: 0.3049 | Top5: 0.4828
  Train Batch [700/863] | Loss: 3.6507 | Top1: 0.3083 | Top5: 0.4875
  Train Batch [750/863] | Loss: 3.6613 | Top1: 0.3077 | Top5: 0.4867
  Train Batch [800/863] | Loss: 3.6554 | Top1: 0.3077 | Top5: 0.4878
  Train Batch [850/863] | Loss: 3.6665 | Top1: 0.3068 | Top5: 0.4869
  Train Batch [863/863] | Loss: 3.6679 | Top1: 0.3058 | Top5: 0.4854
  Train Epoch Time: 173.594s
  Val Batch [50/152] | Loss: 2.7733 | Top1: 0.5394 | Top5: 0.7906
  Val Batch [100/152] | Loss: 2.7541 | Top1: 0.5423 | Top5: 0.7961
  Val Batch [150/152] | Loss: 2.7589 | Top1: 0.5441 | Top5: 0.7973
  Val Batch [152/152] | Loss: 2.7566 | Top1: 0.5444 | Top5: 0.7977
  Val Epoch Time: 10.568s
Epoch [7/60] | Train Loss: 3.6679 | Train Top1: 0.3058 | Train Top5: 0.4854 | Val Loss: 2.7566 | Val Top1: 0.5444 | Val Top5: 0.7977 | LR: 1.00e-03 | Train Time: 173.594s | Val Time: 10.568s | Epoch Time: 184.162s
Saved best checkpoint to: C:\Users\ljh20\MCS\CS273P\Model_California_Birds\outputs\output_20260308_104235\checkpoints\resnet50_best.pth

===== Epoch 8/60 (LR: 9.99e-04) =====
  Train Batch [50/863] | Loss: 3.3922 | Top1: 0.3059 | Top5: 0.4722
  Train Batch [100/863] | Loss: 3.5668 | Top1: 0.2656 | Top5: 0.4177
  Train Batch [150/863] | Loss: 3.5182 | Top1: 0.2858 | Top5: 0.4468
  Train Batch [200/863] | Loss: 3.5205 | Top1: 0.2879 | Top5: 0.4461
  Train Batch [250/863] | Loss: 3.5059 | Top1: 0.2934 | Top5: 0.4531
  Train Batch [300/863] | Loss: 3.5103 | Top1: 0.3036 | Top5: 0.4689
  Train Batch [350/863] | Loss: 3.4820 | Top1: 0.3083 | Top5: 0.4757
  Train Batch [400/863] | Loss: 3.5000 | Top1: 0.3023 | Top5: 0.4686
  Train Batch [450/863] | Loss: 3.5035 | Top1: 0.3025 | Top5: 0.4675
  Train Batch [500/863] | Loss: 3.5231 | Top1: 0.3026 | Top5: 0.4682
  Train Batch [550/863] | Loss: 3.5362 | Top1: 0.3040 | Top5: 0.4714
  Train Batch [600/863] | Loss: 3.5367 | Top1: 0.3013 | Top5: 0.4676
  Train Batch [650/863] | Loss: 3.5335 | Top1: 0.3010 | Top5: 0.4662
  Train Batch [700/863] | Loss: 3.5441 | Top1: 0.3003 | Top5: 0.4657
  Train Batch [750/863] | Loss: 3.5480 | Top1: 0.2977 | Top5: 0.4612
  Train Batch [800/863] | Loss: 3.5413 | Top1: 0.2966 | Top5: 0.4593
  Train Batch [850/863] | Loss: 3.5426 | Top1: 0.2987 | Top5: 0.4628
  Train Batch [863/863] | Loss: 3.5469 | Top1: 0.2985 | Top5: 0.4626
  Train Epoch Time: 172.158s
  Val Batch [50/152] | Loss: 2.6268 | Top1: 0.5794 | Top5: 0.8166
  Val Batch [100/152] | Loss: 2.6250 | Top1: 0.5763 | Top5: 0.8177
  Val Batch [150/152] | Loss: 2.6250 | Top1: 0.5754 | Top5: 0.8184
  Val Batch [152/152] | Loss: 2.6247 | Top1: 0.5752 | Top5: 0.8180
  Val Epoch Time: 10.436s
Epoch [8/60] | Train Loss: 3.5469 | Train Top1: 0.2985 | Train Top5: 0.4626 | Val Loss: 2.6247 | Val Top1: 0.5752 | Val Top5: 0.8180 | LR: 9.99e-04 | Train Time: 172.158s | Val Time: 10.436s | Epoch Time: 182.594s
Saved best checkpoint to: C:\Users\ljh20\MCS\CS273P\Model_California_Birds\outputs\output_20260308_104235\checkpoints\resnet50_best.pth

===== Epoch 9/60 (LR: 9.97e-04) =====
  Train Batch [50/863] | Loss: 3.5460 | Top1: 0.3372 | Top5: 0.5125
  Train Batch [100/863] | Loss: 3.5103 | Top1: 0.3280 | Top5: 0.4958
  Train Batch [150/863] | Loss: 3.4835 | Top1: 0.3232 | Top5: 0.4904
  Train Batch [200/863] | Loss: 3.4720 | Top1: 0.3060 | Top5: 0.4673
  Train Batch [250/863] | Loss: 3.4328 | Top1: 0.3178 | Top5: 0.4778
  Train Batch [300/863] | Loss: 3.4395 | Top1: 0.3129 | Top5: 0.4727
  Train Batch [350/863] | Loss: 3.4398 | Top1: 0.3126 | Top5: 0.4722
  Train Batch [400/863] | Loss: 3.4416 | Top1: 0.3215 | Top5: 0.4833
  Train Batch [450/863] | Loss: 3.4437 | Top1: 0.3250 | Top5: 0.4889
  Train Batch [500/863] | Loss: 3.4441 | Top1: 0.3277 | Top5: 0.4922
  Train Batch [550/863] | Loss: 3.4628 | Top1: 0.3260 | Top5: 0.4909
  Train Batch [600/863] | Loss: 3.4643 | Top1: 0.3294 | Top5: 0.4945
  Train Batch [650/863] | Loss: 3.4554 | Top1: 0.3256 | Top5: 0.4887
  Train Batch [700/863] | Loss: 3.4457 | Top1: 0.3259 | Top5: 0.4896
  Train Batch [750/863] | Loss: 3.4638 | Top1: 0.3257 | Top5: 0.4893
  Train Batch [800/863] | Loss: 3.4531 | Top1: 0.3284 | Top5: 0.4927
  Train Batch [850/863] | Loss: 3.4514 | Top1: 0.3302 | Top5: 0.4957
  Train Batch [863/863] | Loss: 3.4580 | Top1: 0.3292 | Top5: 0.4948
  Train Epoch Time: 172.102s
  Val Batch [50/152] | Loss: 2.6656 | Top1: 0.5722 | Top5: 0.8141
  Val Batch [100/152] | Loss: 2.6578 | Top1: 0.5797 | Top5: 0.8234
  Val Batch [150/152] | Loss: 2.6683 | Top1: 0.5772 | Top5: 0.8220
  Val Batch [152/152] | Loss: 2.6689 | Top1: 0.5771 | Top5: 0.8220
  Val Epoch Time: 10.578s
Epoch [9/60] | Train Loss: 3.4580 | Train Top1: 0.3292 | Train Top5: 0.4948 | Val Loss: 2.6689 | Val Top1: 0.5771 | Val Top5: 0.8220 | LR: 9.97e-04 | Train Time: 172.102s | Val Time: 10.578s | Epoch Time: 182.680s
Saved best checkpoint to: C:\Users\ljh20\MCS\CS273P\Model_California_Birds\outputs\output_20260308_104235\checkpoints\resnet50_best.pth

===== Epoch 10/60 (LR: 9.92e-04) =====
  Train Batch [50/863] | Loss: 3.3858 | Top1: 0.3403 | Top5: 0.5134
  Train Batch [100/863] | Loss: 3.4090 | Top1: 0.3661 | Top5: 0.5383
  Train Batch [150/863] | Loss: 3.4949 | Top1: 0.3316 | Top5: 0.5002
  Train Batch [200/863] | Loss: 3.4358 | Top1: 0.3574 | Top5: 0.5322
  Train Batch [250/863] | Loss: 3.4586 | Top1: 0.3505 | Top5: 0.5222
  Train Batch [300/863] | Loss: 3.4595 | Top1: 0.3406 | Top5: 0.5093
  Train Batch [350/863] | Loss: 3.4503 | Top1: 0.3383 | Top5: 0.5054
  Train Batch [400/863] | Loss: 3.4450 | Top1: 0.3435 | Top5: 0.5097
  Train Batch [450/863] | Loss: 3.4374 | Top1: 0.3458 | Top5: 0.5130
  Train Batch [500/863] | Loss: 3.4504 | Top1: 0.3465 | Top5: 0.5138
  Train Batch [550/863] | Loss: 3.4652 | Top1: 0.3432 | Top5: 0.5105
  Train Batch [600/863] | Loss: 3.4659 | Top1: 0.3389 | Top5: 0.5062
  Train Batch [650/863] | Loss: 3.4852 | Top1: 0.3368 | Top5: 0.5050
  Train Batch [700/863] | Loss: 3.4680 | Top1: 0.3391 | Top5: 0.5070
  Train Batch [750/863] | Loss: 3.4708 | Top1: 0.3362 | Top5: 0.5038
  Train Batch [800/863] | Loss: 3.4851 | Top1: 0.3347 | Top5: 0.5036
  Train Batch [850/863] | Loss: 3.4763 | Top1: 0.3355 | Top5: 0.5046
  Train Batch [863/863] | Loss: 3.4755 | Top1: 0.3358 | Top5: 0.5052
  Train Epoch Time: 171.845s
  Val Batch [50/152] | Loss: 2.6138 | Top1: 0.5747 | Top5: 0.8197
  Val Batch [100/152] | Loss: 2.6109 | Top1: 0.5777 | Top5: 0.8228
  Val Batch [150/152] | Loss: 2.6212 | Top1: 0.5770 | Top5: 0.8198
  Val Batch [152/152] | Loss: 2.6204 | Top1: 0.5773 | Top5: 0.8196
  Val Epoch Time: 10.542s
Epoch [10/60] | Train Loss: 3.4755 | Train Top1: 0.3358 | Train Top5: 0.5052 | Val Loss: 2.6204 | Val Top1: 0.5773 | Val Top5: 0.8196 | LR: 9.92e-04 | Train Time: 171.845s | Val Time: 10.542s | Epoch Time: 182.387s
Saved best checkpoint to: C:\Users\ljh20\MCS\CS273P\Model_California_Birds\outputs\output_20260308_104235\checkpoints\resnet50_best.pth

===== Epoch 11/60 (LR: 9.87e-04) =====
  Train Batch [50/863] | Loss: 3.4440 | Top1: 0.3991 | Top5: 0.5825
  Train Batch [100/863] | Loss: 3.3498 | Top1: 0.3877 | Top5: 0.5680
  Train Batch [150/863] | Loss: 3.3953 | Top1: 0.3675 | Top5: 0.5436
  Train Batch [200/863] | Loss: 3.3407 | Top1: 0.3597 | Top5: 0.5292
  Train Batch [250/863] | Loss: 3.3540 | Top1: 0.3594 | Top5: 0.5331
  Train Batch [300/863] | Loss: 3.3889 | Top1: 0.3539 | Top5: 0.5277
  Train Batch [350/863] | Loss: 3.3829 | Top1: 0.3501 | Top5: 0.5203
  Train Batch [400/863] | Loss: 3.3900 | Top1: 0.3491 | Top5: 0.5195
  Train Batch [450/863] | Loss: 3.4058 | Top1: 0.3464 | Top5: 0.5160
  Train Batch [500/863] | Loss: 3.3964 | Top1: 0.3459 | Top5: 0.5162
  Train Batch [550/863] | Loss: 3.3901 | Top1: 0.3481 | Top5: 0.5166
  Train Batch [600/863] | Loss: 3.4047 | Top1: 0.3461 | Top5: 0.5143
  Train Batch [650/863] | Loss: 3.4083 | Top1: 0.3452 | Top5: 0.5137
  Train Batch [700/863] | Loss: 3.4099 | Top1: 0.3438 | Top5: 0.5129
  Train Batch [750/863] | Loss: 3.4029 | Top1: 0.3436 | Top5: 0.5120
  Train Batch [800/863] | Loss: 3.3906 | Top1: 0.3450 | Top5: 0.5134
  Train Batch [850/863] | Loss: 3.3933 | Top1: 0.3451 | Top5: 0.5129
  Train Batch [863/863] | Loss: 3.3895 | Top1: 0.3453 | Top5: 0.5128
  Train Epoch Time: 173.931s
  Val Batch [50/152] | Loss: 2.4099 | Top1: 0.6288 | Top5: 0.8525
  Val Batch [100/152] | Loss: 2.4168 | Top1: 0.6302 | Top5: 0.8539
  Val Batch [150/152] | Loss: 2.4235 | Top1: 0.6312 | Top5: 0.8515
  Val Batch [152/152] | Loss: 2.4242 | Top1: 0.6315 | Top5: 0.8511
  Val Epoch Time: 10.653s
Epoch [11/60] | Train Loss: 3.3895 | Train Top1: 0.3453 | Train Top5: 0.5128 | Val Loss: 2.4242 | Val Top1: 0.6315 | Val Top5: 0.8511 | LR: 9.87e-04 | Train Time: 173.931s | Val Time: 10.653s | Epoch Time: 184.584s
Saved best checkpoint to: C:\Users\ljh20\MCS\CS273P\Model_California_Birds\outputs\output_20260308_104235\checkpoints\resnet50_best.pth

===== Epoch 12/60 (LR: 9.79e-04) =====
  Train Batch [50/863] | Loss: 3.1143 | Top1: 0.3900 | Top5: 0.5678
  Train Batch [100/863] | Loss: 3.2303 | Top1: 0.3628 | Top5: 0.5312
  Train Batch [150/863] | Loss: 3.2624 | Top1: 0.3723 | Top5: 0.5396
  Train Batch [200/863] | Loss: 3.2349 | Top1: 0.3696 | Top5: 0.5327
  Train Batch [250/863] | Loss: 3.2848 | Top1: 0.3610 | Top5: 0.5258
  Train Batch [300/863] | Loss: 3.2944 | Top1: 0.3531 | Top5: 0.5172
  Train Batch [350/863] | Loss: 3.3057 | Top1: 0.3556 | Top5: 0.5202
  Train Batch [400/863] | Loss: 3.3182 | Top1: 0.3493 | Top5: 0.5121
  Train Batch [450/863] | Loss: 3.2823 | Top1: 0.3520 | Top5: 0.5113
  Train Batch [500/863] | Loss: 3.2882 | Top1: 0.3526 | Top5: 0.5145
  Train Batch [550/863] | Loss: 3.2980 | Top1: 0.3483 | Top5: 0.5094
  Train Batch [600/863] | Loss: 3.2859 | Top1: 0.3549 | Top5: 0.5185
  Train Batch [650/863] | Loss: 3.2962 | Top1: 0.3518 | Top5: 0.5153
  Train Batch [700/863] | Loss: 3.3017 | Top1: 0.3504 | Top5: 0.5131
  Train Batch [750/863] | Loss: 3.3043 | Top1: 0.3509 | Top5: 0.5138
  Train Batch [800/863] | Loss: 3.3012 | Top1: 0.3489 | Top5: 0.5110
  Train Batch [850/863] | Loss: 3.3078 | Top1: 0.3488 | Top5: 0.5115
  Train Batch [863/863] | Loss: 3.3091 | Top1: 0.3487 | Top5: 0.5118
  Train Epoch Time: 171.405s
  Val Batch [50/152] | Loss: 2.4391 | Top1: 0.6334 | Top5: 0.8456
  Val Batch [100/152] | Loss: 2.4370 | Top1: 0.6372 | Top5: 0.8497
  Val Batch [150/152] | Loss: 2.4518 | Top1: 0.6356 | Top5: 0.8493
  Val Batch [152/152] | Loss: 2.4523 | Top1: 0.6360 | Top5: 0.8489
  Val Epoch Time: 10.425s
Epoch [12/60] | Train Loss: 3.3091 | Train Top1: 0.3487 | Train Top5: 0.5118 | Val Loss: 2.4523 | Val Top1: 0.6360 | Val Top5: 0.8489 | LR: 9.79e-04 | Train Time: 171.405s | Val Time: 10.425s | Epoch Time: 181.831s
Saved best checkpoint to: C:\Users\ljh20\MCS\CS273P\Model_California_Birds\outputs\output_20260308_104235\checkpoints\resnet50_best.pth

===== Epoch 13/60 (LR: 9.70e-04) =====
  Train Batch [50/863] | Loss: 3.1521 | Top1: 0.3987 | Top5: 0.5534
  Train Batch [100/863] | Loss: 3.2643 | Top1: 0.3406 | Top5: 0.4922
  Train Batch [150/863] | Loss: 3.2082 | Top1: 0.3580 | Top5: 0.5108
  Train Batch [200/863] | Loss: 3.2914 | Top1: 0.3508 | Top5: 0.5040
  Train Batch [250/863] | Loss: 3.2836 | Top1: 0.3555 | Top5: 0.5118
  Train Batch [300/863] | Loss: 3.2804 | Top1: 0.3643 | Top5: 0.5239
  Train Batch [350/863] | Loss: 3.2928 | Top1: 0.3558 | Top5: 0.5146
  Train Batch [400/863] | Loss: 3.2975 | Top1: 0.3539 | Top5: 0.5142
  Train Batch [450/863] | Loss: 3.2794 | Top1: 0.3602 | Top5: 0.5217
  Train Batch [500/863] | Loss: 3.2902 | Top1: 0.3532 | Top5: 0.5140
  Train Batch [550/863] | Loss: 3.2858 | Top1: 0.3519 | Top5: 0.5124
  Train Batch [600/863] | Loss: 3.2982 | Top1: 0.3558 | Top5: 0.5179
  Train Batch [650/863] | Loss: 3.2925 | Top1: 0.3555 | Top5: 0.5181
  Train Batch [700/863] | Loss: 3.2839 | Top1: 0.3553 | Top5: 0.5169
  Train Batch [750/863] | Loss: 3.2787 | Top1: 0.3522 | Top5: 0.5131
  Train Batch [800/863] | Loss: 3.2746 | Top1: 0.3531 | Top5: 0.5141
  Train Batch [850/863] | Loss: 3.2775 | Top1: 0.3501 | Top5: 0.5100
  Train Batch [863/863] | Loss: 3.2733 | Top1: 0.3480 | Top5: 0.5069
  Train Epoch Time: 171.589s
  Val Batch [50/152] | Loss: 2.3996 | Top1: 0.6331 | Top5: 0.8562
  Val Batch [100/152] | Loss: 2.4140 | Top1: 0.6347 | Top5: 0.8544
  Val Batch [150/152] | Loss: 2.4214 | Top1: 0.6338 | Top5: 0.8510
  Val Batch [152/152] | Loss: 2.4221 | Top1: 0.6333 | Top5: 0.8510
  Val Epoch Time: 10.657s
Epoch [13/60] | Train Loss: 3.2733 | Train Top1: 0.3480 | Train Top5: 0.5069 | Val Loss: 2.4221 | Val Top1: 0.6333 | Val Top5: 0.8510 | LR: 9.70e-04 | Train Time: 171.589s | Val Time: 10.657s | Epoch Time: 182.247s

===== Epoch 14/60 (LR: 9.59e-04) =====
  Train Batch [50/863] | Loss: 3.1726 | Top1: 0.3912 | Top5: 0.5584
  Train Batch [100/863] | Loss: 3.1587 | Top1: 0.3942 | Top5: 0.5667
  Train Batch [150/863] | Loss: 3.1687 | Top1: 0.3945 | Top5: 0.5679
  Train Batch [200/863] | Loss: 3.1896 | Top1: 0.3766 | Top5: 0.5483
  Train Batch [250/863] | Loss: 3.2104 | Top1: 0.3771 | Top5: 0.5501
  Train Batch [300/863] | Loss: 3.2000 | Top1: 0.3716 | Top5: 0.5392
  Train Batch [350/863] | Loss: 3.2029 | Top1: 0.3726 | Top5: 0.5384
  Train Batch [400/863] | Loss: 3.2127 | Top1: 0.3784 | Top5: 0.5466
  Train Batch [450/863] | Loss: 3.2368 | Top1: 0.3799 | Top5: 0.5499
  Train Batch [500/863] | Loss: 3.2148 | Top1: 0.3808 | Top5: 0.5483
  Train Batch [550/863] | Loss: 3.2091 | Top1: 0.3734 | Top5: 0.5387
  Train Batch [600/863] | Loss: 3.2272 | Top1: 0.3745 | Top5: 0.5403
  Train Batch [650/863] | Loss: 3.2240 | Top1: 0.3775 | Top5: 0.5428
  Train Batch [700/863] | Loss: 3.2320 | Top1: 0.3787 | Top5: 0.5459
  Train Batch [750/863] | Loss: 3.2244 | Top1: 0.3822 | Top5: 0.5488
  Train Batch [800/863] | Loss: 3.2205 | Top1: 0.3828 | Top5: 0.5500
  Train Batch [850/863] | Loss: 3.2234 | Top1: 0.3818 | Top5: 0.5493
  Train Batch [863/863] | Loss: 3.2232 | Top1: 0.3806 | Top5: 0.5481
  Train Epoch Time: 171.513s
  Val Batch [50/152] | Loss: 2.3823 | Top1: 0.6297 | Top5: 0.8569
  Val Batch [100/152] | Loss: 2.3857 | Top1: 0.6373 | Top5: 0.8592
  Val Batch [150/152] | Loss: 2.3904 | Top1: 0.6382 | Top5: 0.8584
  Val Batch [152/152] | Loss: 2.3917 | Top1: 0.6381 | Top5: 0.8583
  Val Epoch Time: 10.551s
Epoch [14/60] | Train Loss: 3.2232 | Train Top1: 0.3806 | Train Top5: 0.5481 | Val Loss: 2.3917 | Val Top1: 0.6381 | Val Top5: 0.8583 | LR: 9.59e-04 | Train Time: 171.513s | Val Time: 10.551s | Epoch Time: 182.064s
Saved best checkpoint to: C:\Users\ljh20\MCS\CS273P\Model_California_Birds\outputs\output_20260308_104235\checkpoints\resnet50_best.pth

===== Epoch 15/60 (LR: 9.47e-04) =====
  Train Batch [50/863] | Loss: 2.9888 | Top1: 0.4669 | Top5: 0.6228
  Train Batch [100/863] | Loss: 2.9120 | Top1: 0.4178 | Top5: 0.5666
  Train Batch [150/863] | Loss: 2.9472 | Top1: 0.4269 | Top5: 0.5816
  Train Batch [200/863] | Loss: 2.9628 | Top1: 0.4135 | Top5: 0.5648
  Train Batch [250/863] | Loss: 3.0081 | Top1: 0.4094 | Top5: 0.5628
  Train Batch [300/863] | Loss: 3.0280 | Top1: 0.3979 | Top5: 0.5497
  Train Batch [350/863] | Loss: 3.0307 | Top1: 0.3977 | Top5: 0.5508
  Train Batch [400/863] | Loss: 3.0436 | Top1: 0.4006 | Top5: 0.5561
  Train Batch [450/863] | Loss: 3.0524 | Top1: 0.4023 | Top5: 0.5592
  Train Batch [500/863] | Loss: 3.0680 | Top1: 0.4027 | Top5: 0.5599
  Train Batch [550/863] | Loss: 3.0713 | Top1: 0.4095 | Top5: 0.5670
  Train Batch [600/863] | Loss: 3.0666 | Top1: 0.4072 | Top5: 0.5649
  Train Batch [650/863] | Loss: 3.0801 | Top1: 0.4086 | Top5: 0.5680
  Train Batch [700/863] | Loss: 3.0767 | Top1: 0.4060 | Top5: 0.5653
  Train Batch [750/863] | Loss: 3.0823 | Top1: 0.4007 | Top5: 0.5602
  Train Batch [800/863] | Loss: 3.0756 | Top1: 0.3985 | Top5: 0.5580
  Train Batch [850/863] | Loss: 3.0669 | Top1: 0.3939 | Top5: 0.5515
  Train Batch [863/863] | Loss: 3.0657 | Top1: 0.3938 | Top5: 0.5515
  Train Epoch Time: 172.039s
  Val Batch [50/152] | Loss: 2.4150 | Top1: 0.6350 | Top5: 0.8500
  Val Batch [100/152] | Loss: 2.4175 | Top1: 0.6397 | Top5: 0.8533
  Val Batch [150/152] | Loss: 2.4280 | Top1: 0.6390 | Top5: 0.8507
  Val Batch [152/152] | Loss: 2.4286 | Top1: 0.6388 | Top5: 0.8507
  Val Epoch Time: 10.488s
Epoch [15/60] | Train Loss: 3.0657 | Train Top1: 0.3938 | Train Top5: 0.5515 | Val Loss: 2.4286 | Val Top1: 0.6388 | Val Top5: 0.8507 | LR: 9.47e-04 | Train Time: 172.039s | Val Time: 10.488s | Epoch Time: 182.528s
Saved best checkpoint to: C:\Users\ljh20\MCS\CS273P\Model_California_Birds\outputs\output_20260308_104235\checkpoints\resnet50_best.pth

===== Epoch 16/60 (LR: 9.33e-04) =====
  Train Batch [50/863] | Loss: 3.1726 | Top1: 0.3688 | Top5: 0.5384
  Train Batch [100/863] | Loss: 3.0668 | Top1: 0.3666 | Top5: 0.5236
  Train Batch [150/863] | Loss: 3.0176 | Top1: 0.4165 | Top5: 0.5781
  Train Batch [200/863] | Loss: 3.0333 | Top1: 0.4145 | Top5: 0.5780
  Train Batch [250/863] | Loss: 3.0529 | Top1: 0.3967 | Top5: 0.5599
  Train Batch [300/863] | Loss: 3.0730 | Top1: 0.3947 | Top5: 0.5595
  Train Batch [350/863] | Loss: 3.0870 | Top1: 0.3913 | Top5: 0.5553
  Train Batch [400/863] | Loss: 3.0877 | Top1: 0.3888 | Top5: 0.5521
  Train Batch [450/863] | Loss: 3.0783 | Top1: 0.3954 | Top5: 0.5563
  Train Batch [500/863] | Loss: 3.0824 | Top1: 0.3991 | Top5: 0.5597
  Train Batch [550/863] | Loss: 3.0820 | Top1: 0.4009 | Top5: 0.5610
  Train Batch [600/863] | Loss: 3.0867 | Top1: 0.3955 | Top5: 0.5551
  Train Batch [650/863] | Loss: 3.0920 | Top1: 0.3969 | Top5: 0.5582
  Train Batch [700/863] | Loss: 3.0821 | Top1: 0.3979 | Top5: 0.5589
  Train Batch [750/863] | Loss: 3.0857 | Top1: 0.3951 | Top5: 0.5553
  Train Batch [800/863] | Loss: 3.0804 | Top1: 0.3902 | Top5: 0.5488
  Train Batch [850/863] | Loss: 3.0822 | Top1: 0.3941 | Top5: 0.5543
  Train Batch [863/863] | Loss: 3.0855 | Top1: 0.3938 | Top5: 0.5539
  Train Epoch Time: 172.734s
  Val Batch [50/152] | Loss: 2.3750 | Top1: 0.6522 | Top5: 0.8631
  Val Batch [100/152] | Loss: 2.3679 | Top1: 0.6620 | Top5: 0.8659
  Val Batch [150/152] | Loss: 2.3707 | Top1: 0.6641 | Top5: 0.8647
  Val Batch [152/152] | Loss: 2.3714 | Top1: 0.6635 | Top5: 0.8645
  Val Epoch Time: 10.617s
Epoch [16/60] | Train Loss: 3.0855 | Train Top1: 0.3938 | Train Top5: 0.5539 | Val Loss: 2.3714 | Val Top1: 0.6635 | Val Top5: 0.8645 | LR: 9.33e-04 | Train Time: 172.734s | Val Time: 10.617s | Epoch Time: 183.351s
Saved best checkpoint to: C:\Users\ljh20\MCS\CS273P\Model_California_Birds\outputs\output_20260308_104235\checkpoints\resnet50_best.pth

===== Epoch 17/60 (LR: 9.18e-04) =====
  Train Batch [50/863] | Loss: 3.0323 | Top1: 0.4191 | Top5: 0.5822
  Train Batch [100/863] | Loss: 2.9296 | Top1: 0.4378 | Top5: 0.5942
  Train Batch [150/863] | Loss: 3.0198 | Top1: 0.4455 | Top5: 0.6060
  Train Batch [200/863] | Loss: 3.0020 | Top1: 0.4389 | Top5: 0.5994
  Train Batch [250/863] | Loss: 2.9985 | Top1: 0.4198 | Top5: 0.5779
  Train Batch [300/863] | Loss: 3.0026 | Top1: 0.4245 | Top5: 0.5836
  Train Batch [350/863] | Loss: 3.0056 | Top1: 0.4004 | Top5: 0.5554
  Train Batch [400/863] | Loss: 3.0106 | Top1: 0.3904 | Top5: 0.5432
  Train Batch [450/863] | Loss: 3.0164 | Top1: 0.3949 | Top5: 0.5500
  Train Batch [500/863] | Loss: 3.0239 | Top1: 0.3925 | Top5: 0.5478
  Train Batch [550/863] | Loss: 3.0149 | Top1: 0.3934 | Top5: 0.5483
  Train Batch [600/863] | Loss: 3.0360 | Top1: 0.3903 | Top5: 0.5457
  Train Batch [650/863] | Loss: 3.0273 | Top1: 0.3903 | Top5: 0.5449
  Train Batch [700/863] | Loss: 3.0138 | Top1: 0.3894 | Top5: 0.5432
  Train Batch [750/863] | Loss: 3.0201 | Top1: 0.3831 | Top5: 0.5377
  Train Batch [800/863] | Loss: 3.0270 | Top1: 0.3764 | Top5: 0.5299
  Train Batch [850/863] | Loss: 3.0228 | Top1: 0.3767 | Top5: 0.5313
  Train Batch [863/863] | Loss: 3.0183 | Top1: 0.3775 | Top5: 0.5317
  Train Epoch Time: 171.684s
  Val Batch [50/152] | Loss: 2.2889 | Top1: 0.6594 | Top5: 0.8644
  Val Batch [100/152] | Loss: 2.3081 | Top1: 0.6586 | Top5: 0.8634
  Val Batch [150/152] | Loss: 2.3163 | Top1: 0.6567 | Top5: 0.8649
  Val Batch [152/152] | Loss: 2.3160 | Top1: 0.6573 | Top5: 0.8653
  Val Epoch Time: 10.566s
Epoch [17/60] | Train Loss: 3.0183 | Train Top1: 0.3775 | Train Top5: 0.5317 | Val Loss: 2.3160 | Val Top1: 0.6573 | Val Top5: 0.8653 | LR: 9.18e-04 | Train Time: 171.684s | Val Time: 10.566s | Epoch Time: 182.250s

===== Epoch 18/60 (LR: 9.01e-04) =====
  Train Batch [50/863] | Loss: 2.9202 | Top1: 0.4100 | Top5: 0.5528
  Train Batch [100/863] | Loss: 2.9694 | Top1: 0.4223 | Top5: 0.5758
  Train Batch [150/863] | Loss: 2.8564 | Top1: 0.4548 | Top5: 0.6102
  Train Batch [200/863] | Loss: 2.8473 | Top1: 0.4286 | Top5: 0.5794
  Train Batch [250/863] | Loss: 2.8880 | Top1: 0.4155 | Top5: 0.5674
  Train Batch [300/863] | Loss: 2.9444 | Top1: 0.4152 | Top5: 0.5705
  Train Batch [350/863] | Loss: 2.9565 | Top1: 0.4021 | Top5: 0.5554
  Train Batch [400/863] | Loss: 2.9576 | Top1: 0.4022 | Top5: 0.5545
  Train Batch [450/863] | Loss: 2.9764 | Top1: 0.4031 | Top5: 0.5568
  Train Batch [500/863] | Loss: 2.9863 | Top1: 0.4006 | Top5: 0.5545
  Train Batch [550/863] | Loss: 2.9931 | Top1: 0.3995 | Top5: 0.5534
  Train Batch [600/863] | Loss: 3.0229 | Top1: 0.3913 | Top5: 0.5472
  Train Batch [650/863] | Loss: 3.0169 | Top1: 0.3953 | Top5: 0.5514
  Train Batch [700/863] | Loss: 3.0242 | Top1: 0.3950 | Top5: 0.5513
  Train Batch [750/863] | Loss: 3.0309 | Top1: 0.3937 | Top5: 0.5504
  Train Batch [800/863] | Loss: 3.0265 | Top1: 0.3959 | Top5: 0.5525
  Train Batch [850/863] | Loss: 3.0128 | Top1: 0.3960 | Top5: 0.5518
  Train Batch [863/863] | Loss: 3.0152 | Top1: 0.3955 | Top5: 0.5515
  Train Epoch Time: 172.323s
  Val Batch [50/152] | Loss: 2.2932 | Top1: 0.6656 | Top5: 0.8700
  Val Batch [100/152] | Loss: 2.2891 | Top1: 0.6691 | Top5: 0.8738
  Val Batch [150/152] | Loss: 2.2981 | Top1: 0.6676 | Top5: 0.8730
  Val Batch [152/152] | Loss: 2.2984 | Top1: 0.6675 | Top5: 0.8728
  Val Epoch Time: 10.526s
Epoch [18/60] | Train Loss: 3.0152 | Train Top1: 0.3955 | Train Top5: 0.5515 | Val Loss: 2.2984 | Val Top1: 0.6675 | Val Top5: 0.8728 | LR: 9.01e-04 | Train Time: 172.323s | Val Time: 10.526s | Epoch Time: 182.848s
Saved best checkpoint to: C:\Users\ljh20\MCS\CS273P\Model_California_Birds\outputs\output_20260308_104235\checkpoints\resnet50_best.pth

===== Epoch 19/60 (LR: 8.83e-04) =====
  Train Batch [50/863] | Loss: 3.0351 | Top1: 0.4044 | Top5: 0.5616
  Train Batch [100/863] | Loss: 2.9354 | Top1: 0.3889 | Top5: 0.5373
  Train Batch [150/863] | Loss: 2.9131 | Top1: 0.4055 | Top5: 0.5544
  Train Batch [200/863] | Loss: 2.8845 | Top1: 0.4293 | Top5: 0.5785
  Train Batch [250/863] | Loss: 2.9197 | Top1: 0.4207 | Top5: 0.5721
  Train Batch [300/863] | Loss: 2.9214 | Top1: 0.4249 | Top5: 0.5791
  Train Batch [350/863] | Loss: 2.9644 | Top1: 0.4223 | Top5: 0.5800
  Train Batch [400/863] | Loss: 2.9744 | Top1: 0.4242 | Top5: 0.5834
  Train Batch [450/863] | Loss: 2.9724 | Top1: 0.4131 | Top5: 0.5693
  Train Batch [500/863] | Loss: 2.9783 | Top1: 0.4122 | Top5: 0.5691
  Train Batch [550/863] | Loss: 2.9587 | Top1: 0.4156 | Top5: 0.5725
  Train Batch [600/863] | Loss: 2.9709 | Top1: 0.4171 | Top5: 0.5751
  Train Batch [650/863] | Loss: 2.9970 | Top1: 0.4164 | Top5: 0.5760
  Train Batch [700/863] | Loss: 2.9941 | Top1: 0.4149 | Top5: 0.5750
  Train Batch [750/863] | Loss: 2.9745 | Top1: 0.4133 | Top5: 0.5720
  Train Batch [800/863] | Loss: 2.9724 | Top1: 0.4150 | Top5: 0.5744
  Train Batch [850/863] | Loss: 2.9596 | Top1: 0.4151 | Top5: 0.5735
  Train Batch [863/863] | Loss: 2.9617 | Top1: 0.4145 | Top5: 0.5733
  Train Epoch Time: 173.784s
  Val Batch [50/152] | Loss: 2.2727 | Top1: 0.6800 | Top5: 0.8784
  Val Batch [100/152] | Loss: 2.2782 | Top1: 0.6806 | Top5: 0.8762
  Val Batch [150/152] | Loss: 2.2796 | Top1: 0.6823 | Top5: 0.8765
  Val Batch [152/152] | Loss: 2.2809 | Top1: 0.6816 | Top5: 0.8763
  Val Epoch Time: 10.889s
Epoch [19/60] | Train Loss: 2.9617 | Train Top1: 0.4145 | Train Top5: 0.5733 | Val Loss: 2.2809 | Val Top1: 0.6816 | Val Top5: 0.8763 | LR: 8.83e-04 | Train Time: 173.784s | Val Time: 10.889s | Epoch Time: 184.673s
Saved best checkpoint to: C:\Users\ljh20\MCS\CS273P\Model_California_Birds\outputs\output_20260308_104235\checkpoints\resnet50_best.pth

===== Epoch 20/60 (LR: 8.64e-04) =====
  Train Batch [50/863] | Loss: 2.8101 | Top1: 0.4375 | Top5: 0.5803
  Train Batch [100/863] | Loss: 2.9705 | Top1: 0.3961 | Top5: 0.5420
  Train Batch [150/863] | Loss: 2.9919 | Top1: 0.3972 | Top5: 0.5519
  Train Batch [200/863] | Loss: 2.9698 | Top1: 0.4146 | Top5: 0.5735
  Train Batch [250/863] | Loss: 2.9252 | Top1: 0.4209 | Top5: 0.5775
  Train Batch [300/863] | Loss: 2.9231 | Top1: 0.4235 | Top5: 0.5778
  Train Batch [350/863] | Loss: 2.9273 | Top1: 0.4222 | Top5: 0.5781
  Train Batch [400/863] | Loss: 2.9317 | Top1: 0.4318 | Top5: 0.5883
  Train Batch [450/863] | Loss: 2.9344 | Top1: 0.4357 | Top5: 0.5899
  Train Batch [500/863] | Loss: 2.9169 | Top1: 0.4323 | Top5: 0.5872
  Train Batch [550/863] | Loss: 2.9229 | Top1: 0.4312 | Top5: 0.5862
  Train Batch [600/863] | Loss: 2.9492 | Top1: 0.4301 | Top5: 0.5872
  Train Batch [650/863] | Loss: 2.9414 | Top1: 0.4280 | Top5: 0.5840
  Train Batch [700/863] | Loss: 2.9392 | Top1: 0.4259 | Top5: 0.5816
  Train Batch [750/863] | Loss: 2.9330 | Top1: 0.4282 | Top5: 0.5846
  Train Batch [800/863] | Loss: 2.9318 | Top1: 0.4298 | Top5: 0.5868
  Train Batch [850/863] | Loss: 2.9409 | Top1: 0.4295 | Top5: 0.5875
  Train Batch [863/863] | Loss: 2.9377 | Top1: 0.4304 | Top5: 0.5881
  Train Epoch Time: 172.596s
  Val Batch [50/152] | Loss: 2.2884 | Top1: 0.6703 | Top5: 0.8797
  Val Batch [100/152] | Loss: 2.2857 | Top1: 0.6823 | Top5: 0.8786
  Val Batch [150/152] | Loss: 2.2900 | Top1: 0.6802 | Top5: 0.8748
  Val Batch [152/152] | Loss: 2.2904 | Top1: 0.6802 | Top5: 0.8745
  Val Epoch Time: 10.455s
Epoch [20/60] | Train Loss: 2.9377 | Train Top1: 0.4304 | Train Top5: 0.5881 | Val Loss: 2.2904 | Val Top1: 0.6802 | Val Top5: 0.8745 | LR: 8.64e-04 | Train Time: 172.596s | Val Time: 10.455s | Epoch Time: 183.051s

===== Epoch 21/60 (LR: 8.43e-04) =====
  Train Batch [50/863] | Loss: 2.8230 | Top1: 0.4431 | Top5: 0.5891
  Train Batch [100/863] | Loss: 2.8700 | Top1: 0.3967 | Top5: 0.5330
  Train Batch [150/863] | Loss: 2.8710 | Top1: 0.4015 | Top5: 0.5405
  Train Batch [200/863] | Loss: 2.8537 | Top1: 0.4190 | Top5: 0.5602
  Train Batch [250/863] | Loss: 2.8810 | Top1: 0.4338 | Top5: 0.5817
  Train Batch [300/863] | Loss: 2.8911 | Top1: 0.4236 | Top5: 0.5741
  Train Batch [350/863] | Loss: 2.8726 | Top1: 0.4197 | Top5: 0.5698
  Train Batch [400/863] | Loss: 2.8571 | Top1: 0.4248 | Top5: 0.5755
  Train Batch [450/863] | Loss: 2.8764 | Top1: 0.4248 | Top5: 0.5773
  Train Batch [500/863] | Loss: 2.8951 | Top1: 0.4267 | Top5: 0.5809
  Train Batch [550/863] | Loss: 2.8783 | Top1: 0.4298 | Top5: 0.5837
  Train Batch [600/863] | Loss: 2.8837 | Top1: 0.4270 | Top5: 0.5802
  Train Batch [650/863] | Loss: 2.8729 | Top1: 0.4310 | Top5: 0.5826
  Train Batch [700/863] | Loss: 2.8798 | Top1: 0.4257 | Top5: 0.5764
  Train Batch [750/863] | Loss: 2.8886 | Top1: 0.4289 | Top5: 0.5806
  Train Batch [800/863] | Loss: 2.8807 | Top1: 0.4311 | Top5: 0.5823
  Train Batch [850/863] | Loss: 2.8891 | Top1: 0.4323 | Top5: 0.5848
  Train Batch [863/863] | Loss: 2.8805 | Top1: 0.4332 | Top5: 0.5854
  Train Epoch Time: 174.442s
  Val Batch [50/152] | Loss: 2.2247 | Top1: 0.6869 | Top5: 0.8722
  Val Batch [100/152] | Loss: 2.2300 | Top1: 0.6877 | Top5: 0.8733
  Val Batch [150/152] | Loss: 2.2336 | Top1: 0.6872 | Top5: 0.8749
  Val Batch [152/152] | Loss: 2.2341 | Top1: 0.6872 | Top5: 0.8745
  Val Epoch Time: 10.550s
Epoch [21/60] | Train Loss: 2.8805 | Train Top1: 0.4332 | Train Top5: 0.5854 | Val Loss: 2.2341 | Val Top1: 0.6872 | Val Top5: 0.8745 | LR: 8.43e-04 | Train Time: 174.442s | Val Time: 10.550s | Epoch Time: 184.992s
Saved best checkpoint to: C:\Users\ljh20\MCS\CS273P\Model_California_Birds\outputs\output_20260308_104235\checkpoints\resnet50_best.pth

===== Epoch 22/60 (LR: 8.21e-04) =====
  Train Batch [50/863] | Loss: 2.6914 | Top1: 0.4566 | Top5: 0.6022
  Train Batch [100/863] | Loss: 2.7489 | Top1: 0.4634 | Top5: 0.6239
  Train Batch [150/863] | Loss: 2.7552 | Top1: 0.4788 | Top5: 0.6394
  Train Batch [200/863] | Loss: 2.7778 | Top1: 0.4555 | Top5: 0.6120
  Train Batch [250/863] | Loss: 2.7471 | Top1: 0.4428 | Top5: 0.5934
  Train Batch [300/863] | Loss: 2.7984 | Top1: 0.4331 | Top5: 0.5853
  Train Batch [350/863] | Loss: 2.8064 | Top1: 0.4357 | Top5: 0.5913
  Train Batch [400/863] | Loss: 2.8075 | Top1: 0.4430 | Top5: 0.5986
  Train Batch [450/863] | Loss: 2.8060 | Top1: 0.4431 | Top5: 0.5988
  Train Batch [500/863] | Loss: 2.8144 | Top1: 0.4397 | Top5: 0.5959
  Train Batch [550/863] | Loss: 2.8100 | Top1: 0.4461 | Top5: 0.6027
  Train Batch [600/863] | Loss: 2.8059 | Top1: 0.4461 | Top5: 0.6023
  Train Batch [650/863] | Loss: 2.8139 | Top1: 0.4519 | Top5: 0.6083
  Train Batch [700/863] | Loss: 2.8163 | Top1: 0.4508 | Top5: 0.6073
  Train Batch [750/863] | Loss: 2.8233 | Top1: 0.4499 | Top5: 0.6068
  Train Batch [800/863] | Loss: 2.8361 | Top1: 0.4500 | Top5: 0.6078
  Train Batch [850/863] | Loss: 2.8342 | Top1: 0.4503 | Top5: 0.6079
  Train Batch [863/863] | Loss: 2.8315 | Top1: 0.4499 | Top5: 0.6073
  Train Epoch Time: 172.003s
  Val Batch [50/152] | Loss: 2.1981 | Top1: 0.6850 | Top5: 0.8822
  Val Batch [100/152] | Loss: 2.2056 | Top1: 0.6947 | Top5: 0.8822
  Val Batch [150/152] | Loss: 2.2030 | Top1: 0.6971 | Top5: 0.8822
  Val Batch [152/152] | Loss: 2.2029 | Top1: 0.6970 | Top5: 0.8823
  Val Epoch Time: 10.601s
Epoch [22/60] | Train Loss: 2.8315 | Train Top1: 0.4499 | Train Top5: 0.6073 | Val Loss: 2.2029 | Val Top1: 0.6970 | Val Top5: 0.8823 | LR: 8.21e-04 | Train Time: 172.003s | Val Time: 10.601s | Epoch Time: 182.604s
Saved best checkpoint to: C:\Users\ljh20\MCS\CS273P\Model_California_Birds\outputs\output_20260308_104235\checkpoints\resnet50_best.pth

===== Epoch 23/60 (LR: 7.99e-04) =====
  Train Batch [50/863] | Loss: 2.9035 | Top1: 0.4553 | Top5: 0.6128
  Train Batch [100/863] | Loss: 2.8757 | Top1: 0.4334 | Top5: 0.5920
  Train Batch [150/863] | Loss: 2.9028 | Top1: 0.4154 | Top5: 0.5773
  Train Batch [200/863] | Loss: 2.9156 | Top1: 0.4320 | Top5: 0.5957
  Train Batch [250/863] | Loss: 2.8900 | Top1: 0.4504 | Top5: 0.6142
  Train Batch [300/863] | Loss: 2.8377 | Top1: 0.4443 | Top5: 0.6023
  Train Batch [350/863] | Loss: 2.8598 | Top1: 0.4313 | Top5: 0.5866
  Train Batch [400/863] | Loss: 2.8230 | Top1: 0.4336 | Top5: 0.5864
  Train Batch [450/863] | Loss: 2.8302 | Top1: 0.4430 | Top5: 0.5966
  Train Batch [500/863] | Loss: 2.8392 | Top1: 0.4369 | Top5: 0.5911
  Train Batch [550/863] | Loss: 2.8404 | Top1: 0.4349 | Top5: 0.5885
  Train Batch [600/863] | Loss: 2.8345 | Top1: 0.4305 | Top5: 0.5831
  Train Batch [650/863] | Loss: 2.8351 | Top1: 0.4342 | Top5: 0.5873
  Train Batch [700/863] | Loss: 2.8344 | Top1: 0.4333 | Top5: 0.5860
  Train Batch [750/863] | Loss: 2.8313 | Top1: 0.4313 | Top5: 0.5835
  Train Batch [800/863] | Loss: 2.8175 | Top1: 0.4336 | Top5: 0.5851
  Train Batch [850/863] | Loss: 2.8289 | Top1: 0.4307 | Top5: 0.5832
  Train Batch [863/863] | Loss: 2.8262 | Top1: 0.4302 | Top5: 0.5828
  Train Epoch Time: 173.381s
  Val Batch [50/152] | Loss: 2.2403 | Top1: 0.6828 | Top5: 0.8800
  Val Batch [100/152] | Loss: 2.2413 | Top1: 0.6898 | Top5: 0.8811
  Val Batch [150/152] | Loss: 2.2421 | Top1: 0.6871 | Top5: 0.8791
  Val Batch [152/152] | Loss: 2.2419 | Top1: 0.6870 | Top5: 0.8788
  Val Epoch Time: 10.873s
Epoch [23/60] | Train Loss: 2.8262 | Train Top1: 0.4302 | Train Top5: 0.5828 | Val Loss: 2.2419 | Val Top1: 0.6870 | Val Top5: 0.8788 | LR: 7.99e-04 | Train Time: 173.381s | Val Time: 10.873s | Epoch Time: 184.254s

===== Epoch 24/60 (LR: 7.75e-04) =====
  Train Batch [50/863] | Loss: 2.7443 | Top1: 0.5491 | Top5: 0.7013
  Train Batch [100/863] | Loss: 2.7744 | Top1: 0.5133 | Top5: 0.6687
  Train Batch [150/863] | Loss: 2.8768 | Top1: 0.4642 | Top5: 0.6266
  Train Batch [200/863] | Loss: 2.8159 | Top1: 0.4548 | Top5: 0.6070
  Train Batch [250/863] | Loss: 2.7483 | Top1: 0.4559 | Top5: 0.6034
  Train Batch [300/863] | Loss: 2.7374 | Top1: 0.4375 | Top5: 0.5830
  Train Batch [350/863] | Loss: 2.7583 | Top1: 0.4307 | Top5: 0.5772
  Train Batch [400/863] | Loss: 2.7455 | Top1: 0.4408 | Top5: 0.5857
  Train Batch [450/863] | Loss: 2.7297 | Top1: 0.4378 | Top5: 0.5824
  Train Batch [500/863] | Loss: 2.7057 | Top1: 0.4365 | Top5: 0.5785
  Train Batch [550/863] | Loss: 2.7253 | Top1: 0.4352 | Top5: 0.5782
  Train Batch [600/863] | Loss: 2.7217 | Top1: 0.4449 | Top5: 0.5901
  Train Batch [650/863] | Loss: 2.7187 | Top1: 0.4452 | Top5: 0.5905
  Train Batch [700/863] | Loss: 2.7326 | Top1: 0.4480 | Top5: 0.5952
  Train Batch [750/863] | Loss: 2.7304 | Top1: 0.4483 | Top5: 0.5946
  Train Batch [800/863] | Loss: 2.7299 | Top1: 0.4490 | Top5: 0.5947
  Train Batch [850/863] | Loss: 2.7211 | Top1: 0.4489 | Top5: 0.5943
  Train Batch [863/863] | Loss: 2.7162 | Top1: 0.4475 | Top5: 0.5926
  Train Epoch Time: 172.342s
  Val Batch [50/152] | Loss: 2.1909 | Top1: 0.6934 | Top5: 0.8828
  Val Batch [100/152] | Loss: 2.1807 | Top1: 0.7003 | Top5: 0.8852
  Val Batch [150/152] | Loss: 2.1823 | Top1: 0.7022 | Top5: 0.8854
  Val Batch [152/152] | Loss: 2.1835 | Top1: 0.7018 | Top5: 0.8851
  Val Epoch Time: 10.401s
Epoch [24/60] | Train Loss: 2.7162 | Train Top1: 0.4475 | Train Top5: 0.5926 | Val Loss: 2.1835 | Val Top1: 0.7018 | Val Top5: 0.8851 | LR: 7.75e-04 | Train Time: 172.342s | Val Time: 10.401s | Epoch Time: 182.743s
Saved best checkpoint to: C:\Users\ljh20\MCS\CS273P\Model_California_Birds\outputs\output_20260308_104235\checkpoints\resnet50_best.pth

===== Epoch 25/60 (LR: 7.50e-04) =====
  Train Batch [50/863] | Loss: 2.8477 | Top1: 0.4153 | Top5: 0.5725
  Train Batch [100/863] | Loss: 2.7037 | Top1: 0.4083 | Top5: 0.5478
  Train Batch [150/863] | Loss: 2.7300 | Top1: 0.4304 | Top5: 0.5728
  Train Batch [200/863] | Loss: 2.7523 | Top1: 0.4384 | Top5: 0.5828
  Train Batch [250/863] | Loss: 2.7558 | Top1: 0.4353 | Top5: 0.5808
  Train Batch [300/863] | Loss: 2.6892 | Top1: 0.4453 | Top5: 0.5851
  Train Batch [350/863] | Loss: 2.7365 | Top1: 0.4522 | Top5: 0.5979
  Train Batch [400/863] | Loss: 2.7245 | Top1: 0.4385 | Top5: 0.5837
  Train Batch [450/863] | Loss: 2.7090 | Top1: 0.4478 | Top5: 0.5937
  Train Batch [500/863] | Loss: 2.6993 | Top1: 0.4512 | Top5: 0.5972
  Train Batch [550/863] | Loss: 2.7085 | Top1: 0.4554 | Top5: 0.6035
  Train Batch [600/863] | Loss: 2.7087 | Top1: 0.4563 | Top5: 0.6045
  Train Batch [650/863] | Loss: 2.7305 | Top1: 0.4565 | Top5: 0.6071
  Train Batch [700/863] | Loss: 2.7320 | Top1: 0.4592 | Top5: 0.6108
  Train Batch [750/863] | Loss: 2.7227 | Top1: 0.4621 | Top5: 0.6125
  Train Batch [800/863] | Loss: 2.7235 | Top1: 0.4578 | Top5: 0.6076
  Train Batch [850/863] | Loss: 2.7337 | Top1: 0.4628 | Top5: 0.6141
  Train Batch [863/863] | Loss: 2.7303 | Top1: 0.4606 | Top5: 0.6114
  Train Epoch Time: 174.194s
  Val Batch [50/152] | Loss: 2.2113 | Top1: 0.6881 | Top5: 0.8803
  Val Batch [100/152] | Loss: 2.2052 | Top1: 0.7009 | Top5: 0.8816
  Val Batch [150/152] | Loss: 2.2087 | Top1: 0.6976 | Top5: 0.8826
  Val Batch [152/152] | Loss: 2.2100 | Top1: 0.6972 | Top5: 0.8828
  Val Epoch Time: 10.667s
Epoch [25/60] | Train Loss: 2.7303 | Train Top1: 0.4606 | Train Top5: 0.6114 | Val Loss: 2.2100 | Val Top1: 0.6972 | Val Top5: 0.8828 | LR: 7.50e-04 | Train Time: 174.194s | Val Time: 10.667s | Epoch Time: 184.860s

===== Epoch 26/60 (LR: 7.24e-04) =====
  Train Batch [50/863] | Loss: 2.8485 | Top1: 0.4459 | Top5: 0.5872
  Train Batch [100/863] | Loss: 2.6882 | Top1: 0.4412 | Top5: 0.5752
  Train Batch [150/863] | Loss: 2.6276 | Top1: 0.4429 | Top5: 0.5771
  Train Batch [200/863] | Loss: 2.6315 | Top1: 0.4702 | Top5: 0.6058
  Train Batch [250/863] | Loss: 2.6546 | Top1: 0.4716 | Top5: 0.6114
  Train Batch [300/863] | Loss: 2.6913 | Top1: 0.4638 | Top5: 0.6071
  Train Batch [350/863] | Loss: 2.6911 | Top1: 0.4553 | Top5: 0.5983
  Train Batch [400/863] | Loss: 2.6903 | Top1: 0.4461 | Top5: 0.5874
  Train Batch [450/863] | Loss: 2.6736 | Top1: 0.4500 | Top5: 0.5912
  Train Batch [500/863] | Loss: 2.6486 | Top1: 0.4566 | Top5: 0.5959
  Train Batch [550/863] | Loss: 2.6480 | Top1: 0.4474 | Top5: 0.5866
  Train Batch [600/863] | Loss: 2.6521 | Top1: 0.4507 | Top5: 0.5916
  Train Batch [650/863] | Loss: 2.6721 | Top1: 0.4578 | Top5: 0.6007
  Train Batch [700/863] | Loss: 2.6697 | Top1: 0.4639 | Top5: 0.6062
  Train Batch [750/863] | Loss: 2.6797 | Top1: 0.4653 | Top5: 0.6088
  Train Batch [800/863] | Loss: 2.7027 | Top1: 0.4617 | Top5: 0.6068
  Train Batch [850/863] | Loss: 2.7109 | Top1: 0.4602 | Top5: 0.6058
  Train Batch [863/863] | Loss: 2.7086 | Top1: 0.4618 | Top5: 0.6079
  Train Epoch Time: 172.636s
  Val Batch [50/152] | Loss: 2.1973 | Top1: 0.6922 | Top5: 0.8794
  Val Batch [100/152] | Loss: 2.1938 | Top1: 0.6958 | Top5: 0.8830
  Val Batch [150/152] | Loss: 2.2008 | Top1: 0.6976 | Top5: 0.8846
  Val Batch [152/152] | Loss: 2.2031 | Top1: 0.6972 | Top5: 0.8841
  Val Epoch Time: 10.345s
Epoch [26/60] | Train Loss: 2.7086 | Train Top1: 0.4618 | Train Top5: 0.6079 | Val Loss: 2.2031 | Val Top1: 0.6972 | Val Top5: 0.8841 | LR: 7.24e-04 | Train Time: 172.636s | Val Time: 10.345s | Epoch Time: 182.982s

===== Epoch 27/60 (LR: 6.98e-04) =====
  Train Batch [50/863] | Loss: 2.4497 | Top1: 0.4450 | Top5: 0.5469
  Train Batch [100/863] | Loss: 2.5925 | Top1: 0.4891 | Top5: 0.6125
  Train Batch [150/863] | Loss: 2.5453 | Top1: 0.4948 | Top5: 0.6242
  Train Batch [200/863] | Loss: 2.5982 | Top1: 0.4830 | Top5: 0.6187
  Train Batch [250/863] | Loss: 2.5906 | Top1: 0.4855 | Top5: 0.6230
  Train Batch [300/863] | Loss: 2.6240 | Top1: 0.4943 | Top5: 0.6355
  Train Batch [350/863] | Loss: 2.6114 | Top1: 0.5033 | Top5: 0.6433
  Train Batch [400/863] | Loss: 2.6140 | Top1: 0.4996 | Top5: 0.6409
  Train Batch [450/863] | Loss: 2.6183 | Top1: 0.4988 | Top5: 0.6402
  Train Batch [500/863] | Loss: 2.6074 | Top1: 0.5001 | Top5: 0.6420
  Train Batch [550/863] | Loss: 2.6243 | Top1: 0.4969 | Top5: 0.6418
  Train Batch [600/863] | Loss: 2.6273 | Top1: 0.5014 | Top5: 0.6464
  Train Batch [650/863] | Loss: 2.6248 | Top1: 0.4965 | Top5: 0.6406
  Train Batch [700/863] | Loss: 2.6191 | Top1: 0.4962 | Top5: 0.6398
  Train Batch [750/863] | Loss: 2.6334 | Top1: 0.4912 | Top5: 0.6356
  Train Batch [800/863] | Loss: 2.6379 | Top1: 0.4887 | Top5: 0.6332
  Train Batch [850/863] | Loss: 2.6437 | Top1: 0.4854 | Top5: 0.6307
  Train Batch [863/863] | Loss: 2.6426 | Top1: 0.4852 | Top5: 0.6306
  Train Epoch Time: 174.105s
  Val Batch [50/152] | Loss: 2.1636 | Top1: 0.6969 | Top5: 0.8847
  Val Batch [100/152] | Loss: 2.1524 | Top1: 0.7066 | Top5: 0.8883
  Val Batch [150/152] | Loss: 2.1536 | Top1: 0.7064 | Top5: 0.8884
  Val Batch [152/152] | Loss: 2.1545 | Top1: 0.7061 | Top5: 0.8883
  Val Epoch Time: 10.666s
Epoch [27/60] | Train Loss: 2.6426 | Train Top1: 0.4852 | Train Top5: 0.6306 | Val Loss: 2.1545 | Val Top1: 0.7061 | Val Top5: 0.8883 | LR: 6.98e-04 | Train Time: 174.105s | Val Time: 10.666s | Epoch Time: 184.771s
Saved best checkpoint to: C:\Users\ljh20\MCS\CS273P\Model_California_Birds\outputs\output_20260308_104235\checkpoints\resnet50_best.pth

===== Epoch 28/60 (LR: 6.71e-04) =====
  Train Batch [50/863] | Loss: 2.7478 | Top1: 0.5247 | Top5: 0.6766
  Train Batch [100/863] | Loss: 2.7030 | Top1: 0.5453 | Top5: 0.6908
  Train Batch [150/863] | Loss: 2.6860 | Top1: 0.5266 | Top5: 0.6766
  Train Batch [200/863] | Loss: 2.6503 | Top1: 0.5177 | Top5: 0.6684
  Train Batch [250/863] | Loss: 2.6512 | Top1: 0.4911 | Top5: 0.6382
  Train Batch [300/863] | Loss: 2.6433 | Top1: 0.4965 | Top5: 0.6428
  Train Batch [350/863] | Loss: 2.6388 | Top1: 0.4872 | Top5: 0.6326
  Train Batch [400/863] | Loss: 2.6558 | Top1: 0.4870 | Top5: 0.6336
  Train Batch [450/863] | Loss: 2.6762 | Top1: 0.4879 | Top5: 0.6391
  Train Batch [500/863] | Loss: 2.6773 | Top1: 0.4900 | Top5: 0.6405
  Train Batch [550/863] | Loss: 2.6782 | Top1: 0.4929 | Top5: 0.6443
  Train Batch [600/863] | Loss: 2.6819 | Top1: 0.4902 | Top5: 0.6424
  Train Batch [650/863] | Loss: 2.6937 | Top1: 0.4874 | Top5: 0.6403
  Train Batch [700/863] | Loss: 2.6962 | Top1: 0.4901 | Top5: 0.6427
  Train Batch [750/863] | Loss: 2.6978 | Top1: 0.4899 | Top5: 0.6415
  Train Batch [800/863] | Loss: 2.6958 | Top1: 0.4924 | Top5: 0.6452
  Train Batch [850/863] | Loss: 2.6900 | Top1: 0.4902 | Top5: 0.6417
  Train Batch [863/863] | Loss: 2.6823 | Top1: 0.4909 | Top5: 0.6417
  Train Epoch Time: 176.375s
  Val Batch [50/152] | Loss: 2.1467 | Top1: 0.7081 | Top5: 0.8897
  Val Batch [100/152] | Loss: 2.1295 | Top1: 0.7120 | Top5: 0.8927
  Val Batch [150/152] | Loss: 2.1282 | Top1: 0.7148 | Top5: 0.8918
  Val Batch [152/152] | Loss: 2.1293 | Top1: 0.7146 | Top5: 0.8916
  Val Epoch Time: 10.652s
Epoch [28/60] | Train Loss: 2.6823 | Train Top1: 0.4909 | Train Top5: 0.6417 | Val Loss: 2.1293 | Val Top1: 0.7146 | Val Top5: 0.8916 | LR: 6.71e-04 | Train Time: 176.375s | Val Time: 10.652s | Epoch Time: 187.027s
Saved best checkpoint to: C:\Users\ljh20\MCS\CS273P\Model_California_Birds\outputs\output_20260308_104235\checkpoints\resnet50_best.pth

===== Epoch 29/60 (LR: 6.43e-04) =====
  Train Batch [50/863] | Loss: 2.4940 | Top1: 0.4425 | Top5: 0.5678
  Train Batch [100/863] | Loss: 2.5124 | Top1: 0.4694 | Top5: 0.6002
  Train Batch [150/863] | Loss: 2.5235 | Top1: 0.4967 | Top5: 0.6315
  Train Batch [200/863] | Loss: 2.5841 | Top1: 0.4776 | Top5: 0.6201
  Train Batch [250/863] | Loss: 2.5935 | Top1: 0.4681 | Top5: 0.6096
  Train Batch [300/863] | Loss: 2.6042 | Top1: 0.4696 | Top5: 0.6107
  Train Batch [350/863] | Loss: 2.6364 | Top1: 0.4795 | Top5: 0.6258
  Train Batch [400/863] | Loss: 2.6371 | Top1: 0.4853 | Top5: 0.6323
  Train Batch [450/863] | Loss: 2.6324 | Top1: 0.4814 | Top5: 0.6265
  Train Batch [500/863] | Loss: 2.6310 | Top1: 0.4783 | Top5: 0.6228
  Train Batch [550/863] | Loss: 2.6199 | Top1: 0.4830 | Top5: 0.6258
  Train Batch [600/863] | Loss: 2.6113 | Top1: 0.4751 | Top5: 0.6164
  Train Batch [650/863] | Loss: 2.6093 | Top1: 0.4629 | Top5: 0.6030
  Train Batch [700/863] | Loss: 2.6255 | Top1: 0.4651 | Top5: 0.6074
  Train Batch [750/863] | Loss: 2.6281 | Top1: 0.4669 | Top5: 0.6098
  Train Batch [800/863] | Loss: 2.6291 | Top1: 0.4669 | Top5: 0.6107
  Train Batch [850/863] | Loss: 2.6287 | Top1: 0.4632 | Top5: 0.6068
  Train Batch [863/863] | Loss: 2.6223 | Top1: 0.4627 | Top5: 0.6055
  Train Epoch Time: 173.430s
  Val Batch [50/152] | Loss: 2.1064 | Top1: 0.7119 | Top5: 0.8984
  Val Batch [100/152] | Loss: 2.1118 | Top1: 0.7180 | Top5: 0.8942
  Val Batch [150/152] | Loss: 2.1170 | Top1: 0.7161 | Top5: 0.8946
  Val Batch [152/152] | Loss: 2.1180 | Top1: 0.7158 | Top5: 0.8944
  Val Epoch Time: 10.551s
Epoch [29/60] | Train Loss: 2.6223 | Train Top1: 0.4627 | Train Top5: 0.6055 | Val Loss: 2.1180 | Val Top1: 0.7158 | Val Top5: 0.8944 | LR: 6.43e-04 | Train Time: 173.430s | Val Time: 10.551s | Epoch Time: 183.982s
Saved best checkpoint to: C:\Users\ljh20\MCS\CS273P\Model_California_Birds\outputs\output_20260308_104235\checkpoints\resnet50_best.pth

===== Epoch 30/60 (LR: 6.15e-04) =====
  Train Batch [50/863] | Loss: 2.6107 | Top1: 0.5034 | Top5: 0.6606
  Train Batch [100/863] | Loss: 2.5927 | Top1: 0.5036 | Top5: 0.6547
  Train Batch [150/863] | Loss: 2.5697 | Top1: 0.5231 | Top5: 0.6732
  Train Batch [200/863] | Loss: 2.6170 | Top1: 0.5291 | Top5: 0.6809
  Train Batch [250/863] | Loss: 2.6020 | Top1: 0.4838 | Top5: 0.6283
  Train Batch [300/863] | Loss: 2.5864 | Top1: 0.4793 | Top5: 0.6215
  Train Batch [350/863] | Loss: 2.5553 | Top1: 0.4817 | Top5: 0.6232
  Train Batch [400/863] | Loss: 2.5519 | Top1: 0.4872 | Top5: 0.6293
  Train Batch [450/863] | Loss: 2.5407 | Top1: 0.4879 | Top5: 0.6288
  Train Batch [500/863] | Loss: 2.5388 | Top1: 0.4771 | Top5: 0.6173
  Train Batch [550/863] | Loss: 2.5527 | Top1: 0.4742 | Top5: 0.6152
  Train Batch [600/863] | Loss: 2.5432 | Top1: 0.4777 | Top5: 0.6172
  Train Batch [650/863] | Loss: 2.5351 | Top1: 0.4809 | Top5: 0.6201
  Train Batch [700/863] | Loss: 2.5509 | Top1: 0.4843 | Top5: 0.6262
  Train Batch [750/863] | Loss: 2.5459 | Top1: 0.4805 | Top5: 0.6214
  Train Batch [800/863] | Loss: 2.5391 | Top1: 0.4817 | Top5: 0.6221
  Train Batch [850/863] | Loss: 2.5357 | Top1: 0.4805 | Top5: 0.6207
  Train Batch [863/863] | Loss: 2.5370 | Top1: 0.4782 | Top5: 0.6183
  Train Epoch Time: 171.263s
  Val Batch [50/152] | Loss: 2.1185 | Top1: 0.7097 | Top5: 0.8919
  Val Batch [100/152] | Loss: 2.1027 | Top1: 0.7198 | Top5: 0.8953
  Val Batch [150/152] | Loss: 2.1056 | Top1: 0.7196 | Top5: 0.8955
  Val Batch [152/152] | Loss: 2.1066 | Top1: 0.7195 | Top5: 0.8952
  Val Epoch Time: 10.578s
Epoch [30/60] | Train Loss: 2.5370 | Train Top1: 0.4782 | Train Top5: 0.6183 | Val Loss: 2.1066 | Val Top1: 0.7195 | Val Top5: 0.8952 | LR: 6.15e-04 | Train Time: 171.263s | Val Time: 10.578s | Epoch Time: 181.841s
Saved best checkpoint to: C:\Users\ljh20\MCS\CS273P\Model_California_Birds\outputs\output_20260308_104235\checkpoints\resnet50_best.pth

===== Epoch 31/60 (LR: 5.87e-04) =====
  Train Batch [50/863] | Loss: 2.6086 | Top1: 0.5153 | Top5: 0.6488
  Train Batch [100/863] | Loss: 2.4751 | Top1: 0.4816 | Top5: 0.6097
  Train Batch [150/863] | Loss: 2.5412 | Top1: 0.4796 | Top5: 0.6148
  Train Batch [200/863] | Loss: 2.5143 | Top1: 0.4736 | Top5: 0.6114
  Train Batch [250/863] | Loss: 2.5179 | Top1: 0.4687 | Top5: 0.6062
  Train Batch [300/863] | Loss: 2.5026 | Top1: 0.4757 | Top5: 0.6121
  Train Batch [350/863] | Loss: 2.4825 | Top1: 0.4858 | Top5: 0.6195
  Train Batch [400/863] | Loss: 2.4923 | Top1: 0.4803 | Top5: 0.6164
  Train Batch [450/863] | Loss: 2.5087 | Top1: 0.4825 | Top5: 0.6211
  Train Batch [500/863] | Loss: 2.5286 | Top1: 0.4799 | Top5: 0.6209
  Train Batch [550/863] | Loss: 2.5448 | Top1: 0.4817 | Top5: 0.6261
  Train Batch [600/863] | Loss: 2.5340 | Top1: 0.4822 | Top5: 0.6249
  Train Batch [650/863] | Loss: 2.5480 | Top1: 0.4763 | Top5: 0.6201
  Train Batch [700/863] | Loss: 2.5491 | Top1: 0.4838 | Top5: 0.6279
  Train Batch [750/863] | Loss: 2.5733 | Top1: 0.4878 | Top5: 0.6333
  Train Batch [800/863] | Loss: 2.5874 | Top1: 0.4897 | Top5: 0.6367
  Train Batch [850/863] | Loss: 2.5794 | Top1: 0.4893 | Top5: 0.6354
  Train Batch [863/863] | Loss: 2.5805 | Top1: 0.4899 | Top5: 0.6362
  Train Epoch Time: 172.002s
  Val Batch [50/152] | Loss: 2.1254 | Top1: 0.7128 | Top5: 0.8931
  Val Batch [100/152] | Loss: 2.1232 | Top1: 0.7175 | Top5: 0.8945
  Val Batch [150/152] | Loss: 2.1256 | Top1: 0.7186 | Top5: 0.8936
  Val Batch [152/152] | Loss: 2.1264 | Top1: 0.7186 | Top5: 0.8938
  Val Epoch Time: 10.507s
Epoch [31/60] | Train Loss: 2.5805 | Train Top1: 0.4899 | Train Top5: 0.6362 | Val Loss: 2.1264 | Val Top1: 0.7186 | Val Top5: 0.8938 | LR: 5.87e-04 | Train Time: 172.002s | Val Time: 10.507s | Epoch Time: 182.509s

===== Epoch 32/60 (LR: 5.58e-04) =====
  Train Batch [50/863] | Loss: 2.3340 | Top1: 0.5616 | Top5: 0.6900
  Train Batch [100/863] | Loss: 2.4636 | Top1: 0.5031 | Top5: 0.6402
  Train Batch [150/863] | Loss: 2.5325 | Top1: 0.5134 | Top5: 0.6630
  Train Batch [200/863] | Loss: 2.4902 | Top1: 0.5320 | Top5: 0.6763
  Train Batch [250/863] | Loss: 2.5175 | Top1: 0.5261 | Top5: 0.6752
  Train Batch [300/863] | Loss: 2.5400 | Top1: 0.5132 | Top5: 0.6595
  Train Batch [350/863] | Loss: 2.5562 | Top1: 0.5055 | Top5: 0.6555
  Train Batch [400/863] | Loss: 2.5392 | Top1: 0.4977 | Top5: 0.6442
  Train Batch [450/863] | Loss: 2.5233 | Top1: 0.4952 | Top5: 0.6394
  Train Batch [500/863] | Loss: 2.5107 | Top1: 0.4944 | Top5: 0.6364
  Train Batch [550/863] | Loss: 2.5177 | Top1: 0.4977 | Top5: 0.6382
  Train Batch [600/863] | Loss: 2.5027 | Top1: 0.5070 | Top5: 0.6463
  Train Batch [650/863] | Loss: 2.5130 | Top1: 0.5056 | Top5: 0.6467
  Train Batch [700/863] | Loss: 2.5129 | Top1: 0.5079 | Top5: 0.6489
  Train Batch [750/863] | Loss: 2.5273 | Top1: 0.5040 | Top5: 0.6456
  Train Batch [800/863] | Loss: 2.5137 | Top1: 0.5018 | Top5: 0.6411
  Train Batch [850/863] | Loss: 2.5217 | Top1: 0.5029 | Top5: 0.6427
  Train Batch [863/863] | Loss: 2.5171 | Top1: 0.5031 | Top5: 0.6425
  Train Epoch Time: 172.366s
  Val Batch [50/152] | Loss: 2.0926 | Top1: 0.7163 | Top5: 0.8953
  Val Batch [100/152] | Loss: 2.0838 | Top1: 0.7245 | Top5: 0.8984
  Val Batch [150/152] | Loss: 2.0832 | Top1: 0.7269 | Top5: 0.8981
  Val Batch [152/152] | Loss: 2.0846 | Top1: 0.7262 | Top5: 0.8979
  Val Epoch Time: 10.556s
Epoch [32/60] | Train Loss: 2.5171 | Train Top1: 0.5031 | Train Top5: 0.6425 | Val Loss: 2.0846 | Val Top1: 0.7262 | Val Top5: 0.8979 | LR: 5.58e-04 | Train Time: 172.366s | Val Time: 10.556s | Epoch Time: 182.923s
Saved best checkpoint to: C:\Users\ljh20\MCS\CS273P\Model_California_Birds\outputs\output_20260308_104235\checkpoints\resnet50_best.pth

===== Epoch 33/60 (LR: 5.29e-04) =====
  Train Batch [50/863] | Loss: 2.5506 | Top1: 0.5031 | Top5: 0.6587
  Train Batch [100/863] | Loss: 2.5961 | Top1: 0.4977 | Top5: 0.6586
  Train Batch [150/863] | Loss: 2.6371 | Top1: 0.4904 | Top5: 0.6583
  Train Batch [200/863] | Loss: 2.5669 | Top1: 0.5017 | Top5: 0.6580
  Train Batch [250/863] | Loss: 2.5141 | Top1: 0.4947 | Top5: 0.6436
  Train Batch [300/863] | Loss: 2.5240 | Top1: 0.5158 | Top5: 0.6659
  Train Batch [350/863] | Loss: 2.5124 | Top1: 0.5063 | Top5: 0.6538
  Train Batch [400/863] | Loss: 2.5433 | Top1: 0.5077 | Top5: 0.6589
  Train Batch [450/863] | Loss: 2.5686 | Top1: 0.5023 | Top5: 0.6566
  Train Batch [500/863] | Loss: 2.5599 | Top1: 0.4985 | Top5: 0.6519
  Train Batch [550/863] | Loss: 2.5665 | Top1: 0.5039 | Top5: 0.6563
  Train Batch [600/863] | Loss: 2.5907 | Top1: 0.5033 | Top5: 0.6580
  Train Batch [650/863] | Loss: 2.5888 | Top1: 0.4980 | Top5: 0.6512
  Train Batch [700/863] | Loss: 2.5807 | Top1: 0.5008 | Top5: 0.6534
  Train Batch [750/863] | Loss: 2.5677 | Top1: 0.5046 | Top5: 0.6561
  Train Batch [800/863] | Loss: 2.5790 | Top1: 0.5037 | Top5: 0.6559
  Train Batch [850/863] | Loss: 2.5817 | Top1: 0.4968 | Top5: 0.6478
  Train Batch [863/863] | Loss: 2.5827 | Top1: 0.4974 | Top5: 0.6485
  Train Epoch Time: 172.994s
  Val Batch [50/152] | Loss: 2.1102 | Top1: 0.7228 | Top5: 0.8978
  Val Batch [100/152] | Loss: 2.1036 | Top1: 0.7255 | Top5: 0.8980
  Val Batch [150/152] | Loss: 2.1053 | Top1: 0.7249 | Top5: 0.8989
  Val Batch [152/152] | Loss: 2.1058 | Top1: 0.7246 | Top5: 0.8988
  Val Epoch Time: 10.496s
Epoch [33/60] | Train Loss: 2.5827 | Train Top1: 0.4974 | Train Top5: 0.6485 | Val Loss: 2.1058 | Val Top1: 0.7246 | Val Top5: 0.8988 | LR: 5.29e-04 | Train Time: 172.994s | Val Time: 10.496s | Epoch Time: 183.491s

===== Epoch 34/60 (LR: 5.00e-04) =====
  Train Batch [50/863] | Loss: 2.5199 | Top1: 0.5325 | Top5: 0.6994
  Train Batch [100/863] | Loss: 2.5222 | Top1: 0.5062 | Top5: 0.6602
  Train Batch [150/863] | Loss: 2.4404 | Top1: 0.4966 | Top5: 0.6385
  Train Batch [200/863] | Loss: 2.3888 | Top1: 0.4986 | Top5: 0.6343
  Train Batch [250/863] | Loss: 2.4341 | Top1: 0.4895 | Top5: 0.6298
  Train Batch [300/863] | Loss: 2.4146 | Top1: 0.4969 | Top5: 0.6331
  Train Batch [350/863] | Loss: 2.4609 | Top1: 0.5008 | Top5: 0.6420
  Train Batch [400/863] | Loss: 2.4627 | Top1: 0.5045 | Top5: 0.6457
  Train Batch [450/863] | Loss: 2.4711 | Top1: 0.4978 | Top5: 0.6390
  Train Batch [500/863] | Loss: 2.4926 | Top1: 0.4951 | Top5: 0.6382
  Train Batch [550/863] | Loss: 2.4808 | Top1: 0.4993 | Top5: 0.6415
  Train Batch [600/863] | Loss: 2.4807 | Top1: 0.4990 | Top5: 0.6409
  Train Batch [650/863] | Loss: 2.4775 | Top1: 0.4967 | Top5: 0.6376
  Train Batch [700/863] | Loss: 2.4738 | Top1: 0.4909 | Top5: 0.6310
  Train Batch [750/863] | Loss: 2.4783 | Top1: 0.4911 | Top5: 0.6315
  Train Batch [800/863] | Loss: 2.4839 | Top1: 0.4937 | Top5: 0.6356
  Train Batch [850/863] | Loss: 2.4866 | Top1: 0.4899 | Top5: 0.6311
  Train Batch [863/863] | Loss: 2.4891 | Top1: 0.4898 | Top5: 0.6310
  Train Epoch Time: 171.635s
  Val Batch [50/152] | Loss: 2.1430 | Top1: 0.7159 | Top5: 0.8981
  Val Batch [100/152] | Loss: 2.1351 | Top1: 0.7256 | Top5: 0.8992
  Val Batch [150/152] | Loss: 2.1394 | Top1: 0.7231 | Top5: 0.8981
  Val Batch [152/152] | Loss: 2.1403 | Top1: 0.7227 | Top5: 0.8981
  Val Epoch Time: 10.440s
Epoch [34/60] | Train Loss: 2.4891 | Train Top1: 0.4898 | Train Top5: 0.6310 | Val Loss: 2.1403 | Val Top1: 0.7227 | Val Top5: 0.8981 | LR: 5.00e-04 | Train Time: 171.635s | Val Time: 10.440s | Epoch Time: 182.074s

===== Epoch 35/60 (LR: 4.71e-04) =====
  Train Batch [50/863] | Loss: 2.4099 | Top1: 0.4437 | Top5: 0.5563
  Train Batch [100/863] | Loss: 2.4166 | Top1: 0.4889 | Top5: 0.6156
  Train Batch [150/863] | Loss: 2.4328 | Top1: 0.4933 | Top5: 0.6260
  Train Batch [200/863] | Loss: 2.4719 | Top1: 0.5070 | Top5: 0.6437
  Train Batch [250/863] | Loss: 2.4593 | Top1: 0.5026 | Top5: 0.6376
  Train Batch [300/863] | Loss: 2.4795 | Top1: 0.5077 | Top5: 0.6449
  Train Batch [350/863] | Loss: 2.4935 | Top1: 0.4945 | Top5: 0.6353
  Train Batch [400/863] | Loss: 2.5073 | Top1: 0.4918 | Top5: 0.6353
  Train Batch [450/863] | Loss: 2.5213 | Top1: 0.4965 | Top5: 0.6409
  Train Batch [500/863] | Loss: 2.5163 | Top1: 0.4992 | Top5: 0.6448
  Train Batch [550/863] | Loss: 2.5280 | Top1: 0.4971 | Top5: 0.6432
  Train Batch [600/863] | Loss: 2.5210 | Top1: 0.4999 | Top5: 0.6446
  Train Batch [650/863] | Loss: 2.5068 | Top1: 0.5047 | Top5: 0.6481
  Train Batch [700/863] | Loss: 2.5032 | Top1: 0.5065 | Top5: 0.6508
  Train Batch [750/863] | Loss: 2.4958 | Top1: 0.5027 | Top5: 0.6458
  Train Batch [800/863] | Loss: 2.5006 | Top1: 0.4997 | Top5: 0.6436
  Train Batch [850/863] | Loss: 2.4927 | Top1: 0.5004 | Top5: 0.6435
  Train Batch [863/863] | Loss: 2.4896 | Top1: 0.5015 | Top5: 0.6441
  Train Epoch Time: 170.803s
  Val Batch [50/152] | Loss: 2.0737 | Top1: 0.7181 | Top5: 0.8997
  Val Batch [100/152] | Loss: 2.0704 | Top1: 0.7283 | Top5: 0.8994
  Val Batch [150/152] | Loss: 2.0779 | Top1: 0.7282 | Top5: 0.8998
  Val Batch [152/152] | Loss: 2.0796 | Top1: 0.7282 | Top5: 0.8993
  Val Epoch Time: 10.341s
Epoch [35/60] | Train Loss: 2.4896 | Train Top1: 0.5015 | Train Top5: 0.6441 | Val Loss: 2.0796 | Val Top1: 0.7282 | Val Top5: 0.8993 | LR: 4.71e-04 | Train Time: 170.803s | Val Time: 10.341s | Epoch Time: 181.145s
Saved best checkpoint to: C:\Users\ljh20\MCS\CS273P\Model_California_Birds\outputs\output_20260308_104235\checkpoints\resnet50_best.pth

===== Epoch 36/60 (LR: 4.42e-04) =====
  Train Batch [50/863] | Loss: 2.1712 | Top1: 0.5225 | Top5: 0.6284
  Train Batch [100/863] | Loss: 2.3441 | Top1: 0.5250 | Top5: 0.6550
  Train Batch [150/863] | Loss: 2.3507 | Top1: 0.5466 | Top5: 0.6732
  Train Batch [200/863] | Loss: 2.3470 | Top1: 0.5659 | Top5: 0.6930
  Train Batch [250/863] | Loss: 2.3407 | Top1: 0.5734 | Top5: 0.6999
  Train Batch [300/863] | Loss: 2.3466 | Top1: 0.5507 | Top5: 0.6768
  Train Batch [350/863] | Loss: 2.3574 | Top1: 0.5496 | Top5: 0.6796
  Train Batch [400/863] | Loss: 2.3716 | Top1: 0.5380 | Top5: 0.6710
  Train Batch [450/863] | Loss: 2.3762 | Top1: 0.5239 | Top5: 0.6564
  Train Batch [500/863] | Loss: 2.3778 | Top1: 0.5294 | Top5: 0.6622
  Train Batch [550/863] | Loss: 2.3824 | Top1: 0.5257 | Top5: 0.6581
  Train Batch [600/863] | Loss: 2.3731 | Top1: 0.5317 | Top5: 0.6625
  Train Batch [650/863] | Loss: 2.3825 | Top1: 0.5302 | Top5: 0.6629
  Train Batch [700/863] | Loss: 2.3858 | Top1: 0.5247 | Top5: 0.6580
  Train Batch [750/863] | Loss: 2.3919 | Top1: 0.5232 | Top5: 0.6576
  Train Batch [800/863] | Loss: 2.4019 | Top1: 0.5201 | Top5: 0.6558
  Train Batch [850/863] | Loss: 2.4056 | Top1: 0.5230 | Top5: 0.6592
  Train Batch [863/863] | Loss: 2.4017 | Top1: 0.5248 | Top5: 0.6608
  Train Epoch Time: 171.624s
  Val Batch [50/152] | Loss: 2.0750 | Top1: 0.7166 | Top5: 0.8975
  Val Batch [100/152] | Loss: 2.0644 | Top1: 0.7298 | Top5: 0.8989
  Val Batch [150/152] | Loss: 2.0690 | Top1: 0.7290 | Top5: 0.8975
  Val Batch [152/152] | Loss: 2.0703 | Top1: 0.7289 | Top5: 0.8973
  Val Epoch Time: 10.389s
Epoch [36/60] | Train Loss: 2.4017 | Train Top1: 0.5248 | Train Top5: 0.6608 | Val Loss: 2.0703 | Val Top1: 0.7289 | Val Top5: 0.8973 | LR: 4.42e-04 | Train Time: 171.624s | Val Time: 10.389s | Epoch Time: 182.013s
Saved best checkpoint to: C:\Users\ljh20\MCS\CS273P\Model_California_Birds\outputs\output_20260308_104235\checkpoints\resnet50_best.pth

===== Epoch 37/60 (LR: 4.13e-04) =====
  Train Batch [50/863] | Loss: 2.3855 | Top1: 0.4847 | Top5: 0.6038
  Train Batch [100/863] | Loss: 2.4543 | Top1: 0.5197 | Top5: 0.6548
  Train Batch [150/863] | Loss: 2.5354 | Top1: 0.5119 | Top5: 0.6646
  Train Batch [200/863] | Loss: 2.5356 | Top1: 0.5028 | Top5: 0.6535
  Train Batch [250/863] | Loss: 2.5350 | Top1: 0.4931 | Top5: 0.6448
  Train Batch [300/863] | Loss: 2.5131 | Top1: 0.4994 | Top5: 0.6480
  Train Batch [350/863] | Loss: 2.4976 | Top1: 0.5044 | Top5: 0.6525
  Train Batch [400/863] | Loss: 2.4948 | Top1: 0.5142 | Top5: 0.6619
  Train Batch [450/863] | Loss: 2.5035 | Top1: 0.5206 | Top5: 0.6692
  Train Batch [500/863] | Loss: 2.4929 | Top1: 0.5275 | Top5: 0.6769
  Train Batch [550/863] | Loss: 2.4745 | Top1: 0.5336 | Top5: 0.6809
  Train Batch [600/863] | Loss: 2.4729 | Top1: 0.5301 | Top5: 0.6767
  Train Batch [650/863] | Loss: 2.4621 | Top1: 0.5282 | Top5: 0.6737
  Train Batch [700/863] | Loss: 2.4552 | Top1: 0.5273 | Top5: 0.6719
  Train Batch [750/863] | Loss: 2.4609 | Top1: 0.5266 | Top5: 0.6728
  Train Batch [800/863] | Loss: 2.4721 | Top1: 0.5231 | Top5: 0.6709
  Train Batch [850/863] | Loss: 2.4697 | Top1: 0.5212 | Top5: 0.6694
  Train Batch [863/863] | Loss: 2.4709 | Top1: 0.5199 | Top5: 0.6686
  Train Epoch Time: 170.987s
  Val Batch [50/152] | Loss: 2.0492 | Top1: 0.7247 | Top5: 0.9034
  Val Batch [100/152] | Loss: 2.0437 | Top1: 0.7352 | Top5: 0.9044
  Val Batch [150/152] | Loss: 2.0469 | Top1: 0.7354 | Top5: 0.9026
  Val Batch [152/152] | Loss: 2.0474 | Top1: 0.7356 | Top5: 0.9024
  Val Epoch Time: 10.395s
Epoch [37/60] | Train Loss: 2.4709 | Train Top1: 0.5199 | Train Top5: 0.6686 | Val Loss: 2.0474 | Val Top1: 0.7356 | Val Top5: 0.9024 | LR: 4.13e-04 | Train Time: 170.987s | Val Time: 10.395s | Epoch Time: 181.382s
Saved best checkpoint to: C:\Users\ljh20\MCS\CS273P\Model_California_Birds\outputs\output_20260308_104235\checkpoints\resnet50_best.pth

===== Epoch 38/60 (LR: 3.85e-04) =====
  Train Batch [50/863] | Loss: 2.3091 | Top1: 0.4647 | Top5: 0.5962
  Train Batch [100/863] | Loss: 2.4069 | Top1: 0.4953 | Top5: 0.6442
  Train Batch [150/863] | Loss: 2.3908 | Top1: 0.5199 | Top5: 0.6649
  Train Batch [200/863] | Loss: 2.3744 | Top1: 0.5003 | Top5: 0.6427
  Train Batch [250/863] | Loss: 2.3806 | Top1: 0.5238 | Top5: 0.6649
  Train Batch [300/863] | Loss: 2.3954 | Top1: 0.5230 | Top5: 0.6647
  Train Batch [350/863] | Loss: 2.3734 | Top1: 0.5283 | Top5: 0.6683
  Train Batch [400/863] | Loss: 2.3614 | Top1: 0.5426 | Top5: 0.6806
  Train Batch [450/863] | Loss: 2.3496 | Top1: 0.5465 | Top5: 0.6831
  Train Batch [500/863] | Loss: 2.3545 | Top1: 0.5378 | Top5: 0.6740
  Train Batch [550/863] | Loss: 2.3469 | Top1: 0.5336 | Top5: 0.6694
  Train Batch [600/863] | Loss: 2.3344 | Top1: 0.5259 | Top5: 0.6602
  Train Batch [650/863] | Loss: 2.3426 | Top1: 0.5224 | Top5: 0.6577
  Train Batch [700/863] | Loss: 2.3541 | Top1: 0.5254 | Top5: 0.6611
  Train Batch [750/863] | Loss: 2.3655 | Top1: 0.5295 | Top5: 0.6668
  Train Batch [800/863] | Loss: 2.3608 | Top1: 0.5319 | Top5: 0.6686
  Train Batch [850/863] | Loss: 2.3711 | Top1: 0.5368 | Top5: 0.6750
  Train Batch [863/863] | Loss: 2.3740 | Top1: 0.5338 | Top5: 0.6722
  Train Epoch Time: 171.480s
  Val Batch [50/152] | Loss: 2.0761 | Top1: 0.7328 | Top5: 0.9066
  Val Batch [100/152] | Loss: 2.0680 | Top1: 0.7384 | Top5: 0.9061
  Val Batch [150/152] | Loss: 2.0707 | Top1: 0.7398 | Top5: 0.9058
  Val Batch [152/152] | Loss: 2.0720 | Top1: 0.7397 | Top5: 0.9057
  Val Epoch Time: 10.970s
Epoch [38/60] | Train Loss: 2.3740 | Train Top1: 0.5338 | Train Top5: 0.6722 | Val Loss: 2.0720 | Val Top1: 0.7397 | Val Top5: 0.9057 | LR: 3.85e-04 | Train Time: 171.480s | Val Time: 10.970s | Epoch Time: 182.450s
Saved best checkpoint to: C:\Users\ljh20\MCS\CS273P\Model_California_Birds\outputs\output_20260308_104235\checkpoints\resnet50_best.pth

===== Epoch 39/60 (LR: 3.57e-04) =====
  Train Batch [50/863] | Loss: 2.1235 | Top1: 0.6072 | Top5: 0.7231
  Train Batch [100/863] | Loss: 2.2451 | Top1: 0.5450 | Top5: 0.6694
  Train Batch [150/863] | Loss: 2.2953 | Top1: 0.5272 | Top5: 0.6592
  Train Batch [200/863] | Loss: 2.3121 | Top1: 0.5275 | Top5: 0.6600
  Train Batch [250/863] | Loss: 2.3935 | Top1: 0.5278 | Top5: 0.6676
  Train Batch [300/863] | Loss: 2.3527 | Top1: 0.5286 | Top5: 0.6642
  Train Batch [350/863] | Loss: 2.3955 | Top1: 0.5185 | Top5: 0.6601
  Train Batch [400/863] | Loss: 2.3852 | Top1: 0.5259 | Top5: 0.6655
  Train Batch [450/863] | Loss: 2.3523 | Top1: 0.5303 | Top5: 0.6663
  Train Batch [500/863] | Loss: 2.3711 | Top1: 0.5301 | Top5: 0.6686
  Train Batch [550/863] | Loss: 2.3729 | Top1: 0.5299 | Top5: 0.6683
  Train Batch [600/863] | Loss: 2.3707 | Top1: 0.5269 | Top5: 0.6652
  Train Batch [650/863] | Loss: 2.3745 | Top1: 0.5272 | Top5: 0.6658
  Train Batch [700/863] | Loss: 2.3715 | Top1: 0.5270 | Top5: 0.6653
  Train Batch [750/863] | Loss: 2.3748 | Top1: 0.5260 | Top5: 0.6644
  Train Batch [800/863] | Loss: 2.3917 | Top1: 0.5264 | Top5: 0.6665
  Train Batch [850/863] | Loss: 2.3973 | Top1: 0.5240 | Top5: 0.6651
  Train Batch [863/863] | Loss: 2.3999 | Top1: 0.5231 | Top5: 0.6643
  Train Epoch Time: 171.332s
  Val Batch [50/152] | Loss: 2.0670 | Top1: 0.7297 | Top5: 0.9006
  Val Batch [100/152] | Loss: 2.0590 | Top1: 0.7350 | Top5: 0.9017
  Val Batch [150/152] | Loss: 2.0601 | Top1: 0.7361 | Top5: 0.9023
  Val Batch [152/152] | Loss: 2.0617 | Top1: 0.7357 | Top5: 0.9023
  Val Epoch Time: 10.514s
Epoch [39/60] | Train Loss: 2.3999 | Train Top1: 0.5231 | Train Top5: 0.6643 | Val Loss: 2.0617 | Val Top1: 0.7357 | Val Top5: 0.9023 | LR: 3.57e-04 | Train Time: 171.332s | Val Time: 10.514s | Epoch Time: 181.847s

===== Epoch 40/60 (LR: 3.29e-04) =====
  Train Batch [50/863] | Loss: 2.1718 | Top1: 0.4731 | Top5: 0.5991
  Train Batch [100/863] | Loss: 2.2842 | Top1: 0.4981 | Top5: 0.6303
  Train Batch [150/863] | Loss: 2.3281 | Top1: 0.5144 | Top5: 0.6468
  Train Batch [200/863] | Loss: 2.3377 | Top1: 0.5150 | Top5: 0.6486
  Train Batch [250/863] | Loss: 2.3693 | Top1: 0.5263 | Top5: 0.6633
  Train Batch [300/863] | Loss: 2.3963 | Top1: 0.5176 | Top5: 0.6593
  Train Batch [350/863] | Loss: 2.3922 | Top1: 0.5107 | Top5: 0.6536
  Train Batch [400/863] | Loss: 2.3970 | Top1: 0.5157 | Top5: 0.6579
  Train Batch [450/863] | Loss: 2.4113 | Top1: 0.5195 | Top5: 0.6630
  Train Batch [500/863] | Loss: 2.4173 | Top1: 0.5121 | Top5: 0.6569
  Train Batch [550/863] | Loss: 2.3882 | Top1: 0.5143 | Top5: 0.6563
  Train Batch [600/863] | Loss: 2.3884 | Top1: 0.5221 | Top5: 0.6639
  Train Batch [650/863] | Loss: 2.3942 | Top1: 0.5233 | Top5: 0.6656
  Train Batch [700/863] | Loss: 2.3936 | Top1: 0.5235 | Top5: 0.6655
  Train Batch [750/863] | Loss: 2.3897 | Top1: 0.5154 | Top5: 0.6571
  Train Batch [800/863] | Loss: 2.3963 | Top1: 0.5189 | Top5: 0.6616
  Train Batch [850/863] | Loss: 2.3821 | Top1: 0.5183 | Top5: 0.6592
  Train Batch [863/863] | Loss: 2.3786 | Top1: 0.5151 | Top5: 0.6553
  Train Epoch Time: 170.662s
  Val Batch [50/152] | Loss: 2.0479 | Top1: 0.7350 | Top5: 0.9047
  Val Batch [100/152] | Loss: 2.0393 | Top1: 0.7433 | Top5: 0.9058
  Val Batch [150/152] | Loss: 2.0384 | Top1: 0.7430 | Top5: 0.9041
  Val Batch [152/152] | Loss: 2.0398 | Top1: 0.7430 | Top5: 0.9039
  Val Epoch Time: 10.651s
Epoch [40/60] | Train Loss: 2.3786 | Train Top1: 0.5151 | Train Top5: 0.6553 | Val Loss: 2.0398 | Val Top1: 0.7430 | Val Top5: 0.9039 | LR: 3.29e-04 | Train Time: 170.662s | Val Time: 10.651s | Epoch Time: 181.313s
Saved best checkpoint to: C:\Users\ljh20\MCS\CS273P\Model_California_Birds\outputs\output_20260308_104235\checkpoints\resnet50_best.pth

===== Epoch 41/60 (LR: 3.02e-04) =====
  Train Batch [50/863] | Loss: 2.3022 | Top1: 0.5256 | Top5: 0.6606
  Train Batch [100/863] | Loss: 2.3022 | Top1: 0.5797 | Top5: 0.7102
  Train Batch [150/863] | Loss: 2.3054 | Top1: 0.5301 | Top5: 0.6637
  Train Batch [200/863] | Loss: 2.2905 | Top1: 0.5227 | Top5: 0.6526
  Train Batch [250/863] | Loss: 2.3323 | Top1: 0.5112 | Top5: 0.6478
  Train Batch [300/863] | Loss: 2.3418 | Top1: 0.5034 | Top5: 0.6403
  Train Batch [350/863] | Loss: 2.3445 | Top1: 0.5058 | Top5: 0.6438
  Train Batch [400/863] | Loss: 2.3296 | Top1: 0.5041 | Top5: 0.6411
  Train Batch [450/863] | Loss: 2.3467 | Top1: 0.5136 | Top5: 0.6519
  Train Batch [500/863] | Loss: 2.3633 | Top1: 0.5080 | Top5: 0.6478
  Train Batch [550/863] | Loss: 2.3619 | Top1: 0.5110 | Top5: 0.6501
  Train Batch [600/863] | Loss: 2.3465 | Top1: 0.5170 | Top5: 0.6533
  Train Batch [650/863] | Loss: 2.3471 | Top1: 0.5145 | Top5: 0.6518
  Train Batch [700/863] | Loss: 2.3425 | Top1: 0.5188 | Top5: 0.6552
  Train Batch [750/863] | Loss: 2.3481 | Top1: 0.5189 | Top5: 0.6554
  Train Batch [800/863] | Loss: 2.3423 | Top1: 0.5167 | Top5: 0.6532
  Train Batch [850/863] | Loss: 2.3467 | Top1: 0.5105 | Top5: 0.6469
  Train Batch [863/863] | Loss: 2.3503 | Top1: 0.5121 | Top5: 0.6489
  Train Epoch Time: 170.509s
  Val Batch [50/152] | Loss: 2.0797 | Top1: 0.7359 | Top5: 0.9006
  Val Batch [100/152] | Loss: 2.0626 | Top1: 0.7470 | Top5: 0.9038
  Val Batch [150/152] | Loss: 2.0648 | Top1: 0.7472 | Top5: 0.9044
  Val Batch [152/152] | Loss: 2.0664 | Top1: 0.7471 | Top5: 0.9042
  Val Epoch Time: 10.489s
Epoch [41/60] | Train Loss: 2.3503 | Train Top1: 0.5121 | Train Top5: 0.6489 | Val Loss: 2.0664 | Val Top1: 0.7471 | Val Top5: 0.9042 | LR: 3.02e-04 | Train Time: 170.509s | Val Time: 10.489s | Epoch Time: 180.998s
Saved best checkpoint to: C:\Users\ljh20\MCS\CS273P\Model_California_Birds\outputs\output_20260308_104235\checkpoints\resnet50_best.pth

===== Epoch 42/60 (LR: 2.76e-04) =====
  Train Batch [50/863] | Loss: 2.3512 | Top1: 0.5044 | Top5: 0.6587
  Train Batch [100/863] | Loss: 2.3288 | Top1: 0.5038 | Top5: 0.6564
  Train Batch [150/863] | Loss: 2.2729 | Top1: 0.5391 | Top5: 0.6819
  Train Batch [200/863] | Loss: 2.3211 | Top1: 0.5439 | Top5: 0.6923
  Train Batch [250/863] | Loss: 2.3158 | Top1: 0.5432 | Top5: 0.6882
  Train Batch [300/863] | Loss: 2.3290 | Top1: 0.5509 | Top5: 0.6958
  Train Batch [350/863] | Loss: 2.3235 | Top1: 0.5356 | Top5: 0.6792
  Train Batch [400/863] | Loss: 2.3111 | Top1: 0.5403 | Top5: 0.6799
  Train Batch [450/863] | Loss: 2.2928 | Top1: 0.5461 | Top5: 0.6821
  Train Batch [500/863] | Loss: 2.2970 | Top1: 0.5340 | Top5: 0.6709
  Train Batch [550/863] | Loss: 2.2969 | Top1: 0.5276 | Top5: 0.6645
  Train Batch [600/863] | Loss: 2.3097 | Top1: 0.5324 | Top5: 0.6703
  Train Batch [650/863] | Loss: 2.3064 | Top1: 0.5382 | Top5: 0.6766
  Train Batch [700/863] | Loss: 2.3122 | Top1: 0.5421 | Top5: 0.6807
  Train Batch [750/863] | Loss: 2.3059 | Top1: 0.5330 | Top5: 0.6705
  Train Batch [800/863] | Loss: 2.3096 | Top1: 0.5352 | Top5: 0.6727
  Train Batch [850/863] | Loss: 2.3187 | Top1: 0.5322 | Top5: 0.6706
  Train Batch [863/863] | Loss: 2.3180 | Top1: 0.5319 | Top5: 0.6701
  Train Epoch Time: 170.346s
  Val Batch [50/152] | Loss: 2.0439 | Top1: 0.7353 | Top5: 0.9066
  Val Batch [100/152] | Loss: 2.0388 | Top1: 0.7444 | Top5: 0.9069
  Val Batch [150/152] | Loss: 2.0388 | Top1: 0.7447 | Top5: 0.9056
  Val Batch [152/152] | Loss: 2.0398 | Top1: 0.7446 | Top5: 0.9057
  Val Epoch Time: 10.319s
Epoch [42/60] | Train Loss: 2.3180 | Train Top1: 0.5319 | Train Top5: 0.6701 | Val Loss: 2.0398 | Val Top1: 0.7446 | Val Top5: 0.9057 | LR: 2.76e-04 | Train Time: 170.346s | Val Time: 10.319s | Epoch Time: 180.664s

===== Epoch 43/60 (LR: 2.50e-04) =====
  Train Batch [50/863] | Loss: 2.1450 | Top1: 0.5822 | Top5: 0.7131
  Train Batch [100/863] | Loss: 2.1729 | Top1: 0.5398 | Top5: 0.6687
  Train Batch [150/863] | Loss: 2.2343 | Top1: 0.5129 | Top5: 0.6433
  Train Batch [200/863] | Loss: 2.2803 | Top1: 0.5170 | Top5: 0.6577
  Train Batch [250/863] | Loss: 2.3271 | Top1: 0.5125 | Top5: 0.6587
  Train Batch [300/863] | Loss: 2.3419 | Top1: 0.5149 | Top5: 0.6629
  Train Batch [350/863] | Loss: 2.3515 | Top1: 0.5229 | Top5: 0.6739
  Train Batch [400/863] | Loss: 2.3455 | Top1: 0.5223 | Top5: 0.6725
  Train Batch [450/863] | Loss: 2.3286 | Top1: 0.5309 | Top5: 0.6782
  Train Batch [500/863] | Loss: 2.3116 | Top1: 0.5404 | Top5: 0.6845
  Train Batch [550/863] | Loss: 2.3101 | Top1: 0.5344 | Top5: 0.6773
  Train Batch [600/863] | Loss: 2.2953 | Top1: 0.5270 | Top5: 0.6681
  Train Batch [650/863] | Loss: 2.3033 | Top1: 0.5230 | Top5: 0.6643
  Train Batch [700/863] | Loss: 2.3194 | Top1: 0.5212 | Top5: 0.6638
  Train Batch [750/863] | Loss: 2.3059 | Top1: 0.5250 | Top5: 0.6662
  Train Batch [800/863] | Loss: 2.3171 | Top1: 0.5267 | Top5: 0.6687
  Train Batch [850/863] | Loss: 2.3200 | Top1: 0.5238 | Top5: 0.6667
  Train Batch [863/863] | Loss: 2.3160 | Top1: 0.5244 | Top5: 0.6668
  Train Epoch Time: 169.848s
  Val Batch [50/152] | Loss: 1.9973 | Top1: 0.7375 | Top5: 0.9072
  Val Batch [100/152] | Loss: 1.9936 | Top1: 0.7466 | Top5: 0.9094
  Val Batch [150/152] | Loss: 1.9947 | Top1: 0.7484 | Top5: 0.9085
  Val Batch [152/152] | Loss: 1.9968 | Top1: 0.7482 | Top5: 0.9083
  Val Epoch Time: 10.382s
Epoch [43/60] | Train Loss: 2.3160 | Train Top1: 0.5244 | Train Top5: 0.6668 | Val Loss: 1.9968 | Val Top1: 0.7482 | Val Top5: 0.9083 | LR: 2.50e-04 | Train Time: 169.848s | Val Time: 10.382s | Epoch Time: 180.230s
Saved best checkpoint to: C:\Users\ljh20\MCS\CS273P\Model_California_Birds\outputs\output_20260308_104235\checkpoints\resnet50_best.pth

===== Epoch 44/60 (LR: 2.25e-04) =====
  Train Batch [50/863] | Loss: 2.4792 | Top1: 0.5472 | Top5: 0.7072
  Train Batch [100/863] | Loss: 2.3465 | Top1: 0.5175 | Top5: 0.6608
  Train Batch [150/863] | Loss: 2.3153 | Top1: 0.5171 | Top5: 0.6601
  Train Batch [200/863] | Loss: 2.3374 | Top1: 0.5114 | Top5: 0.6627
  Train Batch [250/863] | Loss: 2.3564 | Top1: 0.5202 | Top5: 0.6692
  Train Batch [300/863] | Loss: 2.3452 | Top1: 0.5332 | Top5: 0.6803
  Train Batch [350/863] | Loss: 2.3408 | Top1: 0.5354 | Top5: 0.6830
  Train Batch [400/863] | Loss: 2.3287 | Top1: 0.5350 | Top5: 0.6824
  Train Batch [450/863] | Loss: 2.3412 | Top1: 0.5358 | Top5: 0.6844
  Train Batch [500/863] | Loss: 2.3547 | Top1: 0.5305 | Top5: 0.6828
  Train Batch [550/863] | Loss: 2.3756 | Top1: 0.5318 | Top5: 0.6881
  Train Batch [600/863] | Loss: 2.3899 | Top1: 0.5295 | Top5: 0.6874
  Train Batch [650/863] | Loss: 2.3750 | Top1: 0.5306 | Top5: 0.6856
  Train Batch [700/863] | Loss: 2.3723 | Top1: 0.5291 | Top5: 0.6833
  Train Batch [750/863] | Loss: 2.3659 | Top1: 0.5276 | Top5: 0.6813
  Train Batch [800/863] | Loss: 2.3612 | Top1: 0.5293 | Top5: 0.6833
  Train Batch [850/863] | Loss: 2.3631 | Top1: 0.5278 | Top5: 0.6821
  Train Batch [863/863] | Loss: 2.3667 | Top1: 0.5287 | Top5: 0.6830
  Train Epoch Time: 169.932s
  Val Batch [50/152] | Loss: 2.0421 | Top1: 0.7375 | Top5: 0.9059
  Val Batch [100/152] | Loss: 2.0306 | Top1: 0.7486 | Top5: 0.9073
  Val Batch [150/152] | Loss: 2.0291 | Top1: 0.7495 | Top5: 0.9076
  Val Batch [152/152] | Loss: 2.0307 | Top1: 0.7494 | Top5: 0.9072
  Val Epoch Time: 10.597s
Epoch [44/60] | Train Loss: 2.3667 | Train Top1: 0.5287 | Train Top5: 0.6830 | Val Loss: 2.0307 | Val Top1: 0.7494 | Val Top5: 0.9072 | LR: 2.25e-04 | Train Time: 169.932s | Val Time: 10.597s | Epoch Time: 180.529s
Saved best checkpoint to: C:\Users\ljh20\MCS\CS273P\Model_California_Birds\outputs\output_20260308_104235\checkpoints\resnet50_best.pth

===== Epoch 45/60 (LR: 2.01e-04) =====
  Train Batch [50/863] | Loss: 2.2186 | Top1: 0.4856 | Top5: 0.6294
  Train Batch [100/863] | Loss: 2.1504 | Top1: 0.5259 | Top5: 0.6608
  Train Batch [150/863] | Loss: 2.1890 | Top1: 0.5186 | Top5: 0.6553
  Train Batch [200/863] | Loss: 2.1799 | Top1: 0.5305 | Top5: 0.6657
  Train Batch [250/863] | Loss: 2.1451 | Top1: 0.5367 | Top5: 0.6679
  Train Batch [300/863] | Loss: 2.1419 | Top1: 0.5302 | Top5: 0.6595
  Train Batch [350/863] | Loss: 2.1699 | Top1: 0.5351 | Top5: 0.6669
  Train Batch [400/863] | Loss: 2.2076 | Top1: 0.5308 | Top5: 0.6684
  Train Batch [450/863] | Loss: 2.2240 | Top1: 0.5357 | Top5: 0.6742
  Train Batch [500/863] | Loss: 2.2310 | Top1: 0.5383 | Top5: 0.6756
  Train Batch [550/863] | Loss: 2.2367 | Top1: 0.5420 | Top5: 0.6811
  Train Batch [600/863] | Loss: 2.2370 | Top1: 0.5484 | Top5: 0.6860
  Train Batch [650/863] | Loss: 2.2290 | Top1: 0.5516 | Top5: 0.6873
  Train Batch [700/863] | Loss: 2.2274 | Top1: 0.5457 | Top5: 0.6806
  Train Batch [750/863] | Loss: 2.2196 | Top1: 0.5463 | Top5: 0.6797
  Train Batch [800/863] | Loss: 2.2366 | Top1: 0.5412 | Top5: 0.6770
  Train Batch [850/863] | Loss: 2.2468 | Top1: 0.5393 | Top5: 0.6779
  Train Batch [863/863] | Loss: 2.2476 | Top1: 0.5390 | Top5: 0.6772
  Train Epoch Time: 169.658s
  Val Batch [50/152] | Loss: 2.0302 | Top1: 0.7406 | Top5: 0.9094
  Val Batch [100/152] | Loss: 2.0188 | Top1: 0.7489 | Top5: 0.9108
  Val Batch [150/152] | Loss: 2.0188 | Top1: 0.7510 | Top5: 0.9093
  Val Batch [152/152] | Loss: 2.0208 | Top1: 0.7510 | Top5: 0.9089
  Val Epoch Time: 10.503s
Epoch [45/60] | Train Loss: 2.2476 | Train Top1: 0.5390 | Train Top5: 0.6772 | Val Loss: 2.0208 | Val Top1: 0.7510 | Val Top5: 0.9089 | LR: 2.01e-04 | Train Time: 169.658s | Val Time: 10.503s | Epoch Time: 180.161s
Saved best checkpoint to: C:\Users\ljh20\MCS\CS273P\Model_California_Birds\outputs\output_20260308_104235\checkpoints\resnet50_best.pth

===== Epoch 46/60 (LR: 1.79e-04) =====
  Train Batch [50/863] | Loss: 2.2758 | Top1: 0.5697 | Top5: 0.7169
  Train Batch [100/863] | Loss: 2.2871 | Top1: 0.5962 | Top5: 0.7419
  Train Batch [150/863] | Loss: 2.3415 | Top1: 0.5806 | Top5: 0.7356
  Train Batch [200/863] | Loss: 2.2919 | Top1: 0.5705 | Top5: 0.7160
  Train Batch [250/863] | Loss: 2.2769 | Top1: 0.5647 | Top5: 0.7069
  Train Batch [300/863] | Loss: 2.2991 | Top1: 0.5557 | Top5: 0.7003
  Train Batch [350/863] | Loss: 2.2748 | Top1: 0.5476 | Top5: 0.6887
  Train Batch [400/863] | Loss: 2.2696 | Top1: 0.5549 | Top5: 0.6963
  Train Batch [450/863] | Loss: 2.2625 | Top1: 0.5488 | Top5: 0.6909
  Train Batch [500/863] | Loss: 2.2703 | Top1: 0.5472 | Top5: 0.6898
  Train Batch [550/863] | Loss: 2.2813 | Top1: 0.5407 | Top5: 0.6851
  Train Batch [600/863] | Loss: 2.2982 | Top1: 0.5345 | Top5: 0.6825
  Train Batch [650/863] | Loss: 2.2883 | Top1: 0.5363 | Top5: 0.6832
  Train Batch [700/863] | Loss: 2.2856 | Top1: 0.5314 | Top5: 0.6783
  Train Batch [750/863] | Loss: 2.2914 | Top1: 0.5305 | Top5: 0.6786
  Train Batch [800/863] | Loss: 2.2816 | Top1: 0.5373 | Top5: 0.6828
  Train Batch [850/863] | Loss: 2.2691 | Top1: 0.5424 | Top5: 0.6856
  Train Batch [863/863] | Loss: 2.2717 | Top1: 0.5423 | Top5: 0.6859
  Train Epoch Time: 169.668s
  Val Batch [50/152] | Loss: 2.0021 | Top1: 0.7438 | Top5: 0.9144
  Val Batch [100/152] | Loss: 1.9980 | Top1: 0.7520 | Top5: 0.9127
  Val Batch [150/152] | Loss: 2.0013 | Top1: 0.7547 | Top5: 0.9106
  Val Batch [152/152] | Loss: 2.0020 | Top1: 0.7547 | Top5: 0.9105
  Val Epoch Time: 10.403s
Epoch [46/60] | Train Loss: 2.2717 | Train Top1: 0.5423 | Train Top5: 0.6859 | Val Loss: 2.0020 | Val Top1: 0.7547 | Val Top5: 0.9105 | LR: 1.79e-04 | Train Time: 169.668s | Val Time: 10.403s | Epoch Time: 180.071s
Saved best checkpoint to: C:\Users\ljh20\MCS\CS273P\Model_California_Birds\outputs\output_20260308_104235\checkpoints\resnet50_best.pth

===== Epoch 47/60 (LR: 1.57e-04) =====
  Train Batch [50/863] | Loss: 2.3133 | Top1: 0.5778 | Top5: 0.7512
  Train Batch [100/863] | Loss: 2.3514 | Top1: 0.5367 | Top5: 0.7134
  Train Batch [150/863] | Loss: 2.3738 | Top1: 0.5623 | Top5: 0.7314
  Train Batch [200/863] | Loss: 2.3240 | Top1: 0.5651 | Top5: 0.7230
  Train Batch [250/863] | Loss: 2.3186 | Top1: 0.5586 | Top5: 0.7152
  Train Batch [300/863] | Loss: 2.2966 | Top1: 0.5639 | Top5: 0.7149
  Train Batch [350/863] | Loss: 2.2738 | Top1: 0.5588 | Top5: 0.7063
  Train Batch [400/863] | Loss: 2.2630 | Top1: 0.5609 | Top5: 0.7061
  Train Batch [450/863] | Loss: 2.2559 | Top1: 0.5545 | Top5: 0.6974
  Train Batch [500/863] | Loss: 2.2611 | Top1: 0.5517 | Top5: 0.6967
  Train Batch [550/863] | Loss: 2.2682 | Top1: 0.5574 | Top5: 0.7034
  Train Batch [600/863] | Loss: 2.2826 | Top1: 0.5520 | Top5: 0.6996
  Train Batch [650/863] | Loss: 2.2795 | Top1: 0.5539 | Top5: 0.7014
  Train Batch [700/863] | Loss: 2.2817 | Top1: 0.5520 | Top5: 0.6986
  Train Batch [750/863] | Loss: 2.2859 | Top1: 0.5516 | Top5: 0.6983
  Train Batch [800/863] | Loss: 2.2832 | Top1: 0.5518 | Top5: 0.6985
  Train Batch [850/863] | Loss: 2.2824 | Top1: 0.5495 | Top5: 0.6959
  Train Batch [863/863] | Loss: 2.2797 | Top1: 0.5526 | Top5: 0.6985
  Train Epoch Time: 169.720s
  Val Batch [50/152] | Loss: 2.0094 | Top1: 0.7403 | Top5: 0.9113
  Val Batch [100/152] | Loss: 2.0069 | Top1: 0.7495 | Top5: 0.9087
  Val Batch [150/152] | Loss: 2.0094 | Top1: 0.7504 | Top5: 0.9072
  Val Batch [152/152] | Loss: 2.0101 | Top1: 0.7506 | Top5: 0.9071
  Val Epoch Time: 10.378s
Epoch [47/60] | Train Loss: 2.2797 | Train Top1: 0.5526 | Train Top5: 0.6985 | Val Loss: 2.0101 | Val Top1: 0.7506 | Val Top5: 0.9071 | LR: 1.57e-04 | Train Time: 169.720s | Val Time: 10.378s | Epoch Time: 180.098s

===== Epoch 48/60 (LR: 1.36e-04) =====
  Train Batch [50/863] | Loss: 2.1532 | Top1: 0.5847 | Top5: 0.7072
  Train Batch [100/863] | Loss: 2.2707 | Top1: 0.5481 | Top5: 0.6948
  Train Batch [150/863] | Loss: 2.2519 | Top1: 0.5578 | Top5: 0.7049
  Train Batch [200/863] | Loss: 2.2226 | Top1: 0.5844 | Top5: 0.7240
  Train Batch [250/863] | Loss: 2.2151 | Top1: 0.5869 | Top5: 0.7242
  Train Batch [300/863] | Loss: 2.2255 | Top1: 0.5626 | Top5: 0.7040
  Train Batch [350/863] | Loss: 2.2572 | Top1: 0.5608 | Top5: 0.7055
  Train Batch [400/863] | Loss: 2.2419 | Top1: 0.5455 | Top5: 0.6876
  Train Batch [450/863] | Loss: 2.2392 | Top1: 0.5359 | Top5: 0.6768
  Train Batch [500/863] | Loss: 2.2450 | Top1: 0.5258 | Top5: 0.6673
  Train Batch [550/863] | Loss: 2.2612 | Top1: 0.5262 | Top5: 0.6708
  Train Batch [600/863] | Loss: 2.2481 | Top1: 0.5356 | Top5: 0.6797
  Train Batch [650/863] | Loss: 2.2581 | Top1: 0.5351 | Top5: 0.6804
  Train Batch [700/863] | Loss: 2.2693 | Top1: 0.5381 | Top5: 0.6863
  Train Batch [750/863] | Loss: 2.2733 | Top1: 0.5362 | Top5: 0.6834
  Train Batch [800/863] | Loss: 2.2679 | Top1: 0.5350 | Top5: 0.6811
  Train Batch [850/863] | Loss: 2.2671 | Top1: 0.5389 | Top5: 0.6853
  Train Batch [863/863] | Loss: 2.2616 | Top1: 0.5366 | Top5: 0.6824
  Train Epoch Time: 169.661s
  Val Batch [50/152] | Loss: 1.9661 | Top1: 0.7522 | Top5: 0.9128
  Val Batch [100/152] | Loss: 1.9644 | Top1: 0.7577 | Top5: 0.9108
  Val Batch [150/152] | Loss: 1.9673 | Top1: 0.7564 | Top5: 0.9093
  Val Batch [152/152] | Loss: 1.9682 | Top1: 0.7567 | Top5: 0.9091
  Val Epoch Time: 10.382s
Epoch [48/60] | Train Loss: 2.2616 | Train Top1: 0.5366 | Train Top5: 0.6824 | Val Loss: 1.9682 | Val Top1: 0.7567 | Val Top5: 0.9091 | LR: 1.36e-04 | Train Time: 169.661s | Val Time: 10.382s | Epoch Time: 180.042s
Saved best checkpoint to: C:\Users\ljh20\MCS\CS273P\Model_California_Birds\outputs\output_20260308_104235\checkpoints\resnet50_best.pth

===== Epoch 49/60 (LR: 1.17e-04) =====
  Train Batch [50/863] | Loss: 2.4184 | Top1: 0.6025 | Top5: 0.7719
  Train Batch [100/863] | Loss: 2.2895 | Top1: 0.5777 | Top5: 0.7262
  Train Batch [150/863] | Loss: 2.2455 | Top1: 0.5773 | Top5: 0.7267
  Train Batch [200/863] | Loss: 2.2622 | Top1: 0.5858 | Top5: 0.7325
  Train Batch [250/863] | Loss: 2.2421 | Top1: 0.5721 | Top5: 0.7164
  Train Batch [300/863] | Loss: 2.2271 | Top1: 0.5584 | Top5: 0.7026
  Train Batch [350/863] | Loss: 2.2283 | Top1: 0.5633 | Top5: 0.7061
  Train Batch [400/863] | Loss: 2.2194 | Top1: 0.5660 | Top5: 0.7086
  Train Batch [450/863] | Loss: 2.2307 | Top1: 0.5603 | Top5: 0.7048
  Train Batch [500/863] | Loss: 2.2267 | Top1: 0.5552 | Top5: 0.6987
  Train Batch [550/863] | Loss: 2.2285 | Top1: 0.5543 | Top5: 0.6976
  Train Batch [600/863] | Loss: 2.2296 | Top1: 0.5596 | Top5: 0.7011
  Train Batch [650/863] | Loss: 2.2160 | Top1: 0.5569 | Top5: 0.6971
  Train Batch [700/863] | Loss: 2.2101 | Top1: 0.5591 | Top5: 0.6980
  Train Batch [750/863] | Loss: 2.2141 | Top1: 0.5587 | Top5: 0.6999
  Train Batch [800/863] | Loss: 2.2176 | Top1: 0.5522 | Top5: 0.6927
  Train Batch [850/863] | Loss: 2.2195 | Top1: 0.5537 | Top5: 0.6951
  Train Batch [863/863] | Loss: 2.2216 | Top1: 0.5540 | Top5: 0.6960
  Train Epoch Time: 169.781s
  Val Batch [50/152] | Loss: 1.9863 | Top1: 0.7497 | Top5: 0.9131
  Val Batch [100/152] | Loss: 1.9854 | Top1: 0.7553 | Top5: 0.9116
  Val Batch [150/152] | Loss: 1.9880 | Top1: 0.7564 | Top5: 0.9102
  Val Batch [152/152] | Loss: 1.9894 | Top1: 0.7565 | Top5: 0.9100
  Val Epoch Time: 10.351s
Epoch [49/60] | Train Loss: 2.2216 | Train Top1: 0.5540 | Train Top5: 0.6960 | Val Loss: 1.9894 | Val Top1: 0.7565 | Val Top5: 0.9100 | LR: 1.17e-04 | Train Time: 169.781s | Val Time: 10.351s | Epoch Time: 180.131s

===== Epoch 50/60 (LR: 9.89e-05) =====
  Train Batch [50/863] | Loss: 2.3703 | Top1: 0.6647 | Top5: 0.8200
  Train Batch [100/863] | Loss: 2.3088 | Top1: 0.6153 | Top5: 0.7659
  Train Batch [150/863] | Loss: 2.3081 | Top1: 0.6212 | Top5: 0.7740
  Train Batch [200/863] | Loss: 2.3235 | Top1: 0.6086 | Top5: 0.7623
  Train Batch [250/863] | Loss: 2.2899 | Top1: 0.5713 | Top5: 0.7179
  Train Batch [300/863] | Loss: 2.2693 | Top1: 0.5516 | Top5: 0.6955
  Train Batch [350/863] | Loss: 2.2510 | Top1: 0.5491 | Top5: 0.6900
  Train Batch [400/863] | Loss: 2.2566 | Top1: 0.5378 | Top5: 0.6802
  Train Batch [450/863] | Loss: 2.2392 | Top1: 0.5419 | Top5: 0.6826
  Train Batch [500/863] | Loss: 2.2295 | Top1: 0.5443 | Top5: 0.6834
  Train Batch [550/863] | Loss: 2.2193 | Top1: 0.5556 | Top5: 0.6929
  Train Batch [600/863] | Loss: 2.2090 | Top1: 0.5510 | Top5: 0.6863
  Train Batch [650/863] | Loss: 2.2115 | Top1: 0.5565 | Top5: 0.6921
  Train Batch [700/863] | Loss: 2.2085 | Top1: 0.5548 | Top5: 0.6902
  Train Batch [750/863] | Loss: 2.2024 | Top1: 0.5541 | Top5: 0.6880
  Train Batch [800/863] | Loss: 2.1929 | Top1: 0.5532 | Top5: 0.6857
  Train Batch [850/863] | Loss: 2.1962 | Top1: 0.5581 | Top5: 0.6908
  Train Batch [863/863] | Loss: 2.1988 | Top1: 0.5588 | Top5: 0.6915
  Train Epoch Time: 169.759s
  Val Batch [50/152] | Loss: 2.0030 | Top1: 0.7459 | Top5: 0.9141
  Val Batch [100/152] | Loss: 1.9993 | Top1: 0.7553 | Top5: 0.9136
  Val Batch [150/152] | Loss: 2.0022 | Top1: 0.7570 | Top5: 0.9131
  Val Batch [152/152] | Loss: 2.0034 | Top1: 0.7572 | Top5: 0.9129
  Val Epoch Time: 10.427s
Epoch [50/60] | Train Loss: 2.1988 | Train Top1: 0.5588 | Train Top5: 0.6915 | Val Loss: 2.0034 | Val Top1: 0.7572 | Val Top5: 0.9129 | LR: 9.89e-05 | Train Time: 169.759s | Val Time: 10.427s | Epoch Time: 180.185s
Saved best checkpoint to: C:\Users\ljh20\MCS\CS273P\Model_California_Birds\outputs\output_20260308_104235\checkpoints\resnet50_best.pth

===== Epoch 51/60 (LR: 8.22e-05) =====
  Train Batch [50/863] | Loss: 2.0580 | Top1: 0.5906 | Top5: 0.7084
  Train Batch [100/863] | Loss: 2.1831 | Top1: 0.4991 | Top5: 0.6408
  Train Batch [150/863] | Loss: 2.2015 | Top1: 0.5166 | Top5: 0.6581
  Train Batch [200/863] | Loss: 2.1934 | Top1: 0.5405 | Top5: 0.6819
  Train Batch [250/863] | Loss: 2.1682 | Top1: 0.5551 | Top5: 0.6977
  Train Batch [300/863] | Loss: 2.1600 | Top1: 0.5443 | Top5: 0.6842
  Train Batch [350/863] | Loss: 2.1586 | Top1: 0.5574 | Top5: 0.6941
  Train Batch [400/863] | Loss: 2.1672 | Top1: 0.5502 | Top5: 0.6875
  Train Batch [450/863] | Loss: 2.2034 | Top1: 0.5508 | Top5: 0.6955
  Train Batch [500/863] | Loss: 2.2131 | Top1: 0.5518 | Top5: 0.6966
  Train Batch [550/863] | Loss: 2.2104 | Top1: 0.5441 | Top5: 0.6900
  Train Batch [600/863] | Loss: 2.2006 | Top1: 0.5416 | Top5: 0.6852
  Train Batch [650/863] | Loss: 2.1948 | Top1: 0.5371 | Top5: 0.6800
  Train Batch [700/863] | Loss: 2.2058 | Top1: 0.5428 | Top5: 0.6865
  Train Batch [750/863] | Loss: 2.2122 | Top1: 0.5512 | Top5: 0.6955
  Train Batch [800/863] | Loss: 2.2082 | Top1: 0.5488 | Top5: 0.6919
  Train Batch [850/863] | Loss: 2.2126 | Top1: 0.5474 | Top5: 0.6908
  Train Batch [863/863] | Loss: 2.2120 | Top1: 0.5460 | Top5: 0.6895
  Train Epoch Time: 169.657s
  Val Batch [50/152] | Loss: 1.9886 | Top1: 0.7459 | Top5: 0.9125
  Val Batch [100/152] | Loss: 1.9836 | Top1: 0.7547 | Top5: 0.9125
  Val Batch [150/152] | Loss: 1.9856 | Top1: 0.7559 | Top5: 0.9107
  Val Batch [152/152] | Loss: 1.9870 | Top1: 0.7564 | Top5: 0.9105
  Val Epoch Time: 10.361s
Epoch [51/60] | Train Loss: 2.2120 | Train Top1: 0.5460 | Train Top5: 0.6895 | Val Loss: 1.9870 | Val Top1: 0.7564 | Val Top5: 0.9105 | LR: 8.22e-05 | Train Time: 169.657s | Val Time: 10.361s | Epoch Time: 180.018s

===== Epoch 52/60 (LR: 6.70e-05) =====
  Train Batch [50/863] | Loss: 2.1972 | Top1: 0.5334 | Top5: 0.6791
  Train Batch [100/863] | Loss: 2.2404 | Top1: 0.5553 | Top5: 0.7006
  Train Batch [150/863] | Loss: 2.2086 | Top1: 0.5407 | Top5: 0.6870
  Train Batch [200/863] | Loss: 2.2051 | Top1: 0.5486 | Top5: 0.6952
  Train Batch [250/863] | Loss: 2.2298 | Top1: 0.5436 | Top5: 0.6920
  Train Batch [300/863] | Loss: 2.2040 | Top1: 0.5361 | Top5: 0.6808
  Train Batch [350/863] | Loss: 2.2068 | Top1: 0.5407 | Top5: 0.6859
  Train Batch [400/863] | Loss: 2.1965 | Top1: 0.5518 | Top5: 0.6963
  Train Batch [450/863] | Loss: 2.1894 | Top1: 0.5459 | Top5: 0.6873
  Train Batch [500/863] | Loss: 2.2061 | Top1: 0.5556 | Top5: 0.6983
  Train Batch [550/863] | Loss: 2.2107 | Top1: 0.5477 | Top5: 0.6914
  Train Batch [600/863] | Loss: 2.2097 | Top1: 0.5421 | Top5: 0.6870
  Train Batch [650/863] | Loss: 2.2079 | Top1: 0.5456 | Top5: 0.6900
  Train Batch [700/863] | Loss: 2.2173 | Top1: 0.5409 | Top5: 0.6880
  Train Batch [750/863] | Loss: 2.2271 | Top1: 0.5418 | Top5: 0.6923
  Train Batch [800/863] | Loss: 2.2320 | Top1: 0.5458 | Top5: 0.6959
  Train Batch [850/863] | Loss: 2.2291 | Top1: 0.5444 | Top5: 0.6947
  Train Batch [863/863] | Loss: 2.2294 | Top1: 0.5448 | Top5: 0.6954
  Train Epoch Time: 169.714s
  Val Batch [50/152] | Loss: 1.9831 | Top1: 0.7494 | Top5: 0.9156
  Val Batch [100/152] | Loss: 1.9766 | Top1: 0.7592 | Top5: 0.9144
  Val Batch [150/152] | Loss: 1.9793 | Top1: 0.7604 | Top5: 0.9126
  Val Batch [152/152] | Loss: 1.9807 | Top1: 0.7607 | Top5: 0.9125
  Val Epoch Time: 10.351s
Epoch [52/60] | Train Loss: 2.2294 | Train Top1: 0.5448 | Train Top5: 0.6954 | Val Loss: 1.9807 | Val Top1: 0.7607 | Val Top5: 0.9125 | LR: 6.70e-05 | Train Time: 169.714s | Val Time: 10.351s | Epoch Time: 180.065s
Saved best checkpoint to: C:\Users\ljh20\MCS\CS273P\Model_California_Birds\outputs\output_20260308_104235\checkpoints\resnet50_best.pth

===== Epoch 53/60 (LR: 5.32e-05) =====
  Train Batch [50/863] | Loss: 2.2176 | Top1: 0.5066 | Top5: 0.6575
  Train Batch [100/863] | Loss: 2.2542 | Top1: 0.4900 | Top5: 0.6508
  Train Batch [150/863] | Loss: 2.2522 | Top1: 0.5283 | Top5: 0.6827
  Train Batch [200/863] | Loss: 2.2033 | Top1: 0.5467 | Top5: 0.6891
  Train Batch [250/863] | Loss: 2.1444 | Top1: 0.5593 | Top5: 0.6927
  Train Batch [300/863] | Loss: 2.1622 | Top1: 0.5589 | Top5: 0.6935
  Train Batch [350/863] | Loss: 2.1604 | Top1: 0.5631 | Top5: 0.6972
  Train Batch [400/863] | Loss: 2.1537 | Top1: 0.5659 | Top5: 0.6983
  Train Batch [450/863] | Loss: 2.1615 | Top1: 0.5674 | Top5: 0.7005
  Train Batch [500/863] | Loss: 2.1670 | Top1: 0.5668 | Top5: 0.7003
  Train Batch [550/863] | Loss: 2.1792 | Top1: 0.5675 | Top5: 0.7018
  Train Batch [600/863] | Loss: 2.1705 | Top1: 0.5591 | Top5: 0.6936
  Train Batch [650/863] | Loss: 2.1638 | Top1: 0.5570 | Top5: 0.6919
  Train Batch [700/863] | Loss: 2.1755 | Top1: 0.5536 | Top5: 0.6903
  Train Batch [750/863] | Loss: 2.1640 | Top1: 0.5496 | Top5: 0.6843
  Train Batch [800/863] | Loss: 2.1618 | Top1: 0.5497 | Top5: 0.6840
  Train Batch [850/863] | Loss: 2.1591 | Top1: 0.5487 | Top5: 0.6821
  Train Batch [863/863] | Loss: 2.1620 | Top1: 0.5488 | Top5: 0.6828
  Train Epoch Time: 169.730s
  Val Batch [50/152] | Loss: 1.9811 | Top1: 0.7494 | Top5: 0.9169
  Val Batch [100/152] | Loss: 1.9769 | Top1: 0.7595 | Top5: 0.9155
  Val Batch [150/152] | Loss: 1.9778 | Top1: 0.7609 | Top5: 0.9143
  Val Batch [152/152] | Loss: 1.9791 | Top1: 0.7611 | Top5: 0.9142
  Val Epoch Time: 10.402s
Epoch [53/60] | Train Loss: 2.1620 | Train Top1: 0.5488 | Train Top5: 0.6828 | Val Loss: 1.9791 | Val Top1: 0.7611 | Val Top5: 0.9142 | LR: 5.32e-05 | Train Time: 169.730s | Val Time: 10.402s | Epoch Time: 180.132s
Saved best checkpoint to: C:\Users\ljh20\MCS\CS273P\Model_California_Birds\outputs\output_20260308_104235\checkpoints\resnet50_best.pth

===== Epoch 54/60 (LR: 4.09e-05) =====
  Train Batch [50/863] | Loss: 2.2038 | Top1: 0.5869 | Top5: 0.7059
  Train Batch [100/863] | Loss: 2.2108 | Top1: 0.5528 | Top5: 0.6825
  Train Batch [150/863] | Loss: 2.1364 | Top1: 0.5686 | Top5: 0.6943
  Train Batch [200/863] | Loss: 2.1443 | Top1: 0.5330 | Top5: 0.6649
  Train Batch [250/863] | Loss: 2.1985 | Top1: 0.5079 | Top5: 0.6509
  Train Batch [300/863] | Loss: 2.1540 | Top1: 0.5006 | Top5: 0.6381
  Train Batch [350/863] | Loss: 2.1590 | Top1: 0.5193 | Top5: 0.6583
  Train Batch [400/863] | Loss: 2.1497 | Top1: 0.5280 | Top5: 0.6652
  Train Batch [450/863] | Loss: 2.1559 | Top1: 0.5383 | Top5: 0.6770
  Train Batch [500/863] | Loss: 2.1233 | Top1: 0.5432 | Top5: 0.6758
  Train Batch [550/863] | Loss: 2.1294 | Top1: 0.5409 | Top5: 0.6758
  Train Batch [600/863] | Loss: 2.1465 | Top1: 0.5466 | Top5: 0.6826
  Train Batch [650/863] | Loss: 2.1530 | Top1: 0.5468 | Top5: 0.6834
  Train Batch [700/863] | Loss: 2.1539 | Top1: 0.5486 | Top5: 0.6856
  Train Batch [750/863] | Loss: 2.1439 | Top1: 0.5486 | Top5: 0.6852
  Train Batch [800/863] | Loss: 2.1358 | Top1: 0.5564 | Top5: 0.6920
  Train Batch [850/863] | Loss: 2.1341 | Top1: 0.5568 | Top5: 0.6926
  Train Batch [863/863] | Loss: 2.1359 | Top1: 0.5573 | Top5: 0.6932
  Train Epoch Time: 169.799s
  Val Batch [50/152] | Loss: 1.9945 | Top1: 0.7522 | Top5: 0.9166
  Val Batch [100/152] | Loss: 1.9911 | Top1: 0.7611 | Top5: 0.9142
  Val Batch [150/152] | Loss: 1.9928 | Top1: 0.7625 | Top5: 0.9126
  Val Batch [152/152] | Loss: 1.9941 | Top1: 0.7627 | Top5: 0.9124
  Val Epoch Time: 10.382s
Epoch [54/60] | Train Loss: 2.1359 | Train Top1: 0.5573 | Train Top5: 0.6932 | Val Loss: 1.9941 | Val Top1: 0.7627 | Val Top5: 0.9124 | LR: 4.09e-05 | Train Time: 169.799s | Val Time: 10.382s | Epoch Time: 180.181s
Saved best checkpoint to: C:\Users\ljh20\MCS\CS273P\Model_California_Birds\outputs\output_20260308_104235\checkpoints\resnet50_best.pth

===== Epoch 55/60 (LR: 3.01e-05) =====
  Train Batch [50/863] | Loss: 2.0730 | Top1: 0.5606 | Top5: 0.6759
  Train Batch [100/863] | Loss: 2.1631 | Top1: 0.4975 | Top5: 0.6253
  Train Batch [150/863] | Loss: 2.1688 | Top1: 0.5405 | Top5: 0.6711
  Train Batch [200/863] | Loss: 2.1449 | Top1: 0.5808 | Top5: 0.7117
  Train Batch [250/863] | Loss: 2.2036 | Top1: 0.5599 | Top5: 0.7004
  Train Batch [300/863] | Loss: 2.2060 | Top1: 0.5563 | Top5: 0.6992
  Train Batch [350/863] | Loss: 2.2227 | Top1: 0.5501 | Top5: 0.6946
  Train Batch [400/863] | Loss: 2.2220 | Top1: 0.5423 | Top5: 0.6887
  Train Batch [450/863] | Loss: 2.2284 | Top1: 0.5457 | Top5: 0.6925
  Train Batch [500/863] | Loss: 2.2372 | Top1: 0.5448 | Top5: 0.6935
  Train Batch [550/863] | Loss: 2.2334 | Top1: 0.5483 | Top5: 0.6980
  Train Batch [600/863] | Loss: 2.2419 | Top1: 0.5505 | Top5: 0.7002
  Train Batch [650/863] | Loss: 2.2286 | Top1: 0.5466 | Top5: 0.6946
  Train Batch [700/863] | Loss: 2.2197 | Top1: 0.5438 | Top5: 0.6903
  Train Batch [750/863] | Loss: 2.2121 | Top1: 0.5481 | Top5: 0.6921
  Train Batch [800/863] | Loss: 2.2104 | Top1: 0.5510 | Top5: 0.6954
  Train Batch [850/863] | Loss: 2.2128 | Top1: 0.5541 | Top5: 0.6986
  Train Batch [863/863] | Loss: 2.2136 | Top1: 0.5539 | Top5: 0.6987
  Train Epoch Time: 169.751s
  Val Batch [50/152] | Loss: 1.9961 | Top1: 0.7512 | Top5: 0.9163
  Val Batch [100/152] | Loss: 1.9903 | Top1: 0.7605 | Top5: 0.9153
  Val Batch [150/152] | Loss: 1.9921 | Top1: 0.7619 | Top5: 0.9139
  Val Batch [152/152] | Loss: 1.9935 | Top1: 0.7620 | Top5: 0.9137
  Val Epoch Time: 10.421s
Epoch [55/60] | Train Loss: 2.2136 | Train Top1: 0.5539 | Train Top5: 0.6987 | Val Loss: 1.9935 | Val Top1: 0.7620 | Val Top5: 0.9137 | LR: 3.01e-05 | Train Time: 169.751s | Val Time: 10.421s | Epoch Time: 180.173s

===== Epoch 56/60 (LR: 2.10e-05) =====
  Train Batch [50/863] | Loss: 2.2018 | Top1: 0.6294 | Top5: 0.7622
  Train Batch [100/863] | Loss: 2.1424 | Top1: 0.6481 | Top5: 0.7806
  Train Batch [150/863] | Loss: 2.1315 | Top1: 0.6368 | Top5: 0.7683
  Train Batch [200/863] | Loss: 2.1374 | Top1: 0.6209 | Top5: 0.7545
  Train Batch [250/863] | Loss: 2.1774 | Top1: 0.5988 | Top5: 0.7454
  Train Batch [300/863] | Loss: 2.2078 | Top1: 0.5851 | Top5: 0.7367
  Train Batch [350/863] | Loss: 2.1815 | Top1: 0.5844 | Top5: 0.7322
  Train Batch [400/863] | Loss: 2.1905 | Top1: 0.5896 | Top5: 0.7390
  Train Batch [450/863] | Loss: 2.1972 | Top1: 0.5775 | Top5: 0.7260
  Train Batch [500/863] | Loss: 2.1934 | Top1: 0.5780 | Top5: 0.7242
  Train Batch [550/863] | Loss: 2.1978 | Top1: 0.5855 | Top5: 0.7313
  Train Batch [600/863] | Loss: 2.1958 | Top1: 0.5758 | Top5: 0.7211
  Train Batch [650/863] | Loss: 2.1880 | Top1: 0.5732 | Top5: 0.7168
  Train Batch [700/863] | Loss: 2.1916 | Top1: 0.5679 | Top5: 0.7121
  Train Batch [750/863] | Loss: 2.1823 | Top1: 0.5627 | Top5: 0.7056
  Train Batch [800/863] | Loss: 2.1876 | Top1: 0.5618 | Top5: 0.7044
  Train Batch [850/863] | Loss: 2.1863 | Top1: 0.5570 | Top5: 0.6988
  Train Batch [863/863] | Loss: 2.1896 | Top1: 0.5583 | Top5: 0.7000
  Train Epoch Time: 169.628s
  Val Batch [50/152] | Loss: 2.0255 | Top1: 0.7509 | Top5: 0.9141
  Val Batch [100/152] | Loss: 2.0201 | Top1: 0.7588 | Top5: 0.9136
  Val Batch [150/152] | Loss: 2.0207 | Top1: 0.7603 | Top5: 0.9131
  Val Batch [152/152] | Loss: 2.0221 | Top1: 0.7606 | Top5: 0.9131
  Val Epoch Time: 10.368s
Epoch [56/60] | Train Loss: 2.1896 | Train Top1: 0.5583 | Train Top5: 0.7000 | Val Loss: 2.0221 | Val Top1: 0.7606 | Val Top5: 0.9131 | LR: 2.10e-05 | Train Time: 169.628s | Val Time: 10.368s | Epoch Time: 179.995s

===== Epoch 57/60 (LR: 1.35e-05) =====
  Train Batch [50/863] | Loss: 2.1015 | Top1: 0.6200 | Top5: 0.7372
  Train Batch [100/863] | Loss: 2.1275 | Top1: 0.5739 | Top5: 0.6992
  Train Batch [150/863] | Loss: 2.1701 | Top1: 0.5604 | Top5: 0.6909
  Train Batch [200/863] | Loss: 2.1976 | Top1: 0.5573 | Top5: 0.6915
  Train Batch [250/863] | Loss: 2.2362 | Top1: 0.5473 | Top5: 0.6926
  Train Batch [300/863] | Loss: 2.2609 | Top1: 0.5541 | Top5: 0.7019
  Train Batch [350/863] | Loss: 2.2334 | Top1: 0.5637 | Top5: 0.7083
  Train Batch [400/863] | Loss: 2.2295 | Top1: 0.5570 | Top5: 0.7012
  Train Batch [450/863] | Loss: 2.2301 | Top1: 0.5509 | Top5: 0.6950
  Train Batch [500/863] | Loss: 2.2262 | Top1: 0.5512 | Top5: 0.6945
  Train Batch [550/863] | Loss: 2.2157 | Top1: 0.5537 | Top5: 0.6947
  Train Batch [600/863] | Loss: 2.2367 | Top1: 0.5561 | Top5: 0.7005
  Train Batch [650/863] | Loss: 2.2391 | Top1: 0.5604 | Top5: 0.7059
  Train Batch [700/863] | Loss: 2.2358 | Top1: 0.5606 | Top5: 0.7068
  Train Batch [750/863] | Loss: 2.2317 | Top1: 0.5586 | Top5: 0.7054
  Train Batch [800/863] | Loss: 2.2283 | Top1: 0.5563 | Top5: 0.7029
  Train Batch [850/863] | Loss: 2.2221 | Top1: 0.5533 | Top5: 0.6986
  Train Batch [863/863] | Loss: 2.2186 | Top1: 0.5537 | Top5: 0.6988
  Train Epoch Time: 169.763s
  Val Batch [50/152] | Loss: 1.9804 | Top1: 0.7516 | Top5: 0.9141
  Val Batch [100/152] | Loss: 1.9747 | Top1: 0.7614 | Top5: 0.9141
  Val Batch [150/152] | Loss: 1.9748 | Top1: 0.7630 | Top5: 0.9125
  Val Batch [152/152] | Loss: 1.9761 | Top1: 0.7631 | Top5: 0.9124
  Val Epoch Time: 10.377s
Epoch [57/60] | Train Loss: 2.2186 | Train Top1: 0.5537 | Train Top5: 0.6988 | Val Loss: 1.9761 | Val Top1: 0.7631 | Val Top5: 0.9124 | LR: 1.35e-05 | Train Time: 169.763s | Val Time: 10.377s | Epoch Time: 180.140s
Saved best checkpoint to: C:\Users\ljh20\MCS\CS273P\Model_California_Birds\outputs\output_20260308_104235\checkpoints\resnet50_best.pth

===== Epoch 58/60 (LR: 7.59e-06) =====
  Train Batch [50/863] | Loss: 2.4194 | Top1: 0.5162 | Top5: 0.6878
  Train Batch [100/863] | Loss: 2.2092 | Top1: 0.5244 | Top5: 0.6600
  Train Batch [150/863] | Loss: 2.1688 | Top1: 0.5225 | Top5: 0.6544
  Train Batch [200/863] | Loss: 2.1550 | Top1: 0.5310 | Top5: 0.6630
  Train Batch [250/863] | Loss: 2.1587 | Top1: 0.5362 | Top5: 0.6706
  Train Batch [300/863] | Loss: 2.1680 | Top1: 0.5276 | Top5: 0.6643
  Train Batch [350/863] | Loss: 2.1787 | Top1: 0.5376 | Top5: 0.6737
  Train Batch [400/863] | Loss: 2.1857 | Top1: 0.5322 | Top5: 0.6711
  Train Batch [450/863] | Loss: 2.1846 | Top1: 0.5372 | Top5: 0.6773
  Train Batch [500/863] | Loss: 2.1925 | Top1: 0.5393 | Top5: 0.6792
  Train Batch [550/863] | Loss: 2.1907 | Top1: 0.5439 | Top5: 0.6818
  Train Batch [600/863] | Loss: 2.1814 | Top1: 0.5459 | Top5: 0.6845
  Train Batch [650/863] | Loss: 2.1713 | Top1: 0.5406 | Top5: 0.6787
  Train Batch [700/863] | Loss: 2.1653 | Top1: 0.5399 | Top5: 0.6782
  Train Batch [750/863] | Loss: 2.1739 | Top1: 0.5442 | Top5: 0.6845
  Train Batch [800/863] | Loss: 2.1663 | Top1: 0.5394 | Top5: 0.6787
  Train Batch [850/863] | Loss: 2.1678 | Top1: 0.5384 | Top5: 0.6773
  Train Batch [863/863] | Loss: 2.1635 | Top1: 0.5397 | Top5: 0.6784
  Train Epoch Time: 169.577s
  Val Batch [50/152] | Loss: 1.9524 | Top1: 0.7503 | Top5: 0.9178
  Val Batch [100/152] | Loss: 1.9484 | Top1: 0.7619 | Top5: 0.9155
  Val Batch [150/152] | Loss: 1.9489 | Top1: 0.7629 | Top5: 0.9134
  Val Batch [152/152] | Loss: 1.9501 | Top1: 0.7630 | Top5: 0.9134
  Val Epoch Time: 10.429s
Epoch [58/60] | Train Loss: 2.1635 | Train Top1: 0.5397 | Train Top5: 0.6784 | Val Loss: 1.9501 | Val Top1: 0.7630 | Val Top5: 0.9134 | LR: 7.59e-06 | Train Time: 169.577s | Val Time: 10.429s | Epoch Time: 180.007s

===== Epoch 59/60 (LR: 3.38e-06) =====
  Train Batch [50/863] | Loss: 2.2366 | Top1: 0.5406 | Top5: 0.7022
  Train Batch [100/863] | Loss: 2.2633 | Top1: 0.5566 | Top5: 0.7139
  Train Batch [150/863] | Loss: 2.2376 | Top1: 0.5399 | Top5: 0.6971
  Train Batch [200/863] | Loss: 2.1864 | Top1: 0.5678 | Top5: 0.7146
  Train Batch [250/863] | Loss: 2.1865 | Top1: 0.5643 | Top5: 0.7081
  Train Batch [300/863] | Loss: 2.1836 | Top1: 0.5712 | Top5: 0.7146
  Train Batch [350/863] | Loss: 2.1723 | Top1: 0.5740 | Top5: 0.7159
  Train Batch [400/863] | Loss: 2.1587 | Top1: 0.5676 | Top5: 0.7089
  Train Batch [450/863] | Loss: 2.1743 | Top1: 0.5645 | Top5: 0.7101
  Train Batch [500/863] | Loss: 2.1758 | Top1: 0.5687 | Top5: 0.7153
  Train Batch [550/863] | Loss: 2.1716 | Top1: 0.5679 | Top5: 0.7137
  Train Batch [600/863] | Loss: 2.1735 | Top1: 0.5713 | Top5: 0.7180
  Train Batch [650/863] | Loss: 2.1845 | Top1: 0.5718 | Top5: 0.7213
  Train Batch [700/863] | Loss: 2.1850 | Top1: 0.5706 | Top5: 0.7201
  Train Batch [750/863] | Loss: 2.1820 | Top1: 0.5778 | Top5: 0.7242
  Train Batch [800/863] | Loss: 2.1728 | Top1: 0.5758 | Top5: 0.7199
  Train Batch [850/863] | Loss: 2.1605 | Top1: 0.5754 | Top5: 0.7176
  Train Batch [863/863] | Loss: 2.1592 | Top1: 0.5768 | Top5: 0.7186
  Train Epoch Time: 169.702s
  Val Batch [50/152] | Loss: 2.0065 | Top1: 0.7522 | Top5: 0.9141
  Val Batch [100/152] | Loss: 2.0019 | Top1: 0.7614 | Top5: 0.9123
  Val Batch [150/152] | Loss: 2.0020 | Top1: 0.7628 | Top5: 0.9111
  Val Batch [152/152] | Loss: 2.0033 | Top1: 0.7630 | Top5: 0.9110
  Val Epoch Time: 10.379s
Epoch [59/60] | Train Loss: 2.1592 | Train Top1: 0.5768 | Train Top5: 0.7186 | Val Loss: 2.0033 | Val Top1: 0.7630 | Val Top5: 0.9110 | LR: 3.38e-06 | Train Time: 169.702s | Val Time: 10.379s | Epoch Time: 180.081s

===== Epoch 60/60 (LR: 8.48e-07) =====
  Train Batch [50/863] | Loss: 2.2236 | Top1: 0.5228 | Top5: 0.6784
  Train Batch [100/863] | Loss: 2.2444 | Top1: 0.5395 | Top5: 0.7009
  Train Batch [150/863] | Loss: 2.2341 | Top1: 0.5149 | Top5: 0.6767
  Train Batch [200/863] | Loss: 2.2205 | Top1: 0.5270 | Top5: 0.6863
  Train Batch [250/863] | Loss: 2.2319 | Top1: 0.5228 | Top5: 0.6844
  Train Batch [300/863] | Loss: 2.2214 | Top1: 0.5244 | Top5: 0.6866
  Train Batch [350/863] | Loss: 2.2242 | Top1: 0.5312 | Top5: 0.6929
  Train Batch [400/863] | Loss: 2.2384 | Top1: 0.5379 | Top5: 0.7000
  Train Batch [450/863] | Loss: 2.2320 | Top1: 0.5326 | Top5: 0.6918
  Train Batch [500/863] | Loss: 2.2365 | Top1: 0.5300 | Top5: 0.6912
  Train Batch [550/863] | Loss: 2.2321 | Top1: 0.5263 | Top5: 0.6873
  Train Batch [600/863] | Loss: 2.2144 | Top1: 0.5249 | Top5: 0.6829
  Train Batch [650/863] | Loss: 2.2171 | Top1: 0.5321 | Top5: 0.6892
  Train Batch [700/863] | Loss: 2.2240 | Top1: 0.5363 | Top5: 0.6924
  Train Batch [750/863] | Loss: 2.2174 | Top1: 0.5375 | Top5: 0.6926
  Train Batch [800/863] | Loss: 2.2189 | Top1: 0.5445 | Top5: 0.6985
  Train Batch [850/863] | Loss: 2.2219 | Top1: 0.5453 | Top5: 0.6997
  Train Batch [863/863] | Loss: 2.2182 | Top1: 0.5413 | Top5: 0.6950
  Train Epoch Time: 169.743s
  Val Batch [50/152] | Loss: 1.9952 | Top1: 0.7525 | Top5: 0.9172
  Val Batch [100/152] | Loss: 1.9903 | Top1: 0.7633 | Top5: 0.9145
  Val Batch [150/152] | Loss: 1.9906 | Top1: 0.7643 | Top5: 0.9136
  Val Batch [152/152] | Loss: 1.9919 | Top1: 0.7645 | Top5: 0.9135
  Val Epoch Time: 10.376s
Epoch [60/60] | Train Loss: 2.2182 | Train Top1: 0.5413 | Train Top5: 0.6950 | Val Loss: 1.9919 | Val Top1: 0.7645 | Val Top5: 0.9135 | LR: 8.48e-07 | Train Time: 169.743s | Val Time: 10.376s | Epoch Time: 180.119s
Saved best checkpoint to: C:\Users\ljh20\MCS\CS273P\Model_California_Birds\outputs\output_20260308_104235\checkpoints\resnet50_best.pth
Saved last checkpoint to: C:\Users\ljh20\MCS\CS273P\Model_California_Birds\outputs\output_20260308_104235\checkpoints\resnet50_last.pth

Best Epoch: 60 | Best Val Top1: 0.7645 | Best Val Top5: 0.9135
Total Train Time: 10347.064s | Total Val Time: 639.508s | Total Runtime: 10990.238s

Experiment result appended to: C:\Users\ljh20\MCS\CS273P\Model_California_Birds\outputs\output_20260308_104235\logs\experiment_results.csv
Archived outputs to: C:\Users\ljh20\MCS\CS273P\Model_California_Birds\output_20260308_134547_c0c12298
